Age,AnnualIncome,CreditScore,EmploymentStatus,EducationLevel,LoanAmount,LoanDuration,MonthlyDebtPayments,CreditCardUtilizationRate,DebtToIncomeRatio,BankruptcyHistory,LoanPurpose,PreviousLoanDefaults,PaymentHistory,LengthOfCreditHistory,SavingsAccountBalance,CheckingAccountBalance,TotalLiabilities,JobTenure,NetWorth,LoanToIncomeRatio,SavingsToLoanRatio
48,70260,605,0,3,114795,60,1789,0.136,0.306,1,3,0,3,12,55008,10358,131411,18,174139,1.6338366946100966,0.4791804592494512
69,70611,630,0,0,149212,120,1781,0.456,0.303,0,0,0,1,48,31023,1371,231890,24,98309,2.1131252478332296,0.207910838867927
19,87095,719,2,4,44894,12,3857,0.226,0.531,0,3,0,25,0,72675,21076,81550,0,212929,0.5154542114448425,1.6187771466755765
29,24139,499,0,3,19253,12,599,0.309,0.298,0,3,0,13,4,21676,430,30390,8,71966,0.7975559237779619,1.1257920432118
59,89464,583,0,0,137038,120,2670,0.38,0.358,0,0,0,4,24,7283,9666,72954,16,273561,1.5317498463086123,0.0531454549434832
49,16749,702,0,3,25773,84,683,0.25,0.489,0,1,0,3,20,7526,4139,48009,21,4435,1.5386865671641792,0.2919996896096842
44,44752,619,0,3,34505,72,780,0.397,0.209,0,1,0,30,12,38191,3777,40534,4,98791,0.7710097647085111,1.106793021503507
71,55823,710,2,3,97265,84,2525,0.544,0.543,0,1,0,4,39,40278,2361,150423,0,152706,1.7423509601605045,0.4141015359940781
68,30702,691,1,2,15018,24,337,0.224,0.132,0,1,0,6,39,22809,3068,17873,21,49434,0.4891378692635899,1.5186763432984889
73,45538,748,2,4,60593,60,1537,0.4,0.405,0,0,0,29,40,866,8563,29554,8,198354,1.3305737938909503,0.0142918440769713
30,65252,686,0,1,43044,24,794,0.305,0.146,0,3,0,17,4,47891,5755,20259,12,226527,0.6596478322835732,1.1125798582878383
23,59605,596,0,4,34905,36,2289,0.682,0.461,0,1,0,37,3,49745,11492,26603,0,283543,0.585595409858068,1.4251131610611356
36,53766,509,0,3,45389,48,820,0.159,0.183,0,1,0,15,16,37586,11528,72699,0,115750,0.844179515316086,0.8280678563560255
26,60977,529,0,2,70311,36,553,0.452,0.109,0,0,0,21,6,19752,10777,138654,7,69255,1.1530552002361507,0.2809193309819092
44,24219,447,0,3,42017,84,275,0.19,0.136,0,1,0,12,19,8201,5104,27216,5,41846,1.7348059454995872,0.195178256937503
59,23260,485,0,3,50013,12,501,0.343,0.258,0,0,0,47,25,4161,6541,72975,11,34973,2.150079532264305,0.0831967049226216
44,26894,578,0,3,58743,12,849,0.307,0.379,0,3,0,46,20,17579,3934,59601,10,81665,2.184160624651422,0.2992475827318535
68,74298,616,1,4,13226,24,1984,0.099,0.32,0,2,0,38,37,64505,21537,12276,12,427580,0.1780104712041884,4.87676721856808
37,20781,529,0,3,42045,24,612,0.109,0.353,0,0,1,20,13,8602,5069,32475,15,59701,2.023145029352324,0.2045854540265423
53,23337,648,2,1,22600,72,955,0.033,0.491,0,1,0,20,16,2916,1015,19681,9,20798,0.9683777530208244,0.1290208397858502
27,19858,673,0,0,21365,12,576,0.662,0.348,1,0,0,3,4,7334,2984,13044,5,20140,1.0758346341709049,0.3432556398015539
61,19732,747,0,0,30549,48,462,0.285,0.281,0,2,0,14,40,10630,2295,50533,16,43271,1.5481173668474129,0.3479541734860883
25,64049,699,0,4,44871,24,2752,0.283,0.516,1,2,0,27,4,9423,11264,64322,2,61480,0.7005620608899298,0.2099973257265109
44,59006,736,0,0,41641,12,1005,0.352,0.204,0,1,0,11,16,4419,10763,23842,13,59899,0.7056959343806667,0.1061188223428269
58,77144,695,0,3,58922,36,1629,0.266,0.253,0,3,0,34,32,12341,18889,59443,6,225184,0.7637824875234948,0.2094428321707991
42,40867,496,0,1,52418,24,403,0.046,0.118,0,1,0,25,20,35173,930,20602,18,51339,1.2826172066164236,0.6709971575192202
18,31031,672,0,0,23291,84,976,0.082,0.377,0,1,0,24,0,19856,3310,21531,0,127477,0.7505478216035061,0.8524815387257427
50,46417,544,0,3,47367,36,865,0.06,0.224,0,1,0,13,27,5925,1991,54801,14,113269,1.0204446550906976,0.1250844451950684
22,17301,566,0,0,7777,84,457,0.415,0.317,0,1,0,8,1,3738,713,10730,0,12999,0.4494856086001618,0.4805862689637439
60,32324,595,0,2,56071,12,303,0.165,0.112,0,0,0,13,35,22522,4244,99989,4,59284,1.7346017014694508,0.4016621486660008
36,80774,676,0,2,66087,36,1115,0.092,0.166,0,3,0,11,12,4298,2368,73165,7,186360,0.8181615598885794,0.0650344994552717
56,46437,588,1,1,71941,24,1170,0.177,0.302,0,3,0,26,13,38049,13617,73351,9,169666,1.5491838580472888,0.5288843790831503
24,119286,626,0,0,113339,72,2890,0.113,0.291,0,3,0,4,5,57192,29467,180672,2,249370,0.9501370643909228,0.5046056114346215
18,66477,822,0,3,68133,72,1302,0.508,0.235,0,0,0,30,0,59160,16561,42202,0,349657,1.0248954541352029,0.8682889599906067
21,51977,644,0,4,19460,120,1423,0.228,0.329,0,3,0,4,0,17866,11438,11753,3,186208,0.3743891646465812,0.918041210626381
21,43718,776,2,4,37060,84,1046,0.328,0.287,0,2,1,35,2,6620,8621,28704,3,29968,0.8476863606212401,0.178624429993794
55,55236,587,0,3,21766,60,1570,0.641,0.341,0,0,1,16,28,35146,2075,42839,8,163163,0.3940474681825588,1.6146460237974916
31,78437,540,0,1,123805,72,1455,0.278,0.223,0,0,0,41,5,27994,13489,217718,11,126776,1.5783803768581557,0.2261118201056491
62,69734,817,0,1,55079,72,856,0.303,0.147,0,0,1,7,33,46365,20051,87412,11,214759,0.7898329389832939,0.8417755991285403
37,46879,592,1,4,27016,120,1158,0.404,0.296,0,4,0,7,18,31759,10373,23654,0,83534,0.5762798634812286,1.175519117592627
42,64311,682,1,3,23260,72,2029,0.192,0.379,0,2,0,12,8,41445,3205,44783,1,294164,0.3616743376041796,1.7817376724990328
35,63275,847,0,3,92203,36,2776,0.247,0.526,0,3,0,47,11,6674,4047,141888,0,17362,1.4571559517036474,0.0723829768773589
50,57889,695,0,3,108328,36,2034,0.073,0.422,0,0,0,3,30,32622,56,53973,20,169068,1.871273104163068,0.3011381993741288
42,77669,619,0,0,36462,12,1380,0.131,0.213,0,3,0,11,9,9183,10464,54571,11,228970,0.469447663190421,0.2518443353536461
39,40602,734,2,1,18604,72,1399,0.09,0.413,0,0,1,31,12,34556,1543,15524,16,55820,0.4581927443784942,1.8573501746842247
72,31678,755,2,3,39217,120,393,0.34,0.149,1,1,0,37,50,865,3999,53262,24,-16885,1.2379494302219136,0.0220561986842776
53,40863,699,0,4,21856,36,1866,0.112,0.548,0,3,0,26,17,19201,8591,35823,14,119269,0.5348472983555208,0.8784828659010844
30,37468,744,1,1,49365,120,996,0.135,0.319,0,1,0,35,6,33169,10116,91847,5,51653,1.31748912434279,0.671899688044403
72,70571,789,0,0,39808,84,1756,0.31,0.299,0,1,0,11,49,50419,9355,39639,22,179015,0.5640764042396418,1.266522645632897
29,155423,592,0,2,197312,12,2565,0.19,0.198,0,3,1,25,7,29427,35333,305026,6,-138,1.2695079267037266,0.1491386781408219
45,25014,587,2,3,43038,12,203,0.327,0.097,0,0,0,47,15,13945,6069,61517,22,19870,1.7204877073755749,0.3240084574455726
20,89893,729,0,4,173144,60,2030,0.17,0.271,0,0,1,13,1,72003,14291,242991,0,123716,1.9260907290809173,0.4158537641860868
61,53806,722,1,1,39181,12,312,0.531,0.07,0,2,0,11,23,48012,11714,30739,8,218702,0.7281766312933261,1.2253585830228166
27,38275,697,1,3,43995,48,1013,0.302,0.318,0,4,1,1,3,6216,10607,50436,6,-1753,1.1494147768836869,0.1412855714155832
26,66029,634,0,3,24475,36,1745,0.524,0.317,0,0,1,48,7,8767,3343,46669,7,213551,0.3706648493109192,0.3581876123549599
34,21657,589,0,1,20948,24,781,0.679,0.433,0,3,0,23,12,10141,2740,20490,12,74771,0.9672176562932866,0.4840803856986013
56,50952,722,0,1,60973,12,615,0.597,0.145,0,4,0,24,26,10927,11289,120168,10,-38193,1.196651816379801,0.1792075310788204
28,75708,638,0,1,128425,24,2223,0.106,0.352,0,3,0,32,8,35955,18700,202508,7,82470,1.69629766606348,0.2799666734150405
44,50788,528,0,4,35709,60,1061,0.341,0.251,0,0,0,41,12,20329,11145,31621,8,233664,0.7030853137490402,0.5692803136376365
56,72561,753,0,0,11662,12,1896,0.37,0.314,0,3,0,8,20,16596,12162,13318,13,358221,0.160717731043797,1.4229615021864015
53,25244,600,0,0,32033,120,1036,0.48,0.492,0,4,0,30,19,7582,1173,44225,9,71290,1.268884927708457,0.2366860211025785
58,60670,751,0,4,65705,24,2391,0.052,0.473,0,1,0,24,35,49732,10070,22284,1,103081,1.0829720953997792,0.7568867378930387
33,40967,638,0,3,51630,120,316,0.187,0.093,0,3,0,7,13,19504,6902,52332,11,34724,1.2602519039250146,0.3777575487594662
55,32057,568,0,3,19868,48,1253,0.211,0.469,0,3,0,2,29,12540,6239,36091,9,73475,0.6197517000436709,0.6311339272233127
69,95187,652,1,4,79813,72,2057,0.486,0.259,0,3,0,43,46,47014,7490,32093,1,212137,0.8384775391856116,0.5890445285288295
22,41715,668,1,1,22871,12,1795,0.607,0.516,0,1,0,8,3,28980,12256,17287,0,76094,0.5482548662383737,1.2670514165792237
42,48933,667,2,3,9899,12,339,0.233,0.083,0,1,0,34,12,17964,6469,18238,10,200175,0.2022928842931295,1.8145454545454545
39,45684,744,1,0,97426,24,1120,0.222,0.294,0,2,0,7,14,21594,3764,159492,11,-94565,2.1325599211995185,0.2216428710727006
54,147650,526,0,2,228474,60,3314,0.167,0.269,0,0,0,15,18,94471,11009,259875,9,563046,1.5473921612450985,0.4134850640113798
73,60142,566,0,1,69875,60,2032,0.079,0.405,0,3,0,16,53,14745,8361,115425,10,117121,1.161814342483747,0.2110166580800274
66,69516,611,0,1,87786,12,2883,0.091,0.498,0,4,0,17,43,20777,6305,93382,2,-5018,1.2627990275759886,0.2366751341314773
45,42043,641,0,2,4491,12,938,0.491,0.268,0,0,0,25,17,3481,9364,3782,15,44248,0.1068166682523071,0.77493321460374
55,105458,545,0,4,159519,84,4118,0.486,0.469,0,2,0,7,11,58228,9982,129764,12,42419,1.5126162774158678,0.3650200601805416
46,76079,606,2,0,155535,12,2711,0.117,0.428,0,0,0,21,25,67917,12732,61282,8,128610,2.0443611987381702,0.4366641806398518
48,97814,533,0,4,29826,12,3670,0.232,0.45,0,0,0,48,10,61929,24517,55637,6,354564,0.3049225578898942,2.07627317531096
70,53171,850,1,2,67885,60,1596,0.183,0.36,0,3,0,21,35,11633,15511,43592,9,182524,1.276705784999624,0.1713608107709984
26,53705,546,1,3,14346,84,973,0.402,0.217,0,4,0,31,3,21494,10493,8651,8,250750,0.2671209920679254,1.4981529239562277
52,88375,664,0,2,31120,24,727,0.227,0.099,0,0,0,33,13,22361,19024,44341,16,74348,0.3521318004888205,0.7185180424793548
66,127611,684,0,2,164047,120,4057,0.259,0.382,0,2,0,43,28,54756,33912,184101,10,237095,1.2855139015139645,0.333780356968692
64,70405,714,1,0,120619,84,3182,0.261,0.542,0,1,0,10,14,17697,18618,92500,5,238534,1.7131920574950998,0.1467169623611341
19,67672,543,0,1,141527,60,1819,0.258,0.323,0,0,0,18,0,1195,3376,210820,0,1359,2.0913362788704504,0.0084435588717426
65,53136,658,0,3,41825,84,890,0.335,0.201,0,4,0,9,40,35299,9867,72606,6,157334,0.7871163219602161,0.8439487400181706
47,53311,817,0,1,75698,72,1219,0.344,0.274,0,0,0,9,14,22348,15396,109293,1,189189,1.419905462184874,0.2952218655464405
63,104014,803,1,0,134574,48,1034,0.459,0.119,0,1,0,45,16,73357,6696,123394,12,34993,1.2937941643032256,0.545101244659112
58,15395,565,1,4,12433,36,551,0.128,0.429,0,3,0,12,17,5362,3912,6679,0,31430,0.8075474149129644,0.4312369309956571
29,149971,831,0,1,186106,72,670,0.353,0.054,0,2,0,6,4,89336,30064,100313,7,535378,1.2409383084842505,0.4800249318940179
32,37154,576,2,1,58671,24,1069,0.473,0.345,0,1,0,8,12,28569,5584,22719,6,111079,1.5790876059749697,0.4869273247886556
69,24886,600,0,4,38354,72,801,0.236,0.386,0,1,0,2,43,6069,3688,55110,19,44506,1.541125889018363,0.1582323034806413
40,41961,543,0,1,37523,72,1534,0.253,0.439,0,3,1,48,11,22449,6504,73662,6,31512,0.8942138124970211,0.5982571154461145
38,50386,510,1,1,98408,72,1105,0.188,0.263,0,3,0,30,15,44665,12615,176973,10,64789,1.9530434437454105,0.4538710890264102
31,25475,585,0,3,23701,84,691,0.279,0.325,0,3,0,42,7,2526,4029,42587,13,11779,0.930326581880986,0.1065732849548561
43,65488,681,0,0,89963,120,988,0.169,0.181,0,2,0,29,15,45714,7121,175930,20,15185,1.3737116156911848,0.5081365879685208
65,82940,582,2,0,57998,24,2341,0.135,0.339,0,4,0,41,18,65351,19586,46732,16,302886,0.6992681544712507,1.126760806220797
67,92389,690,1,2,108226,36,399,0.251,0.052,0,1,0,10,28,50997,24824,210234,3,-5368,1.1714038315835047,0.4712040433533221
24,54072,608,0,1,31227,72,349,0.096,0.077,0,3,0,12,2,16273,11663,46841,3,170433,0.5774970872709115,0.5211028564109133
42,31490,634,1,2,25123,120,1063,0.093,0.405,0,0,0,17,20,19947,8366,39185,24,43244,0.7977834936966117,0.7939420474446744
33,95913,588,0,3,73670,36,2710,0.02,0.339,0,0,0,25,14,82569,28616,30726,10,529202,0.7680839085013658,1.1207802255975894
61,71128,633,1,4,109983,84,1291,0.669,0.218,0,2,0,26,16,29307,5829,215682,14,78517,1.546246959749188,0.2664660314227524
31,25014,675,0,0,32014,24,281,0.16,0.135,0,3,0,47,6,14868,3728,37898,13,59722,1.279792124725165,0.4644073090738716
58,54617,547,0,0,73770,36,433,0.11,0.095,0,4,0,40,38,44876,14337,41904,1,212618,1.3506536306712074,0.6083149204972144
42,88709,574,0,4,34468,120,1756,0.121,0.238,0,3,0,16,21,71769,2155,37284,11,330696,0.3885469507383609,2.08213177057646
52,54453,668,2,4,13005,12,2075,0.412,0.457,0,1,0,16,30,19991,15033,20574,4,175621,0.2388254306387042,1.5370598185452868
45,29295,679,1,1,24014,36,436,0.218,0.179,0,3,1,36,13,5573,6470,33833,6,5098,0.8197023484434736,0.2320632937747241
27,53898,601,0,4,41059,84,2329,0.205,0.519,0,1,0,17,7,5667,2421,47642,4,212763,0.7617766563387076,0.1380175353141743
35,85070,643,1,1,161776,120,1066,0.025,0.15,0,1,0,18,9,47327,9536,183929,13,62819,1.901658614569007,0.2925446756955562
72,51388,497,0,1,96579,120,941,0.635,0.22,0,2,0,36,26,11265,6408,56758,18,124217,1.8793710716301155,0.1166390557051149
25,33458,668,0,0,4842,60,943,0.108,0.338,0,3,1,1,3,25638,3380,8853,2,185469,0.144714426611674,5.293826140821805
56,48651,699,0,1,103277,12,1754,0.524,0.433,0,0,0,40,21,1143,3249,89350,15,129799,2.1227698758529967,0.0110672166385871
30,85722,688,0,3,142228,36,3413,0.22,0.478,0,0,0,46,10,40078,5837,169093,7,-74891,1.6591579856047969,0.2817850086831799
41,53222,624,0,1,78196,72,735,0.084,0.166,0,2,0,26,19,35523,15056,126268,18,60056,1.4692144373673035,0.4542757394784966
59,41318,508,0,4,19414,84,1131,0.32,0.328,0,0,0,24,30,20382,6490,19050,22,61999,0.4698564824898957,1.0498068503734226
37,118640,613,0,1,42947,48,5273,0.617,0.533,0,3,0,6,14,1506,16111,75963,15,480333,0.3619912172014733,0.0350656607991059
24,218345,850,0,1,213982,36,4484,0.2,0.246,0,3,0,42,3,105626,11906,143994,6,775860,0.9800133732699478,0.4936186519489866
44,102619,730,0,1,194925,72,513,0.411,0.06,0,2,0,9,10,88632,1696,282893,0,-96290,1.899483531475346,0.4546956280845038
50,46389,648,2,1,61365,72,1095,0.621,0.283,1,2,0,31,14,10406,12979,83477,1,146344,1.3228066393619315,0.1695727275690121
28,88709,625,2,1,165017,60,2950,0.146,0.399,0,1,0,31,9,28993,3032,219584,2,203166,1.8601848720550107,0.1756959846804591
74,30787,701,0,0,65137,120,137,0.176,0.053,0,2,0,35,26,27091,5409,87756,7,-5974,2.11566194621281,0.4159016242439129
34,79887,620,0,1,85544,24,3615,0.398,0.543,0,3,0,22,5,9021,22261,83767,12,157819,1.0707991187662729,0.1054532702086621
71,106257,769,0,1,24303,12,3781,0.075,0.427,0,3,0,19,38,53604,17624,39036,0,493889,0.2287168966101375,2.205562870309414
64,36767,621,0,1,44961,12,1149,0.67,0.375,0,2,0,25,45,21281,8955,56568,1,71496,1.222829634464752,0.4733107957831057
32,36125,711,0,4,8402,60,466,0.238,0.155,0,4,0,7,6,27302,755,11811,6,158513,0.2325748768200188,3.2490777103415445
45,64882,588,2,0,142458,72,1256,0.293,0.232,0,2,1,10,23,32871,6251,221947,20,93881,2.1956136430189725,0.2307400725822868
48,61806,687,0,1,88238,12,475,0.45,0.092,0,4,0,17,23,34348,6278,99792,3,229437,1.4276376462213018,0.3892609843719897
45,80659,694,0,1,138111,48,754,0.12,0.112,0,1,0,17,24,11860,20585,248064,0,162405,1.71226134391272,0.0858723354958294
44,50251,685,2,4,32161,120,1547,0.435,0.369,0,2,1,17,22,39999,2122,12417,21,82836,0.6399944280824644,1.2436726571730614
33,42725,487,2,3,42088,36,1281,0.168,0.36,0,3,0,45,10,33273,11778,70126,3,9909,0.98506764031269,0.790539095725724
50,94906,706,1,3,149126,12,2956,0.221,0.374,1,3,0,43,23,44183,3896,219390,14,148065,1.5712855742990506,0.2962776693690612
35,64062,661,0,1,140072,48,1313,0.298,0.246,0,1,1,21,12,47684,1730,227983,15,-53684,2.1864726909448517,0.3404224939852791
74,37574,582,0,0,23552,48,176,0.218,0.056,0,0,0,22,39,12450,8782,17560,19,113343,0.6267997338656022,0.5285950834288625
74,37764,806,1,1,56057,12,263,0.243,0.084,0,1,0,41,17,26426,4994,46177,6,168972,1.484363828942142,0.4714046166470441
40,44201,465,0,1,33074,36,799,0.38,0.217,0,0,0,1,7,16915,4063,62254,3,34807,0.7482466856703317,0.5114134542705971
74,37462,735,0,1,73582,12,769,0.564,0.246,0,3,0,40,34,28543,10875,119473,20,49624,1.964124602941569,0.3879020969517415
26,40326,532,0,0,24072,12,412,0.544,0.123,0,0,0,38,4,28182,11218,17783,2,107990,0.5969201775485407,1.170689153823786
36,99771,803,0,1,104132,24,1572,0.018,0.189,0,2,0,25,12,2493,9246,60540,16,393206,1.0436996351681835,0.0239405375817464
53,56622,635,0,3,36958,24,2194,0.365,0.465,0,0,0,43,31,24234,14366,67423,4,135333,0.6527029652261449,0.6556995589707514
73,64182,613,2,3,83409,36,2236,0.488,0.418,0,3,0,4,38,42773,15095,119440,10,120730,1.2995497250050636,0.5128042201174919
58,51753,766,0,4,51636,36,1261,0.062,0.292,1,4,0,13,14,34429,1666,75621,0,127431,0.9977199829964832,0.6667505858202452
63,53505,628,0,1,72859,72,1960,0.411,0.44,0,3,0,38,37,27922,8248,26805,4,260649,1.3616977535229693,0.3832281087016195
62,86518,723,0,2,25158,72,1452,0.361,0.201,0,0,0,0,40,14058,5647,44778,4,164494,0.2907800598712421,0.5587662466711714
46,96666,811,2,0,206038,24,2788,0.289,0.346,0,3,0,41,25,26574,10422,187480,12,223400,2.1314202364819432,0.1289755822926727
60,52093,611,2,1,17670,12,798,0.117,0.184,0,1,1,3,40,31995,5023,19675,20,237901,0.3391945329596498,1.810593627978043
36,30646,837,0,3,65520,84,659,0.261,0.258,0,1,0,31,7,5800,8647,101416,14,-69230,2.137892779064835,0.0885212374658506
73,122055,670,0,1,142940,36,2354,0.612,0.231,0,1,0,28,47,9919,22158,239004,16,206501,1.1711017893425968,0.0693922667394239
49,114015,518,0,3,46869,48,2719,0.178,0.286,0,1,0,17,16,7008,25864,41132,21,241632,0.4110738843671063,0.1495199487945381
55,54239,497,0,1,53311,60,613,0.158,0.136,0,1,0,24,16,9615,12909,53437,7,15541,0.982872418879056,0.1803533913565426
26,103138,787,0,1,136132,36,4095,0.32,0.476,0,3,1,36,5,20912,28850,81776,4,65305,1.3198886938985253,0.1536144799571007
19,56311,658,1,4,115071,84,2009,0.167,0.428,0,2,0,17,0,23191,2330,121890,1,145667,2.043454325898565,0.201534691323693
18,52223,548,2,4,60194,48,1184,0.324,0.272,0,2,0,14,0,46115,9017,43102,0,71775,1.152611825980392,0.7660935293629039
24,271847,689,0,3,189256,72,11393,0.498,0.503,0,1,0,37,4,244573,21992,101918,1,952946,0.6961831611783055,1.292279809993818
66,38943,611,1,1,71413,12,948,0.071,0.292,0,3,0,4,25,7152,1648,96447,21,95111,1.8337356203779789,0.100148430279777
73,74266,684,1,4,34983,48,2500,0.285,0.404,0,3,1,33,16,45521,9831,43640,3,85798,0.4710436667698978,1.301194831923165
71,114721,618,0,0,233886,60,3112,0.263,0.326,0,3,0,22,19,7361,28886,412744,11,-216705,2.0387196875926152,0.03147246319804
49,37107,671,0,1,80316,48,1289,0.604,0.417,0,0,0,23,24,18349,4108,52211,1,77591,2.164385038266681,0.2284572381936576
31,79798,778,2,3,20921,48,1147,0.433,0.172,1,3,0,3,4,7411,11415,32340,12,173922,0.2621712051529468,0.3542204378166523
67,108162,648,0,0,72621,12,3151,0.379,0.35,0,1,0,4,41,82797,17948,82798,23,183965,0.6714033449516008,1.1401090578612545
64,81806,672,0,4,62656,84,1378,0.207,0.202,0,0,0,8,32,29068,22585,112554,21,151175,0.7659002285867957,0.4639226263625772
61,42028,694,0,3,19298,12,1169,0.464,0.334,0,1,0,19,34,11860,8456,28314,3,44818,0.4591591520140855,0.6145396134514741
65,33995,579,0,3,41839,60,959,0.679,0.339,0,3,0,40,45,12919,3392,72879,0,-19195,1.2307036121896693,0.3087715105162524
24,59633,607,0,1,100446,12,1921,0.227,0.387,0,3,0,36,2,39877,8260,118134,4,176036,1.6843746855820505,0.3969954304259958
74,40263,657,0,4,83828,72,933,0.395,0.278,0,3,0,48,39,11164,1316,163123,22,-21957,2.081959070137095,0.133175869925682
44,21936,634,1,0,10510,72,242,0.188,0.132,0,0,0,28,21,17602,5694,17261,3,81441,0.4790992387290878,1.674626581676339
37,51362,616,1,4,99198,48,763,0.184,0.178,0,3,0,41,7,1295,14562,88325,7,-16879,1.9313124233397585,0.0130545670823294
67,123327,775,0,4,179538,72,2323,0.345,0.226,0,0,0,17,15,46888,24992,125535,20,187202,1.4557764660093409,0.2611577428859468
38,115781,713,0,1,143007,120,2251,0.161,0.233,0,1,0,9,6,40827,23612,226509,9,-9921,1.235140177229621,0.2854875251734168
64,117591,622,2,3,169932,36,2717,0.013,0.277,0,1,0,16,19,51649,26383,208348,3,129635,1.4450983060072111,0.3039374341652298
26,43478,638,0,1,73676,120,296,0.468,0.082,0,3,0,29,5,13362,11574,100710,7,66736,1.694519193173716,0.1813591758622093
66,58153,760,2,4,110599,24,832,0.168,0.172,0,2,0,10,20,46630,4758,156400,12,109190,1.9018296247893525,0.4216094032549728
25,92541,697,1,3,76305,84,1123,0.076,0.146,0,3,0,36,4,14736,2296,101697,6,16644,0.8245445311318105,0.1931171860666264
33,49723,572,0,1,63756,48,2156,0.129,0.52,0,2,0,4,12,25370,7159,26040,14,229683,1.2821977314777573,0.3979170914566243
41,12782,563,0,0,24798,60,442,0.652,0.415,0,1,0,45,11,4571,1374,44383,16,-11092,1.93992020652429,0.1843219484656639
65,62496,755,0,4,60091,12,868,0.208,0.167,0,3,0,20,27,16476,834,25738,4,261729,0.9615021521033008,0.2741795912933502
56,31144,714,0,2,57943,24,1251,0.36,0.482,0,3,0,16,23,21110,2173,44350,18,115111,1.8604270348370524,0.3643172718486815
38,116313,724,1,1,103007,48,1796,0.6,0.185,0,2,1,3,11,14426,15875,130521,17,46683,0.8855941675120794,0.140047374961168
27,41772,728,0,1,86941,12,1487,0.02,0.427,0,3,0,2,3,10734,11081,68439,6,7895,2.0812725923443374,0.123461618090221
22,57022,700,0,4,98676,36,2132,0.446,0.449,0,0,1,24,2,22946,5153,91344,0,8197,1.7304596390929976,0.2325364573304822
36,44290,725,0,1,38934,48,1278,0.169,0.346,0,3,0,6,8,3702,4736,75314,6,91607,0.8790499198482762,0.095081546166688
38,41729,619,1,0,18871,60,305,0.214,0.088,0,2,0,26,7,159,10632,16566,2,153481,0.4522166307213036,0.0084251801610852
48,54457,684,0,4,63280,84,1693,0.24,0.373,0,2,0,27,9,47369,4453,104625,18,4986,1.1619964008961037,0.7485501177288602
69,51588,747,2,3,110883,12,484,0.374,0.113,0,3,1,26,38,27779,4125,87853,15,190608,2.149353544360232,0.2505230691533494
56,50079,520,0,1,104310,24,386,0.091,0.092,0,3,0,19,19,2592,5475,199804,21,-56175,2.0828674121405752,0.0248487695449185
37,20783,505,0,4,16655,120,253,0.716,0.146,0,3,0,25,12,8363,3818,23402,8,27833,0.8013375673595073,0.5021013448607109
41,44229,700,0,2,18323,48,1862,0.173,0.505,0,1,0,24,15,11883,8869,23456,19,81234,0.4142663350666968,0.6484937786509496
69,36859,683,1,4,54678,60,1186,0.169,0.386,0,4,0,1,48,29250,432,68270,18,69235,1.4833966359196962,0.5349402878618849
69,80798,788,1,4,13024,60,2784,0.502,0.413,0,2,0,45,38,10810,18123,18173,1,54879,0.1611901137390314,0.8299424184261036
72,40847,701,0,1,70312,84,1350,0.297,0.397,0,2,0,8,24,24702,11569,57997,6,172612,1.7213082647865257,0.351314835094506
34,79485,736,0,1,150207,12,2489,0.399,0.376,0,3,0,27,7,15710,3761,183439,12,68041,1.8897290088820675,0.1045883042181508
62,58557,690,1,0,13182,24,2151,0.204,0.441,0,3,0,0,41,6812,12870,14345,0,199968,0.225110147204481,0.5167260866267163
64,112479,673,0,2,53648,48,4861,0.239,0.519,0,3,0,16,41,46835,30460,58558,3,96244,0.4769559032716927,0.8729892449067084
57,42647,590,0,1,83495,24,333,0.328,0.094,0,4,0,13,16,30213,8813,34099,6,145274,1.9577705871318705,0.3618496694452429
71,70280,596,0,0,66589,84,1616,0.55,0.276,0,3,0,39,29,40290,7588,118613,7,147914,0.947468021229066,0.6050458026730741
23,32393,722,0,1,11222,72,822,0.148,0.305,0,1,0,15,1,26287,1657,19250,3,87118,0.3464221769463481,2.342243606878731
57,43425,632,1,1,95111,84,1464,0.327,0.405,0,1,0,31,34,19960,9601,150862,3,60217,2.1901856030949203,0.2098578517957776
41,35366,691,0,3,71383,60,953,0.139,0.323,0,1,0,33,15,20036,8161,63864,6,87407,2.0183504396754035,0.2806791437857223
51,54836,637,0,1,12455,84,804,0.619,0.176,0,3,0,44,20,43555,5270,11618,21,194226,0.227127669274395,3.496708413615928
27,43205,597,1,1,14512,120,604,0.178,0.168,0,1,0,30,4,4488,770,7268,8,205714,0.3358792760264778,0.309239991731551
65,85411,535,0,0,35404,84,1346,0.459,0.189,0,0,0,14,27,17167,24104,17620,10,232711,0.414508499976584,0.4848750176528739
56,110551,681,0,2,198674,84,2859,0.195,0.31,0,1,0,2,29,89294,614,278406,9,-52129,1.7971090527534554,0.4494475902856424
43,73946,481,0,0,147583,36,717,0.137,0.116,0,1,0,5,11,47,12442,237496,22,88383,1.9957942850960824,0.0003184627059843
41,39164,579,0,4,26506,24,1282,0.354,0.393,0,0,0,6,7,3835,1857,14063,3,33076,0.6767777352227754,0.144678764100049
58,84705,563,2,0,27061,48,664,0.309,0.094,0,1,0,0,22,75325,19090,13735,13,323367,0.3194696951809789,2.783423250314093
52,62781,615,0,3,61063,72,2822,0.069,0.539,0,3,1,28,21,53243,442,75609,6,251858,0.9726195406326654,0.8719212629372461
40,26843,674,1,4,16332,36,561,0.487,0.251,0,4,0,21,20,2647,7730,30710,12,61108,0.6084041126508717,0.162064531929223
35,17707,609,2,1,19928,84,592,0.212,0.401,0,1,0,39,16,10985,5014,12903,7,79896,1.125367065733002,0.5512067840834964
26,42377,711,0,3,25935,72,1392,0.054,0.394,0,0,1,14,3,37757,2966,9461,6,237574,0.61199207135778,1.4557757557063542
74,80997,739,0,1,169986,12,1546,0.263,0.229,0,3,0,42,48,64175,19406,217186,1,105318,2.0986444109731104,0.3775288698547536
68,56538,603,0,3,113988,60,1141,0.236,0.242,0,2,1,27,46,23360,12080,44061,4,134724,2.016095084808716,0.2049320548473975
49,40807,632,1,1,51498,36,1232,0.064,0.362,0,3,1,1,30,27841,5543,53464,12,125199,1.2619584395216623,0.5406124390764869
73,60475,593,1,3,123999,48,1668,0.255,0.331,0,0,0,19,29,24604,16936,219720,3,32477,2.0503836232555064,0.1984193548387096
34,143678,634,0,1,100906,60,4850,0.329,0.405,0,2,0,5,13,21149,36852,54074,9,396189,0.7023016585583141,0.20958902752039
35,90481,375,0,2,162175,36,3348,0.26,0.444,0,2,1,21,15,55081,15072,192429,8,-9185,1.79234543887182,0.3396371842936069
25,39030,772,0,1,54135,24,1210,0.5,0.372,0,2,0,29,6,16031,986,30475,7,142684,1.386974456201481,0.2961245751440816
38,42426,756,0,0,19386,24,1921,0.233,0.543,0,0,0,17,16,13696,9475,18821,16,215056,0.4569260140947981,0.7064527776344973
19,47789,560,0,1,47309,24,454,0.568,0.114,0,3,0,13,0,39609,6060,41834,0,72674,0.989935132872986,0.8372225745085605
59,38256,725,0,0,58781,72,1294,0.431,0.406,0,0,0,25,16,3211,1945,114778,21,-73019,1.5364769846041246,0.0546255656493484
66,40712,672,0,2,13041,12,670,0.259,0.197,0,0,0,12,25,30697,1,20885,0,54834,0.3203153783803699,2.353703419720902
47,73972,573,0,0,122120,84,380,0.34,0.062,0,2,0,14,27,12093,7821,178202,8,-17289,1.650872615684101,0.0990247377600904
37,21792,678,0,4,5054,36,334,0.586,0.184,0,3,0,33,10,13904,4337,2259,15,50361,0.2319093286835222,2.750544015825915
64,81561,636,2,0,128505,12,932,0.333,0.137,0,2,0,33,44,29228,24090,117460,24,315563,1.575549888428435,0.2274446329354271
20,59191,614,1,3,40342,36,1909,0.312,0.387,0,3,0,42,0,7000,292,33233,0,174898,0.6815448033518043,0.173512133455618
29,121661,658,2,3,205222,12,2192,0.705,0.216,0,1,0,19,8,49499,9524,124570,9,170496,1.6868208643619207,0.2411961622235324
23,48397,813,0,1,64512,12,1553,0.409,0.385,0,0,0,15,1,29086,2971,32044,5,88940,1.3329476424645643,0.4508548664610233
50,44985,776,1,0,94962,24,1919,0.46,0.512,0,4,0,24,23,15412,11970,154346,17,-3758,2.1109233983906104,0.1622947884965723
21,29437,477,2,0,28996,120,1198,0.171,0.488,1,3,0,3,2,18014,4166,34623,3,99370,0.9849853930294178,0.6212366796565162
65,34009,776,0,3,22517,84,796,0.032,0.281,0,3,0,20,20,19543,2699,35756,4,22848,0.6620699794178183,0.867883471000977
43,45323,637,0,0,27585,120,513,0.184,0.136,0,1,0,13,21,20909,13075,29883,19,101570,0.6086179507545671,0.7579569346770101
47,33916,647,0,0,44155,72,743,0.048,0.263,0,3,0,7,27,3817,634,14031,17,35972,1.3018545272282336,0.0864435184346408
61,75764,517,0,1,84254,84,1132,0.095,0.179,0,1,1,37,21,56971,320,151601,9,99292,1.1120438197056688,0.6761735208592962
61,120834,633,0,1,265236,60,4927,0.411,0.489,0,0,1,18,25,16680,12620,434422,12,57587,2.1950262754996483,0.0628871537530585
44,65551,504,1,3,78320,36,290,0.033,0.053,0,3,0,9,23,40710,9212,26695,23,301501,1.1947766658530632,0.519783965986134
32,74466,699,0,4,46382,48,2078,0.501,0.335,0,3,0,0,6,33687,16655,74489,10,226522,0.6228530758591053,0.7262790246426493
57,102079,528,2,1,187253,48,2126,0.198,0.25,0,1,0,1,35,25892,29053,172862,18,131466,1.834375,0.1382720796351479
33,85526,607,0,1,21705,60,3467,0.011,0.486,0,0,0,32,13,1460,15985,37738,14,110519,0.2537795082254727,0.0672625080622869
29,47911,714,0,1,8398,36,1590,0.114,0.398,0,3,0,40,5,23466,12383,9488,5,177879,0.1752796794122558,2.793904036194785
36,40591,697,2,4,10696,24,635,0.074,0.188,0,1,0,33,8,18613,2468,4889,15,218504,0.2635001970831691,1.740020566513976
62,69762,608,0,3,96258,72,1985,0.416,0.341,0,2,0,40,19,14066,1548,191570,17,-36451,1.379785846365552,0.1461265959546639
58,53571,739,0,0,44241,24,1008,0.553,0.226,0,3,0,10,34,23679,12486,64321,2,21931,0.8258231912192937,0.5352154061751278
46,32641,636,0,1,12129,84,595,0.372,0.219,0,1,0,11,18,1508,2011,8963,15,107550,0.3715764965382023,0.1243198680956306
39,53258,563,0,1,90906,72,1602,0.189,0.361,0,3,0,7,15,32910,14294,128758,7,165628,1.706866445107869,0.3620183264215077
66,45671,497,0,1,31036,36,1789,0.463,0.47,1,1,0,8,42,12696,3321,50831,24,70433,0.6795410754948327,0.4090601540097303
73,52347,675,0,3,29915,48,1873,0.469,0.429,0,0,0,22,17,6756,3684,36766,18,30945,0.5714640482921983,0.2258323305254713
31,56504,662,0,3,74709,60,1746,0.281,0.371,0,0,0,19,7,25625,5001,115572,12,194014,1.3221661799840725,0.3429929059028243
57,23870,579,0,2,37404,48,881,0.247,0.443,1,1,1,18,17,10267,715,63413,7,-33177,1.5669222068618829,0.2744820211201711
67,61273,463,0,1,79365,120,1448,0.442,0.284,0,1,0,37,44,31768,1832,126477,8,35340,1.295247576459836,0.4002721568429806
65,37401,603,0,1,43556,48,725,0.159,0.233,0,1,0,9,20,31232,9133,85270,15,112682,1.1645366557938075,0.7170374451867668
68,114061,562,2,3,84290,48,2260,0.295,0.238,0,0,0,42,33,41364,2745,156615,14,231625,0.7389840612999947,0.490728547531765
20,66763,430,0,3,34415,12,1278,0.097,0.23,0,1,0,32,1,10957,1235,29897,0,125282,0.5154724102809898,0.3183693630869363
67,64252,591,1,1,88638,72,2655,0.465,0.496,1,1,0,33,28,1978,16188,124694,20,198093,1.3795153533687143,0.0223152337007412
44,69507,633,0,1,23194,72,347,0.341,0.06,0,3,0,44,11,33007,10285,26511,15,174814,0.3336882085515336,1.4230222030610045
48,58582,682,0,4,9334,84,1701,0.445,0.348,0,0,0,35,22,28282,11044,12305,6,191167,0.1593294983186248,3.0296732726298874
33,36727,680,0,3,16969,72,1382,0.226,0.452,0,3,0,39,14,9412,3563,13671,14,126016,0.4620180788499237,0.5546258102533883
73,52327,799,1,4,11776,72,2053,0.201,0.471,0,2,0,43,48,10889,413,18557,7,179031,0.2250420425011466,0.9245987942599982
58,57667,539,0,1,125771,24,2224,0.156,0.463,0,0,0,42,38,34691,5949,249087,14,-74340,2.180949573420268,0.2758245078395827
34,23404,630,0,4,20527,120,401,0.457,0.206,0,1,0,47,4,3745,1220,13778,14,86415,0.8770348216193121,0.1824337490257209
23,35265,730,1,1,76507,120,1437,0.255,0.489,0,0,0,42,3,11842,4031,148245,4,-101883,2.16942664322577,0.1547811993517018
53,37887,568,0,4,64092,12,1323,0.5,0.419,0,4,0,13,16,8813,6727,104418,12,86121,1.691617398648649,0.1375033154946718
27,42312,631,0,3,43063,12,331,0.134,0.094,1,1,0,20,7,29151,12578,30004,1,160571,1.0177250490393024,0.6769227196730447
29,76333,496,0,2,150830,12,2880,0.505,0.453,0,4,0,26,3,60963,22178,90805,8,104077,1.975921607671549,0.4041808381566124
70,122046,517,0,1,86362,36,5043,0.298,0.496,0,3,0,23,51,43712,8307,153474,22,440062,0.7076126410317337,0.5061426768407767
75,47269,663,1,4,20009,84,839,0.356,0.213,0,1,0,17,31,30732,10501,29865,24,37891,0.4232917283689443,1.535832083958021
65,25204,767,1,3,22984,72,935,0.3,0.445,0,3,0,31,34,2905,1043,16248,12,10286,0.911882562983535,0.1263867739830324
25,95299,632,0,1,99221,24,2707,0.108,0.341,0,1,0,45,3,4793,19223,88194,6,102424,1.041143756558237,0.0483058192739513
71,105217,523,0,4,49036,36,4769,0.139,0.544,0,1,0,37,19,86842,27657,37747,9,467516,0.4660419319888232,1.7709484674837368
71,54034,679,0,3,45701,60,1134,0.245,0.252,0,4,0,37,47,1353,6714,70763,4,145507,0.8457666327380402,0.0296048312984114
26,83924,552,2,1,166976,72,3423,0.397,0.489,0,3,0,13,2,21157,16727,252494,3,-4456,1.9895859398272264,0.1267060732915311
18,86378,642,1,3,91453,48,2086,0.109,0.29,0,0,0,28,0,42253,22842,145707,0,228059,1.0587411292096458,0.4620136899424847
59,58121,375,1,1,46603,36,1108,0.568,0.229,0,1,0,6,22,50669,7847,46967,7,127909,0.8018134269295619,1.087224272594627
18,40176,653,0,4,31952,72,1227,0.33,0.366,0,1,0,24,0,24091,10373,19917,0,56900,0.795280882096722,0.7539511157011861
71,35562,665,2,0,10540,120,438,0.203,0.148,0,1,0,46,49,20367,5488,11433,19,132500,0.2963754463909119,1.9321696233753916
69,46822,675,0,1,25758,12,250,0.118,0.064,0,2,0,26,44,35025,2555,43291,18,176052,0.5501142600858553,1.3597189331884
47,54350,676,1,0,77482,72,1765,0.336,0.39,0,1,0,40,20,434,6209,25054,17,111738,1.425585545804125,0.0056012286566085
70,69937,598,0,3,28989,12,363,0.07,0.062,0,0,0,44,33,32678,15740,36770,7,231464,0.4144956961880522,1.127216281476371
37,132376,680,0,4,83712,84,2963,0.256,0.269,0,1,0,27,14,80913,8067,65713,15,489433,0.632375714814507,0.9665523873233548
64,47229,671,1,0,92900,72,1115,0.443,0.283,0,1,0,45,36,41634,6264,87969,17,44869,1.966970146093585,0.4481544870345852
56,53099,543,1,0,46291,24,1951,0.188,0.441,0,1,0,37,19,34016,8003,83733,21,81147,0.8717702448210923,0.7348137907197788
66,37235,670,0,3,36168,48,383,0.3,0.123,0,1,0,14,14,19512,2162,65037,3,42793,0.971318079278118,0.5394674997926401
32,48606,495,1,0,15567,36,1773,0.628,0.438,0,0,0,33,10,29703,6237,15083,4,148951,0.3202625136297241,1.9079522096608428
49,65351,520,0,1,115737,24,374,0.386,0.069,0,3,0,47,22,38095,3737,205910,24,30940,1.7709786999632755,0.3291485942387115
54,116701,504,2,3,54076,72,4484,0.156,0.461,0,3,0,24,18,95510,11756,35833,9,406596,0.4633682370482082,1.7661852543595244
69,60188,508,2,1,131008,60,2049,0.168,0.409,0,3,0,37,47,18643,6463,223095,2,-2133,2.176610344082806,0.1423032005434741
43,51179,670,0,4,58798,120,653,0.58,0.153,0,4,0,36,10,37615,5453,116998,22,152569,1.1488472059398205,0.6397217639755778
25,76905,758,0,3,89465,24,1773,0.164,0.277,0,3,0,38,2,59496,10070,139056,5,289304,1.1633032533222376,0.6650124069478908
50,22531,629,0,2,19990,24,357,0.373,0.19,0,3,0,37,11,8959,2543,26460,12,19119,0.8871826735309781,0.4481516682507128
21,111194,711,2,4,150488,120,1025,0.202,0.111,0,0,0,48,2,77207,4038,138579,1,363901,1.353370205494851,0.5130408202592881
75,61380,567,0,4,126643,60,2505,0.605,0.49,0,1,0,1,32,42772,11720,218189,9,-90850,2.0632280347338754,0.3377341208426771
68,76505,742,1,1,111190,12,2814,0.313,0.441,0,0,0,1,49,14960,5924,135446,12,82714,1.4533500640472643,0.13454326339362
44,140200,830,0,3,62632,120,5106,0.128,0.437,0,4,0,32,9,76918,15920,120261,19,323922,0.4467300518541237,1.2280746571296282
61,110002,662,2,0,40886,12,3557,0.135,0.388,0,1,0,9,36,42262,939,26793,10,401573,0.3716807723425724,1.0336292709174064
54,41682,690,0,0,4355,60,1815,0.235,0.523,0,3,0,14,28,19349,2625,3083,0,156339,0.1044790442146678,4.441919191919192
53,18423,751,0,0,22147,72,384,0.228,0.25,0,3,1,38,21,13388,3753,41090,8,33581,1.2020733825445071,0.6044789597254832
61,118208,618,0,0,206262,24,855,0.229,0.087,0,0,0,19,32,92221,20882,373403,18,-89134,1.7448925208740451,0.4471039401152897
47,29872,704,2,0,44229,72,478,0.123,0.192,0,1,0,24,23,2446,5805,15758,15,30674,1.4805677367522512,0.0553018313361971
43,85872,668,1,2,128572,120,507,0.336,0.071,0,0,0,37,9,21298,17547,122939,23,20610,1.4972342878436762,0.1656490865111648
30,63576,727,0,1,131749,84,1002,0.207,0.189,0,3,1,5,5,50890,186,83533,8,152316,2.072274564701071,0.3862618595825427
34,37957,699,0,2,80877,12,1483,0.618,0.469,0,0,1,17,4,4487,10830,36734,14,86442,2.1306970862532277,0.0554786221222087
38,68153,544,0,0,107802,60,3091,0.153,0.544,0,4,0,36,13,524,14370,155353,2,146892,1.581741350470992,0.0048607181618322
73,28529,632,1,2,28998,36,763,0.062,0.321,0,0,0,44,46,17137,1665,48623,4,12922,1.016403785488959,0.5909514121176592
49,76688,581,1,0,129674,12,370,0.205,0.058,0,2,0,2,11,56274,4951,231422,17,-120858,1.6909074313134869,0.4339618276460382
63,107599,723,1,4,22796,84,4435,0.139,0.495,0,3,0,46,35,70086,26426,39038,15,414935,0.2118587360594795,3.0743518884063694
34,52565,541,0,4,5364,12,841,0.363,0.192,0,4,0,15,11,40414,10054,10528,7,129761,0.1020431457596164,7.532898415657036
24,62349,728,0,1,133120,24,1298,0.503,0.25,1,3,1,19,5,12426,11710,69016,6,188655,2.1350441058540497,0.0933436497622463
25,98576,491,0,1,157710,120,2766,0.517,0.337,1,1,0,4,2,47669,18994,50640,2,312405,1.599866094525092,0.302255391190215
73,56318,575,0,3,118119,24,288,0.526,0.061,0,0,1,17,28,26896,8211,135832,17,-46465,2.0973206200394183,0.2277006434134778
61,46547,732,0,2,77896,84,1372,0.146,0.354,0,1,0,8,33,31217,11451,143036,14,-52914,1.6734553579101143,0.400747140454703
59,84770,695,1,1,129836,12,1285,0.038,0.182,0,1,0,5,40,27494,25274,214526,8,189132,1.5316086869330314,0.2117578194197339
59,26532,850,0,3,33894,36,245,0.049,0.111,0,3,1,35,25,15412,1493,67043,23,55496,1.2774281083933214,0.454698333087476
26,46179,850,0,1,97445,84,2045,0.396,0.531,0,1,1,16,5,21584,3098,133629,3,111284,2.11011260285838,0.2214970342548693
32,40157,546,0,0,81366,120,1411,0.517,0.422,0,3,0,45,10,28506,6309,90834,10,48061,2.026146720454206,0.3503385893544066
71,132561,614,2,3,259649,36,2081,0.279,0.188,1,0,0,42,16,63792,20743,270272,24,303337,1.958698571234592,0.245684575389948
26,49474,762,1,4,65161,84,534,0.195,0.13,0,4,1,22,6,32429,6439,100589,4,88554,1.3170490146538656,0.497667352137749
22,37465,628,0,0,58891,72,1114,0.482,0.357,0,0,0,38,1,27864,415,99243,1,66580,1.5718518123098275,0.4731372682197922
61,67297,566,0,3,112387,48,1260,0.106,0.225,0,3,0,39,34,50205,10212,54151,16,184141,1.6699901928734882,0.4467113926753746
75,63758,683,1,3,139814,84,2297,0.206,0.432,0,1,0,25,21,54936,17559,275700,10,-3008,2.192851205320033,0.3929192146765368
61,24685,814,0,0,18946,120,179,0.168,0.087,1,1,0,10,29,650,3520,6814,15,22973,0.7674795430608442,0.0343062226209954
25,69647,690,0,1,146416,72,3077,0.136,0.53,0,3,0,1,4,44801,10471,152724,7,45217,2.102228348265564,0.3059822288395473
55,122709,551,0,3,146221,36,4906,0.296,0.48,0,0,0,27,13,46610,35265,244717,16,285592,1.1915980767663596,0.3187618826168429
48,34179,638,0,3,24950,72,1310,0.116,0.46,0,2,0,6,12,27760,2338,44263,7,72598,0.729959040374488,1.112580658089856
41,41273,607,0,3,32030,84,1644,0.089,0.478,1,4,0,28,17,4454,234,63368,8,14639,0.7760333381789989,0.1390527926071618
48,63610,531,0,0,105920,24,2452,0.373,0.463,1,1,0,14,18,49903,14196,61488,0,236579,1.6651208124381005,0.4711341471474023
42,39240,586,0,2,62393,24,1770,0.173,0.541,0,1,0,42,16,33073,2399,24513,19,152168,1.58999515812543,0.5300669936211815
23,52372,639,1,1,88257,72,1067,0.135,0.244,0,4,0,21,3,19011,6910,122589,0,82985,1.6851622018979244,0.2154025697387205
33,25540,609,0,1,23918,24,550,0.263,0.258,0,4,0,43,9,15190,4504,7877,4,91508,0.9364551113895304,0.6350599941469125
37,107541,655,0,0,117098,24,1656,0.125,0.185,0,2,0,35,8,25517,10378,101787,8,7121,1.088858306522103,0.2179096320207687
40,59552,549,0,3,114276,12,1685,0.216,0.34,0,1,0,16,21,5514,2138,38772,10,160167,1.9188957735126693,0.0482511791524103
71,85882,837,1,1,166418,36,3622,0.655,0.506,0,3,0,8,47,8803,9257,165164,16,243170,1.937729236286576,0.0528966043540701
66,19942,682,0,1,17204,120,285,0.104,0.171,0,1,0,19,28,12295,5135,21819,13,79196,0.8626585769442913,0.7146178436501017
50,119800,798,0,3,239807,12,5245,0.142,0.525,0,1,0,46,18,105501,30020,229372,0,312055,2.0017111710252835,0.439939451561249
22,35077,618,0,4,36444,12,1049,0.598,0.359,0,3,0,22,2,2552,10093,17773,2,32794,1.0389417868749644,0.0700233228152009
72,66864,723,0,4,104364,72,3050,0.417,0.547,0,0,0,47,52,58902,18701,64686,3,227370,1.560816570702161,0.5643846116993245
75,37139,481,0,0,61062,84,1457,0.579,0.471,0,3,0,14,24,26313,4630,65650,17,96572,1.6441033925686592,0.4309156117452467
73,75219,647,1,3,17914,36,2151,0.311,0.343,0,2,0,7,27,4016,19708,20636,2,343984,0.2381547460781707,0.2241696902037399
62,110382,609,2,3,162807,36,4543,0.285,0.494,0,1,0,12,30,4788,13962,101029,5,257995,1.474928204524247,0.0294088742567932
42,58979,735,0,3,49006,36,780,0.369,0.159,0,4,0,1,7,24606,850,79935,6,113882,0.8308918277382163,0.5020915379435591
29,56699,704,1,0,60941,36,2024,0.024,0.428,0,2,1,26,9,21486,4214,96191,6,141998,1.0747971781305117,0.352564733681205
36,30032,586,1,3,48133,72,1149,0.137,0.459,0,0,0,7,13,1044,3934,83419,8,-21668,1.6026703958978457,0.021689450284622
36,33572,599,0,1,20781,120,682,0.131,0.244,0,4,0,25,7,1691,993,21908,8,44192,0.6189795371280493,0.0813684919641997
31,101945,755,0,4,15251,24,1196,0.275,0.141,0,1,1,8,11,81318,22255,10277,11,544798,0.149598807211661,5.331628638867034
47,46907,786,2,3,77722,120,847,0.095,0.217,0,3,0,45,11,33882,4897,107268,2,-2864,1.6569028737102414,0.4359327354837049
60,141838,737,1,3,126814,48,1664,0.083,0.141,0,2,0,34,36,87270,20515,38206,2,465269,0.8940700371548023,0.6881678034932777
33,114518,365,2,0,74457,36,628,0.371,0.066,0,2,0,20,9,74817,8437,143550,9,271595,0.650171587247531,1.004821510113084
26,61455,745,2,1,102993,72,2425,0.256,0.474,0,1,0,26,3,40429,5357,78181,3,240570,1.675881931788597,0.3925374293648174
43,50659,748,0,0,98636,12,734,0.311,0.174,0,4,0,34,15,9380,335,53562,19,54007,1.947019344650612,0.0950961606699311
37,44343,646,0,1,83546,84,451,0.118,0.122,0,2,0,39,11,663,4513,164667,5,-110901,1.8840429370377048,0.0079356529857445
47,30670,701,0,4,5834,48,1379,0.322,0.54,0,0,0,19,13,10999,1068,9961,10,49835,0.1902122526164781,1.8850042844901456
39,83523,612,0,0,61680,72,409,0.237,0.059,0,0,1,24,14,38271,10562,49130,13,192630,0.7384703797710838,0.620466594251066
19,38979,619,1,3,70558,60,1085,0.27,0.334,0,3,0,39,0,9154,9094,125994,0,-46080,1.8101077475628529,0.1297353987443132
25,102990,680,0,1,183808,84,3775,0.055,0.44,0,0,1,45,4,73541,23648,202769,3,406912,1.7846996339485974,0.4000946634822016
24,83963,726,1,3,162714,120,1604,0.195,0.229,0,1,0,11,2,30566,18958,189359,5,217106,1.9379019579819925,0.187849921642135
22,54598,457,0,2,54568,60,601,0.095,0.132,0,1,0,38,3,27195,15878,68925,1,126046,0.9994322240334071,0.4983598746541076
62,163196,662,0,4,107315,48,3867,0.403,0.284,0,1,0,39,39,42420,20241,212533,22,636126,0.657579489819053,0.3952812255395281
75,130988,678,0,1,144125,84,5144,0.612,0.471,0,4,0,35,30,67088,35193,145579,13,575061,1.1002832298895326,0.4654815924954553
60,22538,798,0,0,20542,72,979,0.351,0.521,0,0,0,42,36,15146,3171,15944,17,110302,0.9113980212076844,0.7372827727206348
61,116011,822,0,0,141297,60,3392,0.169,0.351,0,1,0,6,30,577,15577,205726,8,341014,1.217951591214702,0.0040835680618267
24,55697,624,0,3,46153,84,606,0.443,0.131,0,3,0,37,3,43229,14478,25462,1,173752,0.8286293942331862,0.936625211249296
52,64318,672,0,3,23321,120,2754,0.146,0.514,0,1,0,24,19,37680,14599,16496,6,240208,0.3625833734977223,1.6156418832004116
63,15181,588,0,1,8003,60,322,0.236,0.255,0,1,1,18,22,3507,2242,8985,0,68226,0.5271373995521011,0.4381559220389805
23,24604,712,0,0,39728,24,928,0.216,0.453,0,3,0,23,2,20032,5687,35666,4,41376,1.6146311725259093,0.504216063832465
67,90106,620,1,3,138575,36,1949,0.227,0.26,1,2,0,23,40,13201,11754,120171,4,309653,1.5378938373267337,0.0952618057960974
38,46446,723,0,1,71939,84,1015,0.227,0.262,0,0,0,38,19,28889,7958,42808,13,69513,1.5488406140331992,0.4015707534056157
38,36863,709,1,1,38028,120,1143,0.113,0.372,0,4,0,40,11,2049,973,49547,7,76307,1.0315755208333333,0.0538799337347813
71,18778,619,0,1,10981,72,752,0.396,0.481,0,4,0,26,25,463,3706,3649,7,44342,0.5847489216678204,0.0421598980149335
62,111307,644,0,3,209343,60,595,0.405,0.064,0,3,0,2,15,74081,26200,251172,14,148142,1.8807543033744205,0.3538720956893916
63,56980,579,1,4,100172,24,2608,0.331,0.549,0,1,0,21,25,4350,2426,31076,5,60927,1.7579895052736878,0.0434248749663082
32,38099,758,0,3,63217,12,1295,0.676,0.408,0,0,0,12,13,25649,4902,83064,11,-31905,1.659238845144357,0.4057230535606947
58,89133,557,0,4,68595,48,552,0.381,0.074,1,1,0,5,16,38912,2835,62635,2,268015,0.7695716561581439,0.5672633972826404
62,106338,668,0,2,204644,84,4711,0.212,0.532,0,4,0,3,16,61797,21447,140465,14,276121,1.924449167285756,0.3019717071025434
22,97050,622,0,0,96293,120,2643,0.171,0.327,0,3,0,19,1,46486,16161,122944,1,109834,0.9921896734706496,0.4827507425177061
38,22865,692,2,1,43718,12,880,0.203,0.462,0,1,0,25,14,2903,5429,68651,0,-27727,1.9119216303682325,0.0664013358036551
46,93219,583,0,1,172474,12,2143,0.141,0.276,0,3,0,32,17,16526,3633,67017,6,367790,1.8501823642995063,0.0958167850413103
53,50103,694,1,4,95858,24,1402,0.256,0.336,0,2,0,42,20,38369,2867,82881,3,203483,1.91318058438448,0.4002649725117099
69,65625,466,1,1,38638,60,2939,0.582,0.537,0,0,0,6,42,22596,4019,69384,10,193991,0.5887605522201567,0.5847977432128161
40,43354,481,0,3,53113,120,484,0.388,0.134,0,3,0,12,20,9789,3980,54892,1,45704,1.225072079344943,0.1843016907030161
63,46541,779,2,1,97414,24,1950,0.416,0.503,0,3,0,39,25,27065,2811,172434,19,-34074,2.093034248635641,0.2778319560642611
28,67962,797,0,2,136510,60,776,0.051,0.137,0,2,0,11,8,29681,4219,142462,10,-56374,2.00859291084855,0.2174257019580839
36,46379,715,1,3,33223,72,1961,0.252,0.507,0,0,0,2,6,935,876,59517,15,59935,0.7163216903837861,0.0281423067661931
72,54127,676,0,3,71993,120,754,0.284,0.167,0,1,0,20,51,12492,11301,77206,23,125565,1.3300509902453443,0.1735144595382948
64,23826,732,2,3,31031,72,671,0.277,0.338,0,0,0,43,15,10242,738,52064,4,24978,1.3023460779787637,0.330046403712297
23,220280,583,2,3,439518,84,8326,0.251,0.454,0,0,0,45,4,101633,22831,861554,5,-561639,1.9952605989622345,0.2312368748563771
22,78198,618,2,0,103481,24,1376,0.07,0.211,0,0,0,22,3,65912,19687,97201,4,264398,1.3233033670507297,0.6369416903422818
20,77142,843,0,1,95064,120,651,0.247,0.101,0,0,0,17,0,16671,15726,138527,0,138460,1.232308829057724,0.1753642244779887
24,43953,693,0,0,65820,120,953,0.077,0.26,0,3,0,4,5,21356,2836,81956,3,78329,1.4974746325704145,0.3244557208185837
51,44458,716,0,4,32281,72,439,0.02,0.118,0,0,0,4,11,34507,8766,20620,3,126768,0.7260847072583729,1.0689238584969951
21,63789,808,1,3,32204,48,721,0.15,0.136,0,1,0,12,2,55605,7902,49750,2,198508,0.5048440194387835,1.7265952491849093
71,58520,543,0,4,115308,72,2156,0.438,0.442,0,4,0,37,52,50890,6441,39655,17,239762,1.9703696109089044,0.4413358887857843
54,70651,578,1,1,46821,36,802,0.075,0.136,0,2,0,40,35,56147,21042,23023,10,185881,0.662698862027968,1.1991585152278843
60,23719,788,0,3,4595,72,772,0.173,0.391,0,3,0,34,19,15123,6412,6788,2,108080,0.1937183811129848,3.29046997389034
72,83390,756,1,1,173736,48,3117,0.288,0.449,0,3,1,11,21,19860,11494,68310,3,250180,2.08339029391661,0.1143107110172271
57,84706,586,0,1,37414,36,1808,0.128,0.256,0,3,0,32,29,36971,3376,22743,5,91030,0.4416872277379673,0.9881331016971804
33,56272,689,0,0,24876,12,2105,0.591,0.449,0,3,1,2,4,12291,8067,35400,13,199496,0.4420592468857178,0.4940708284761024
35,72054,562,0,1,98164,60,2061,0.383,0.343,0,4,0,46,11,26362,6657,145331,5,182741,1.362348206231351,0.268547853104467
44,68776,592,0,4,147517,120,2238,0.181,0.39,0,2,1,27,19,18487,12959,57988,6,81526,2.1448594733704582,0.1253202998956059
69,28017,590,0,3,50372,36,1076,0.23,0.461,0,4,0,6,41,17254,520,43848,9,-5620,1.7978442429866517,0.3425247652512259
49,86816,757,0,1,120047,48,2343,0.274,0.324,0,1,0,23,20,72781,24183,233005,14,167069,1.3827591370353731,0.6062658270025323
44,30651,623,0,2,19949,36,261,0.678,0.102,1,1,0,6,17,1703,8251,20782,1,140974,0.650822132324155,0.0853634085213032
68,26029,696,0,3,25067,84,416,0.148,0.192,0,0,1,35,33,18428,4056,25203,22,23399,0.9630042258932,0.7351204723153024
25,34747,674,0,3,26987,12,537,0.181,0.185,0,3,0,2,3,14546,8446,37401,4,59911,0.7766490157706918,0.5389802875352008
49,40012,727,1,3,21062,12,635,0.293,0.19,0,2,1,48,30,34770,6080,21330,15,153865,0.5263789268487742,1.6507619997151404
71,37575,579,0,4,70714,60,567,0.562,0.181,0,2,0,31,21,32525,9608,45551,4,156822,1.881892697466468,0.4599448490419289
43,103738,594,0,1,84350,12,1150,0.699,0.133,0,1,0,15,20,11232,17981,117663,22,-2681,0.8130982562006575,0.1331578760180673
37,63858,539,0,2,15540,36,1481,0.106,0.278,0,4,0,33,18,10531,9574,6271,17,122126,0.2433486274448394,0.6776269223344701
52,23920,615,2,3,14871,48,972,0.209,0.488,0,4,0,32,26,9897,2678,24330,10,35869,0.6216713348104176,0.6654787520172135
39,30664,558,0,2,39413,60,949,0.506,0.371,0,1,0,25,16,8920,2773,50255,6,15745,1.285276373715963,0.226315522403207
59,75624,679,0,1,74506,120,1079,0.313,0.171,0,4,0,19,36,20426,22114,141968,23,52380,0.985203305785124,0.2741487377024977
53,32474,521,0,0,4691,60,1089,0.203,0.402,0,2,0,15,21,3750,6373,5394,10,35686,0.1444495765973826,0.7992327365728901
26,29912,593,0,0,23121,12,770,0.4,0.309,0,0,0,5,3,11608,4720,38884,5,78201,0.772941530438271,0.5020326961335525
53,76194,751,1,3,159868,12,2166,0.024,0.341,0,0,0,8,18,18633,3425,301689,8,-152092,2.098142922763961,0.116551676685286
32,86959,740,0,3,89501,12,3243,0.552,0.448,0,0,0,43,13,53315,2663,146934,12,10646,1.0292203311867525,0.5956850126254162
67,33907,680,2,0,29969,12,1491,0.659,0.528,0,3,0,5,41,29272,8049,45464,6,22896,0.8838327238409814,0.97671004337671
72,158944,589,0,3,111862,72,6501,0.216,0.491,0,0,0,18,20,17843,41879,157515,9,331038,0.7037780364276951,0.1595076119896659
61,57522,616,0,0,105862,24,2441,0.443,0.509,0,0,0,11,35,30295,3122,123047,17,93125,1.8403421240199571,0.2861717502810236
32,27696,612,0,1,9707,120,819,0.415,0.355,0,3,0,14,6,22075,4456,3990,14,39629,0.3504711701628335,2.273897816234034
37,31789,668,0,1,49451,12,217,0.578,0.082,0,3,0,14,12,13070,8806,74668,0,104815,1.555552060396351,0.2642966917414867
63,227744,718,2,0,423526,60,8361,0.191,0.441,0,2,0,28,27,183271,7036,747982,20,349515,1.8596500472019144,0.4327256585766669
30,143123,555,2,3,27270,12,5651,0.138,0.474,0,1,0,33,11,59644,15950,36730,6,265255,0.1905340823341997,2.1870851820615305
68,70987,671,0,2,90637,72,2181,0.015,0.369,0,0,0,5,23,40924,13274,75647,24,113796,1.2767932608328167,0.4515104040248019
45,59407,561,0,3,16833,12,2000,0.241,0.404,0,2,1,33,21,1245,2392,16440,17,25079,0.2833456773498519,0.0739574670310086
18,50724,624,0,4,86404,48,1993,0.464,0.471,0,3,0,27,0,10047,2597,32026,0,47175,1.7033809758501726,0.1162779931716914
38,22405,622,0,4,32328,12,992,0.663,0.531,0,3,0,5,10,6561,3614,34172,3,-3210,1.4428278139783983,0.202944724550713
66,26886,616,2,0,32517,36,205,0.128,0.091,0,1,0,34,29,6319,4410,21524,11,55720,1.20939487484658,0.1943231441048035
40,59777,690,0,1,131149,24,1544,0.181,0.31,0,0,0,48,18,7808,15756,127120,11,72677,2.19393422329285,0.0595348837209302
19,74113,686,0,2,103571,60,1184,0.191,0.192,0,0,0,42,0,1653,3324,196225,1,125462,1.397455271608603,0.0159599119453134
61,37269,679,0,4,25127,72,1699,0.4,0.547,0,4,1,25,18,30565,1889,10878,16,162215,0.6741883552455058,1.2163721744667304
39,86402,675,0,3,58444,120,2404,0.116,0.334,0,1,0,35,15,71742,9178,21634,15,143798,0.6764116986678703,1.227513046453931
66,47469,725,0,1,102669,60,2089,0.069,0.528,1,0,0,4,24,37400,2603,189761,8,53103,2.162818622287761,0.3642738872114541
57,56417,723,0,3,53024,60,1851,0.073,0.394,0,1,0,34,25,20013,16198,48331,15,233299,0.9398418944308554,0.3774257425742574
27,33320,718,1,0,66848,120,1247,0.198,0.449,0,1,0,31,4,17822,2285,122064,9,51823,2.006182287446355,0.2666008466843184
24,75166,788,0,2,61827,72,2639,0.27,0.421,0,3,0,6,2,42086,21419,85315,2,234552,0.8225285031995424,0.6806948308209873
25,66741,756,0,3,71707,120,624,0.377,0.112,0,0,0,40,3,36287,4142,43644,2,145290,1.074390938239789,0.506038377865789
21,42623,477,1,1,57053,60,685,0.543,0.193,1,1,0,3,1,12318,5444,103797,3,46554,1.3385182057057057,0.215900725628352
36,33490,571,0,1,15766,36,1028,0.066,0.368,0,1,1,6,12,999,6470,14636,7,53623,0.470753336717327,0.063360182659986
34,37681,637,0,3,12661,84,1307,0.277,0.416,0,1,0,1,11,33278,11064,14738,4,132065,0.3359959662438299,2.6281788027167905
64,71514,740,2,0,130291,60,2448,0.063,0.411,0,1,0,39,30,59493,2688,186455,7,89182,1.8218695378591905,0.4566128388542658
66,60681,774,0,1,95846,120,1493,0.383,0.295,0,1,0,44,32,48796,16706,30596,14,156060,1.5794799116706766,0.5091030496520497
50,103321,604,0,1,23504,36,4067,0.158,0.472,0,1,0,43,31,23493,10907,33749,5,190068,0.2274830142660808,0.9994894703254626
73,43953,452,0,1,38150,12,1274,0.562,0.348,0,3,0,36,17,30480,8155,66662,7,159437,0.8679528598079811,0.7989305653849178
20,125364,637,2,1,112206,84,2784,0.176,0.266,0,1,0,43,1,40721,3181,45775,0,409766,0.8950344992621545,0.3629096223943248
65,64942,655,1,3,70333,24,2388,0.212,0.441,0,0,0,29,42,30467,17932,43926,4,86706,1.0829958579061638,0.4331759888531862
64,76878,641,0,0,15484,72,3185,0.281,0.497,0,4,0,13,38,63068,13002,15390,2,288231,0.2014074064438923,4.072844688408137
37,34341,559,0,0,39557,72,966,0.43,0.338,0,3,0,13,10,21834,8305,13347,3,52877,1.1518548715858132,0.5519490368572728
70,146955,753,2,1,36864,12,5133,0.299,0.419,0,3,0,16,39,28673,21157,28027,3,532710,0.2508505947358393,0.777783805777838
71,38074,668,0,1,15813,24,1190,0.486,0.375,0,2,1,32,45,18291,7327,10583,9,138322,0.415311884438608,1.1566333628430503
46,39116,555,0,1,47536,84,759,0.148,0.233,0,3,0,35,17,9004,8127,72810,5,-24890,1.2152261165222282,0.1894103540400109
55,43735,749,2,3,52906,72,293,0.141,0.08,0,3,1,1,21,27804,2131,58874,4,166354,1.2096670934699103,0.5255259228457482
51,134773,596,1,0,155706,84,2234,0.373,0.199,0,3,1,10,26,105472,4260,212362,13,379317,1.1553118554023774,0.6773748129499637
33,79627,584,2,1,140157,12,3484,0.161,0.525,1,0,1,23,5,4064,5044,44650,12,176903,1.760147184407495,0.0289958475434866
43,87764,797,0,1,135360,84,1919,0.164,0.262,0,0,0,27,20,4523,15971,137643,16,73884,1.5423004614595797,0.0334143512533152
51,73649,521,0,2,107822,12,1855,0.238,0.302,0,0,0,17,29,36224,1832,169408,17,62223,1.4639782756279702,0.3359580052493438
54,46242,436,0,1,12970,48,1592,0.071,0.413,0,3,0,5,10,25153,4100,21875,16,64912,0.2804748826849469,1.9391719990748597
23,106310,693,2,1,231712,36,968,0.459,0.109,0,2,0,1,2,42838,868,327573,5,-30004,2.1795674953673654,0.1848752551647944
44,49272,802,0,4,27734,60,1053,0.355,0.256,0,0,0,19,13,30752,3023,14955,6,173431,0.5628640431879528,1.1087795204615107
63,34634,645,0,4,59519,36,1445,0.275,0.501,0,0,0,45,30,3074,5771,44648,10,32426,1.7184639815215823,0.051646505376344
50,9969,653,0,0,12218,24,206,0.307,0.248,0,4,0,44,20,7144,1065,20121,10,34266,1.2254764292878635,0.584663229396841
74,74506,792,0,3,34326,48,2556,0.136,0.412,0,3,0,24,33,17437,15235,32433,3,100632,0.460708389815722,0.5079674891484837
62,126642,732,0,0,244038,24,1068,0.132,0.101,0,2,0,47,17,95338,20078,400945,21,-155742,1.926975829694496,0.3906670655100209
34,147547,715,2,3,116621,12,6206,0.136,0.505,0,4,0,3,9,82801,14532,70299,13,274689,0.7903936346138206,0.7099946836788942
68,52618,692,0,2,30848,60,1938,0.252,0.442,0,1,0,11,33,38722,14538,17702,15,119855,0.586252114255307,1.255210865830335
44,66179,646,0,1,64652,48,1628,0.369,0.295,0,2,0,14,10,39980,5385,117749,8,210455,0.976911453611363,0.6183781108378574
20,46260,603,1,0,47799,24,2004,0.115,0.52,0,1,0,0,1,13332,631,92448,0,-30329,1.033246146862368,0.2789121338912134
47,38402,768,0,3,43993,36,836,0.195,0.261,0,0,0,12,16,852,8314,36321,8,59403,1.1455615446709893,0.0193662772196208
64,56165,567,0,0,109055,84,617,0.298,0.132,0,1,0,39,45,27879,6351,167430,1,-89948,1.941655093829007,0.2556393045774648
34,48905,695,0,3,98420,120,1151,0.154,0.282,0,4,0,34,10,37352,6516,111630,0,75720,2.0124320124320123,0.3795125024131029
23,43470,412,2,0,7357,60,1667,0.165,0.46,0,1,0,3,1,35852,8407,10446,0,192397,0.1692392629569138,4.872519706441968
53,62322,676,1,3,52904,24,1957,0.151,0.377,0,0,0,47,30,30663,8133,83412,20,152098,0.8488679941594596,0.5795860504678196
43,43074,838,1,1,72225,36,1335,0.396,0.372,0,3,0,25,14,15550,7426,61317,0,70095,1.6767266395821243,0.215296430648243
58,49355,741,0,1,21448,60,1740,0.18,0.423,0,3,0,26,35,4166,9055,16956,16,62297,0.4345570953886052,0.1942281691454147
66,63985,684,0,1,89636,72,2329,0.447,0.437,0,1,0,4,26,31528,2732,173739,18,-3792,1.4008689400806429,0.3517297544540759
23,30408,637,0,3,52102,12,1050,0.143,0.414,0,0,0,44,4,24706,1251,16018,3,65164,1.7133743299681017,0.4741761510853501
54,40053,527,0,3,15412,36,355,0.46,0.106,0,4,1,19,24,697,8048,28510,6,69551,0.3847805462625455,0.0452215662103419
73,23240,565,0,1,22421,120,263,0.268,0.136,0,1,0,27,33,5689,3943,33525,4,73895,0.9647175250634654,0.2537240210507537
66,33140,464,0,0,62653,48,466,0.479,0.169,0,1,0,37,18,8217,3732,54393,12,48045,1.890498174466673,0.1311488492354837
31,105379,742,0,3,143226,120,1459,0.366,0.166,0,3,0,47,11,50770,25724,251645,4,43005,1.3591383564243689,0.3544722712896311
18,47957,649,1,1,38655,72,1683,0.075,0.421,0,1,0,0,0,17867,1154,24903,0,178392,0.8060177655448517,0.4622050910596026
33,66662,726,0,4,121872,48,440,0.424,0.079,0,3,0,12,5,31063,16159,238005,14,115112,1.828180549930246,0.2548800800833655
66,63469,561,1,1,18420,84,1793,0.466,0.339,0,2,0,18,39,14910,2967,14431,13,138752,0.2902158500078777,0.809402312578036
66,46580,456,0,2,67925,48,1163,0.132,0.3,0,1,0,9,27,16702,13352,92727,10,-33575,1.4582125759429811,0.2458852280422813
73,20106,769,0,2,33868,48,267,0.238,0.159,0,3,0,32,34,13254,4201,10174,14,35902,1.684388521410454,0.3913313059139626
33,51528,518,0,1,27401,48,545,0.338,0.127,0,3,0,6,10,5550,8672,34848,13,51712,0.5317588154243241,0.2025399605868184
45,42075,569,0,4,65110,84,487,0.221,0.139,1,1,0,15,24,7322,4334,53746,2,11936,1.5474379693887252,0.112454116815899
40,72968,673,0,1,150435,36,2078,0.25,0.342,0,3,0,3,7,31359,12631,100781,21,193861,2.0616289109073715,0.208454093435082
20,71637,797,0,0,140649,24,2580,0.093,0.432,0,1,0,34,0,24028,7148,90497,1,110454,1.9633295178536527,0.1708354070387486
33,14640,687,0,4,24472,48,359,0.282,0.294,0,0,0,21,12,10960,1656,43688,14,19442,1.671470527969401,0.4478404772606546
65,38813,748,0,1,79692,48,412,0.235,0.127,0,4,0,45,36,19473,10813,151459,23,-50607,2.0531766888236205,0.2443501938689722
29,19877,605,0,3,21645,36,252,0.271,0.152,1,3,0,48,5,2074,4477,37828,2,-7352,1.0888922426803502,0.0958144691859927
75,53513,815,0,0,19945,24,773,0.119,0.173,0,2,0,5,46,10241,6394,18159,13,60217,0.3727062077213439,0.5134362779504663
18,53918,748,0,0,35996,60,868,0.222,0.193,0,0,0,38,0,26882,3500,59299,0,25522,0.6675939835679445,0.7467844542600772
32,38232,611,0,0,76378,36,1522,0.351,0.478,1,1,1,47,9,25256,7988,139065,0,62011,1.997698323437868,0.3306668063211092
57,66389,660,0,1,141727,12,671,0.612,0.121,0,0,0,9,38,21803,13857,260928,19,-58717,2.13476427172767,0.1538369270715737
31,49986,580,0,3,105206,48,1625,0.555,0.39,0,3,0,36,6,32042,755,140827,10,35771,2.104667213475504,0.3045614835514747
29,128246,755,0,1,78573,60,747,0.237,0.07,0,1,0,35,8,100477,28497,107541,8,512905,0.6126693022058995,1.2787563316109654
62,47303,716,0,4,25634,24,1066,0.34,0.27,0,0,0,6,41,6400,9596,31207,18,26053,0.5418992051412143,0.2496586697874
41,30884,699,0,3,11151,12,932,0.073,0.362,0,1,1,23,17,10174,2420,18712,20,93399,0.3610490529383195,0.9123027259684362
46,96413,684,0,0,94048,60,2956,0.485,0.368,0,4,0,7,23,77236,13585,118562,9,127074,0.9754599954363474,0.8212314857148934
59,33229,659,0,3,5063,24,319,0.382,0.115,0,3,0,25,27,8130,8599,2566,19,56536,0.1523623232019259,1.6054502369668249
72,35767,749,0,2,5322,36,1274,0.239,0.427,0,0,0,1,21,30295,8341,2805,21,100001,0.1487922165063744,5.691339470223558
71,146368,767,1,1,166858,24,2991,0.17,0.245,0,3,0,36,28,16082,38837,317210,11,103103,1.1399818267529327,0.0963807765838222
71,93668,664,1,0,167109,24,807,0.768,0.103,0,3,0,9,20,35193,26766,106948,2,5404,1.784037408320789,0.2105978098258632
63,34622,637,1,0,50435,12,842,0.116,0.292,0,0,1,36,42,22439,5348,66459,24,101644,1.4566906391704937,0.4449004679197398
51,38825,553,0,4,53853,60,305,0.337,0.094,0,0,0,20,22,16276,8045,57674,15,105963,1.3870344614433627,0.3022245329966205
42,51776,708,0,3,5823,72,1181,0.453,0.274,0,2,0,32,18,12916,15212,7292,2,111668,0.1124630627498696,2.21771978021978
65,30300,629,0,0,58945,24,503,0.23,0.199,0,3,0,43,20,1972,4998,79737,3,6762,1.9453153361275208,0.0334543480473653
39,42827,693,0,4,36929,12,1687,0.639,0.473,0,0,0,8,8,9759,11886,44619,20,127314,0.8622630055104138,0.2642567018683996
56,133342,621,0,4,31172,84,1078,0.133,0.097,0,1,0,47,15,81347,7711,46969,10,560948,0.2337730514537696,2.609533891508677
32,91783,676,0,0,59939,72,3167,0.129,0.414,1,4,0,45,9,2323,2746,91010,12,222017,0.6530441035474592,0.0387554220887554
25,44969,534,1,3,49553,120,1540,0.144,0.411,0,4,0,20,3,7601,5177,47399,2,170419,1.1019123860351343,0.1533882229487024
64,31915,661,0,3,27950,12,791,0.237,0.297,0,1,0,31,30,9009,2413,47136,3,21905,0.8757363078079959,0.3223140495867768
25,43205,598,1,4,14659,60,599,0.293,0.166,0,1,0,7,6,17613,5804,10343,4,89631,0.3392815812618617,1.201432469304229
19,21034,618,1,3,30693,48,744,0.379,0.424,0,3,0,40,0,12700,1110,25214,1,60263,1.4591395293558356,0.4137616472274711
29,25467,754,2,1,12448,60,177,0.348,0.083,0,1,0,13,5,10509,3883,23102,6,90077,0.4887702214543741,0.8441641898947707
52,60040,637,2,3,27537,48,2488,0.277,0.497,0,0,0,22,32,7030,10389,36365,10,57623,0.4586365983244783,0.2552836081051637
33,37954,850,1,4,48666,72,1427,0.309,0.451,0,3,0,12,11,27116,2666,79536,5,122269,1.2822026083519955,0.5571742659296854
37,38104,616,0,3,37831,72,470,0.266,0.148,0,2,0,44,17,16819,11327,61739,10,-6143,0.9928093426059572,0.4445707337703531
56,66855,696,0,1,133252,12,2613,0.603,0.469,0,2,1,36,15,52080,5107,205770,19,74541,1.993119540504966,0.3908354783757213
34,48157,570,1,3,79057,36,680,0.412,0.169,0,3,0,45,12,18969,12435,44422,12,29405,1.6416171767930563,0.2399377672088846
45,91724,810,0,0,150036,24,2990,0.466,0.391,0,1,0,33,15,69929,10794,77930,7,350573,1.635715453802126,0.4660783673360571
56,45767,738,2,3,37201,84,1463,0.353,0.384,0,0,0,25,24,8553,10064,30929,12,18029,0.8128168152420906,0.2299069942476211
44,38683,700,0,3,36230,72,1458,0.397,0.452,0,2,0,1,19,6196,11227,33347,21,94098,0.9365629200703132,0.1710137727360547
72,97632,536,1,1,176186,60,3712,0.177,0.456,0,0,1,35,41,36829,5018,227286,5,-16386,1.8045742730429264,0.209033583635569
70,19648,555,1,3,17404,12,888,0.098,0.542,0,3,0,17,49,1857,4636,31570,14,13336,0.8857448216194208,0.1066934788853777
40,37663,745,0,1,68113,72,1150,0.387,0.366,0,1,0,27,10,23520,842,127335,6,-80923,1.8084377655055224,0.3453034618433802
35,100681,800,0,1,159856,12,3627,0.387,0.432,0,0,0,1,15,74966,13268,208455,7,218880,1.5877316700105282,0.4689566299880518
45,41778,700,0,1,50048,24,523,0.186,0.15,0,1,1,39,21,3922,6586,64080,23,60377,1.1979224012063476,0.0783632040600211
58,52312,600,0,1,36802,48,1037,0.533,0.238,0,1,0,37,29,2929,11332,58199,3,80691,0.7034962628792079,0.0795859033230986
28,38758,560,0,3,34284,48,1431,0.31,0.443,0,1,0,4,3,11419,9644,32409,0,146939,0.8845429448644185,0.3330611054396966
49,36341,612,0,0,16112,48,1363,0.178,0.45,0,2,1,4,23,32276,5670,13799,15,203857,0.4433437895547851,2.003103084465959
31,50327,722,0,1,12212,120,2210,0.156,0.527,0,0,0,24,3,11041,6526,24107,5,71522,0.2426482276267684,0.9040366822238598
37,19542,636,0,1,12517,12,539,0.472,0.331,1,1,0,14,16,9903,828,19653,16,6444,0.6404850841733613,0.7911008148266496
67,48174,678,0,1,25689,36,1462,0.288,0.364,0,3,0,27,16,16101,10395,44495,24,86599,0.5332433834976648,0.626741922927209
44,144128,655,1,4,218172,120,4610,0.546,0.384,0,3,0,22,17,48312,8784,171579,11,583538,1.5137272859729825,0.221438949824222
52,67951,583,0,4,15248,12,1225,0.055,0.216,0,4,0,8,14,52704,8363,7218,20,260742,0.2243936896632917,3.4562266378123154
39,66241,504,0,1,113102,12,2983,0.183,0.54,0,0,0,4,14,25421,13906,133287,3,-59660,1.7074061773497178,0.2247597322794267
45,57444,525,1,0,93289,120,2194,0.547,0.458,0,3,0,26,8,42065,1182,51877,9,50446,1.623970754634868,0.4509057776824954
66,53464,539,0,3,52524,48,1672,0.184,0.375,0,4,0,44,24,45840,5859,28698,6,90818,0.9823997007388012,0.8727272727272727
46,144226,586,0,2,122661,12,2644,0.398,0.22,0,3,0,38,22,89129,41458,70512,18,260421,0.8504718256637107,0.7266227519525199
37,104867,711,2,1,93425,84,2480,0.407,0.284,0,1,0,6,13,22081,18996,70336,15,104365,0.8908818705420147,0.2363474835698842
45,42360,542,1,3,41955,36,914,0.087,0.259,0,1,0,28,13,29765,6482,56619,14,26897,0.9904157125658034,0.7094336924396988
55,38227,709,0,3,12144,48,1468,0.433,0.461,0,1,0,28,24,31062,6930,22781,22,95286,0.3176729099089672,2.5575957184026348
47,66263,694,0,4,102625,60,2044,0.167,0.37,0,2,0,15,18,50120,13192,106727,17,168746,1.5487293251237475,0.4883752655272543
20,28716,680,0,1,46184,120,231,0.242,0.097,0,0,0,23,1,13490,471,78850,0,-10380,1.6082459866977747,0.2920861751650969
43,36366,742,0,3,72948,12,816,0.486,0.269,0,3,0,35,15,29349,5412,116615,10,58529,2.005884455687849,0.4023221702833486
59,86188,581,0,3,20964,72,3397,0.373,0.473,0,0,0,28,34,2682,23589,21705,1,52895,0.2432328951490329,0.1279274982113045
22,40913,734,0,1,82827,36,693,0.175,0.203,0,4,0,9,1,18172,6067,110680,1,-60528,2.024417069951606,0.2193944076882213
31,54960,539,0,1,28542,60,2420,0.392,0.528,0,1,0,39,9,32578,5506,17365,0,159108,0.519313695165663,1.1413656588305363
70,107591,759,0,0,216978,12,2525,0.106,0.282,0,0,0,19,42,5332,24985,128896,22,132960,2.0166741021637296,0.0245738066817526
52,93226,579,0,2,82290,120,527,0.527,0.068,0,0,1,23,32,36520,16342,40188,19,459413,0.8826842009289154,0.4437909370405026
64,12022,795,1,1,13720,36,436,0.413,0.435,0,0,0,24,29,3147,759,26494,1,-418,1.1411461365715712,0.2293564608993513
60,20740,661,2,3,43159,84,496,0.237,0.287,0,1,0,30,27,4527,1122,16168,14,56260,2.0808543464635263,0.1048887859128823
67,51248,842,0,0,79990,72,1053,0.225,0.247,1,4,1,26,45,11571,9662,69431,6,115868,1.5608109426525396,0.1446537735495243
28,105992,692,2,3,198410,24,3594,0.024,0.407,0,1,0,27,7,30623,9289,299770,6,-6136,1.8719160699291464,0.1543412411610243
49,75091,673,0,0,52630,12,2493,0.308,0.398,1,3,0,10,16,44767,5825,44067,2,308753,0.7008735950567304,0.8505823564059205
52,136546,679,2,1,214426,84,2150,0.186,0.189,0,1,0,13,32,69918,16315,342975,2,-151393,1.5703457417592477,0.3260690118315324
59,21356,802,1,3,42741,84,453,0.479,0.255,0,3,0,13,25,5347,3296,26217,3,75338,2.0012642225031607,0.1250994338121753
35,73481,672,1,0,36514,60,2231,0.216,0.364,0,2,0,24,13,52416,10301,26386,16,80603,0.4969108080890558,1.4354648774476242
65,78155,553,0,1,74674,12,1756,0.176,0.27,0,3,0,6,43,29348,16796,90553,5,65765,0.9554480782025692,0.393009708737864
71,52345,751,0,4,114920,84,806,0.163,0.185,0,1,0,33,32,24130,6074,165023,0,-4503,2.19539219806671,0.2099703274423299
75,78607,719,0,1,17015,12,1296,0.323,0.198,0,1,0,7,36,53781,5454,32145,6,269024,0.2164537960512925,3.160613540197461
30,88140,536,2,1,35387,84,2101,0.5,0.286,0,3,1,29,10,36094,3613,48597,1,160434,0.4014817167946812,1.019950265626766
25,133672,731,0,0,34452,84,5652,0.087,0.507,0,4,1,4,3,64756,1560,49443,6,252505,0.2577334241020999,1.879546048239631
43,98512,611,0,1,19866,72,1468,0.023,0.179,1,0,0,5,24,60702,13442,18840,9,233198,0.2016586643387167,3.0554185332460864
74,101902,804,1,0,127226,120,2615,0.179,0.308,0,0,0,23,35,70546,1717,145730,15,328154,1.2485010254850202,0.5544892200554914
65,51395,572,0,0,111335,48,817,0.282,0.191,0,1,0,35,33,36451,6238,206481,15,50046,2.166219161024204,0.327396349788029
72,23671,653,0,4,17572,72,831,0.116,0.421,0,2,0,18,26,20826,2000,17816,5,101246,0.742311591753971,1.1851135264325954
73,71420,744,1,0,48216,24,1581,0.27,0.266,0,3,1,30,37,48012,2760,38104,21,346020,0.6750955601293737,0.9957483874981852
51,64138,683,0,1,71722,120,773,0.019,0.145,0,4,0,24,31,25548,3084,131954,20,133814,1.1182275994324826,0.3562037282322267
58,69671,671,1,0,72495,120,1294,0.376,0.223,0,0,0,5,37,51585,367,132469,17,214092,1.040518429211161,0.7115564996689473
67,110266,659,1,4,29193,24,1687,0.331,0.184,0,3,0,22,20,95356,9445,46588,12,456780,0.2647482927802516,3.2662875933410973
20,106531,623,1,1,37064,48,3778,0.271,0.426,0,3,0,15,1,25619,15957,25636,0,238152,0.3479142417301843,0.6911911506812357
69,41966,759,0,3,8123,12,1509,0.388,0.431,0,4,0,11,32,14240,8256,3378,7,171141,0.1935568422808397,1.7528311176760216
47,33272,840,0,1,52133,48,913,0.128,0.329,0,4,1,19,12,18482,8377,91262,11,5697,1.566825954978511,0.3545095331261748
24,133880,627,0,1,233157,36,3571,0.22,0.32,0,1,0,16,4,93797,26969,105316,2,447123,1.741524189392072,0.4022894346323094
68,71275,765,0,0,148042,72,3178,0.301,0.535,0,3,0,22,19,47607,8680,60461,20,143551,2.0770245243840844,0.3215754882027519
34,71559,729,2,1,9569,36,2233,0.214,0.374,1,2,0,42,9,58090,10044,8733,15,260058,0.1337199552822806,6.070010449320794
71,40721,699,0,1,63388,72,503,0.6,0.148,0,0,0,24,28,23900,3425,38038,6,85003,1.5566033102499877,0.3770370253514016
53,23632,665,2,3,4287,48,695,0.095,0.353,0,1,0,33,33,11044,5760,1815,21,107912,0.1813988913806964,2.575559701492537
63,26992,578,0,0,2761,12,950,0.057,0.422,0,1,0,1,20,5438,1023,2019,6,60112,0.1022857777942429,1.9688631426502532
37,142553,680,1,0,154664,120,3976,0.377,0.335,0,3,0,10,11,117575,5848,116753,17,655393,1.0849502644611866,0.7601913813726441
25,101371,840,0,4,109749,60,4025,0.226,0.476,0,3,0,29,2,48106,16450,44415,7,96779,1.0826362309118889,0.4383234624145786
71,76624,645,0,1,118921,72,663,0.356,0.104,0,1,0,25,40,24315,20996,200324,4,18211,1.5519869494290377,0.2044617480365281
60,48574,665,1,1,48269,12,768,0.24,0.19,0,4,0,28,26,3956,8326,24713,3,39669,0.9937004632012352,0.0819556660451626
53,51433,774,1,1,65985,24,1251,0.108,0.292,0,3,0,14,17,26824,52,114037,7,164660,1.2829062487848504,0.4065104719182857
55,31460,709,1,1,64631,48,140,0.588,0.053,0,3,1,15,31,11752,6140,90777,2,3333,2.054321223101618,0.1818294343359326
20,35390,704,0,4,30557,12,806,0.357,0.273,0,2,0,34,0,19365,1757,35162,2,134908,0.8634116018196717,0.63371293932849
63,57488,746,0,1,65580,60,860,0.427,0.18,0,2,0,10,34,49171,6588,73780,13,67867,1.1407399676459844,0.7497750872966256
50,98834,589,0,1,20006,12,3017,0.369,0.366,0,3,1,30,18,82907,5486,30767,5,532040,0.2024181717003086,4.143899635127705
61,68557,662,0,3,37490,84,1773,0.371,0.31,0,2,0,5,25,18884,19413,18726,22,115306,0.5468362554333557,0.5036942199461204
42,57921,674,0,2,107698,84,596,0.219,0.123,0,4,0,20,21,28822,4759,123005,5,176387,1.8593625910707503,0.2676162267059118
60,39740,522,0,2,38607,36,1351,0.297,0.408,0,1,0,19,17,4396,2153,25006,24,170301,0.9714652374122444,0.1138624119353501
72,50083,566,0,2,81595,12,1838,0.211,0.44,0,2,0,31,28,7108,11570,60799,9,155569,1.6291630061496685,0.0871121133388891
25,61565,713,1,2,88785,72,989,0.656,0.193,0,1,0,13,4,21277,16028,76584,4,133576,1.442110905369847,0.2396436375104183
36,92248,568,0,1,107620,120,814,0.255,0.106,0,1,0,2,12,41035,10051,52951,9,452477,1.166625112467344,0.3812917553265627
75,60331,650,0,4,91953,36,824,0.542,0.164,0,3,0,9,23,5,1409,117349,14,-60469,1.5241165550619904,5.43750135937534e-05
31,97930,737,0,0,94620,84,1185,0.101,0.145,0,1,0,15,8,43097,26047,106878,4,61182,0.9661904810529864,0.4554697160249839
43,38356,690,0,2,21803,48,632,0.469,0.198,0,0,0,46,23,2724,7340,16095,7,35145,0.5684229736423599,0.1249312052834342
21,22966,710,0,0,13141,84,647,0.036,0.338,0,3,0,15,2,19680,1746,11278,3,23106,0.5721687638786085,1.4974889666717397
34,44537,595,1,3,86347,12,1054,0.053,0.284,0,2,0,9,6,18722,6462,137409,16,4185,1.9387264807580045,0.216820308519016
52,25877,650,0,1,22979,24,320,0.158,0.148,0,1,0,9,24,2019,2394,37667,16,-19673,0.8879743411391916,0.0878590078328981
50,75950,612,0,4,148927,72,1052,0.089,0.166,0,2,0,31,19,61348,13538,89361,2,36086,1.960830008821477,0.4119305973356252
35,53053,599,0,0,40266,84,394,0.214,0.089,0,3,0,48,12,7816,1984,62701,3,185535,0.7589625664417387,0.1941043534407827
40,64856,495,0,1,129220,72,945,0.108,0.175,0,3,0,42,10,51083,17906,227873,5,-74913,1.992383243134897,0.3953150029793918
63,23876,565,2,3,5055,24,120,0.244,0.06,0,1,0,11,41,17334,3013,9767,7,107042,0.2117100138208317,3.4284018987341773
39,109607,644,0,2,136218,120,4661,0.179,0.51,0,4,0,22,16,69357,14881,243867,3,176035,1.2427742500547403,0.5091580469684845
51,92411,686,1,1,183413,24,1485,0.184,0.193,0,1,0,21,20,47905,23884,60363,13,134780,1.984731420161884,0.2611850785654312
45,68911,597,0,0,133549,12,2601,0.543,0.453,0,0,0,6,25,10310,741,46212,3,178449,1.9379643603436267,0.0771995507300636
37,112356,766,0,0,32197,84,1043,0.742,0.111,1,3,0,32,10,96343,6354,43682,2,134127,0.2865598049075714,2.992204484750605
74,66514,539,0,0,121683,60,456,0.081,0.082,1,4,0,19,43,5526,19843,93367,2,-10939,1.8294069006990905,0.0454127083264849
33,65222,585,2,1,24109,72,2859,0.488,0.526,0,2,0,32,14,25117,10752,32807,0,273066,0.3696395443325207,1.041766901700539
47,28080,490,0,0,54153,48,547,0.12,0.234,0,0,0,2,13,10065,2784,22207,18,129025,1.928456963783341,0.1858588469919119
44,72005,637,0,0,30201,24,2028,0.673,0.338,0,0,0,31,22,54841,8792,21071,7,248581,0.4194233813848846,1.8158069002052843
59,97094,850,0,0,95589,84,2030,0.535,0.251,0,3,1,47,31,72733,650,183539,10,264588,0.98448941758072,0.7608850298148342
36,50824,799,0,3,37691,120,1119,0.033,0.264,0,3,0,25,11,13135,2462,46518,17,212937,0.741583866207575,0.3484824365913191
60,94409,664,0,3,61920,12,1001,0.356,0.127,0,3,0,34,16,5642,3227,65878,7,48560,0.655862726406101,0.0911160995461959
22,55157,688,2,0,51761,60,2228,0.459,0.485,0,1,0,32,1,26479,220,63870,1,197886,0.9384132854708293,0.5115528766276419
60,121347,850,1,0,192867,60,3225,0.251,0.319,0,0,0,44,25,72775,13817,174579,2,249832,1.5893710650360946,0.3773306095360557
71,56490,573,0,3,84496,72,2455,0.279,0.521,0,3,0,11,18,31631,5127,102718,1,187360,1.495742684675435,0.3743446512893948
29,90704,698,0,1,183527,12,3440,0.57,0.455,0,0,0,32,7,37376,19601,119082,10,138431,2.023339396946144,0.2036528486116559
28,48812,631,0,1,42717,120,2017,0.277,0.496,0,1,1,0,6,32263,4590,83873,1,180980,0.875115235695409,0.7552553958518657
55,56203,651,0,1,62182,60,1388,0.321,0.296,0,1,0,17,27,19971,7935,72830,22,64828,1.1063625364742722,0.3211649486193976
38,56950,799,0,3,38205,60,300,0.412,0.063,0,0,0,35,19,28768,2181,42295,8,149956,0.670839844778845,0.7529707375804847
54,42712,816,0,0,74600,24,350,0.455,0.098,0,0,0,48,17,19358,9689,128999,18,110112,1.7465408657785686,0.2594871382421147
41,121208,545,1,3,18744,72,791,0.434,0.078,0,1,1,23,16,49890,19385,28708,7,506940,0.1546419820310373,2.6615097359295814
27,52682,850,1,4,67806,60,1729,0.41,0.394,0,1,0,12,5,25811,2183,128007,1,-34883,1.2870565457547976,0.3806539147875588
74,43295,607,2,1,35704,60,816,0.241,0.226,0,1,0,14,51,14733,10600,21643,4,95720,0.824648928307465,0.4126312841338748
46,32738,726,0,1,20249,12,1368,0.263,0.501,1,4,0,6,8,12880,7550,29045,5,69427,0.6184978160603561,0.6360493827160494
18,100597,641,0,0,109665,48,749,0.303,0.089,0,1,0,36,0,13237,1226,210168,0,17964,1.0901310165212033,0.1207028614155709
52,68626,679,0,0,44275,60,2831,0.087,0.495,0,0,0,14,24,17118,12520,59535,1,239500,0.645154239585003,0.3866202909025205
46,47152,744,0,0,89959,120,778,0.208,0.198,0,1,0,44,19,12141,11366,166003,9,-40723,1.907810743749072,0.1349599822143175
62,46494,779,0,4,78175,72,407,0.396,0.105,0,3,1,31,37,3699,11769,145808,22,71542,1.681363587482525,0.0473163119115841
21,40956,607,0,4,79450,84,553,0.346,0.162,0,1,0,11,1,21954,6490,118613,0,102262,1.9398393437019312,0.2763212546097595
40,30645,503,0,2,37311,12,499,0.074,0.195,0,3,1,16,16,20007,4526,18152,21,62790,1.217483521503622,0.5362081903945112
71,31121,718,0,0,39910,24,1250,0.155,0.482,0,3,0,15,31,5963,7609,61994,3,49740,1.282372598162072,0.1494074315351657
62,75323,629,0,4,37837,24,3387,0.377,0.54,0,1,0,37,23,50367,16218,74015,20,304468,0.5023232966916256,1.331122152333633
31,22692,582,0,1,34282,120,826,0.422,0.437,0,0,0,39,4,1471,6776,65763,11,50334,1.5106861146609087,0.0429075635154449
69,83292,545,0,3,44566,72,800,0.407,0.115,0,1,1,33,36,49238,23524,64687,22,105880,0.5350509646668988,1.1048084905872058
25,17305,747,0,0,19409,48,719,0.183,0.499,0,1,0,7,2,4076,1129,13526,3,15103,1.121518548480296,0.2099948480164863
50,22804,595,2,0,28298,120,615,0.189,0.324,0,0,0,27,27,7964,3626,48984,2,47352,1.240868230651173,0.2814233718505954
21,33063,817,1,2,28977,24,1288,0.139,0.467,0,0,0,31,2,19734,382,21650,1,98332,0.8763912412291314,0.6809993788391193
34,77790,629,0,2,63892,72,724,0.417,0.112,0,3,0,31,10,65277,17713,99194,13,364437,0.8213289455078351,1.0216612148435666
60,26690,612,0,3,3388,36,1107,0.183,0.498,0,3,0,1,24,11354,584,2543,23,124626,0.1269341725675321,3.350250811448805
40,169878,784,1,2,114149,48,2179,0.079,0.154,0,3,0,10,20,108615,16204,109611,19,795879,0.6719429711736,0.9515111695137976
56,40300,607,0,1,41936,48,1181,0.567,0.352,0,1,1,25,35,11060,7492,24922,9,150049,1.0405697129103495,0.2637289267234184
20,65698,692,0,4,127813,60,2013,0.425,0.368,0,4,0,4,1,51227,16982,128860,0,-1997,1.9454329594057749,0.4007933403226563
43,33105,790,1,4,20800,36,409,0.179,0.148,1,3,1,26,10,22785,8640,27512,16,49971,0.6282849030387241,1.0953800298062593
74,193598,708,1,3,231691,24,1409,0.213,0.087,0,3,0,43,51,92300,57143,300334,19,65235,1.1967572146550345,0.3983737030195259
44,28971,567,0,4,51714,72,418,0.353,0.173,0,0,0,32,16,14280,2236,47485,16,18876,1.7849647935938149,0.2761287827516194
47,41847,634,0,0,8319,24,690,0.142,0.198,0,2,0,3,28,4911,2376,4697,19,83762,0.1987908621678455,0.5902644230769231
23,81930,740,0,2,80825,24,1134,0.107,0.166,0,1,0,37,1,54331,14160,24793,5,295384,0.9865008360693754,0.6721970653007695
72,30570,734,1,3,35230,12,1317,0.322,0.517,0,0,0,30,43,2047,7911,51058,22,59455,1.1523993327009256,0.0581022395049814
32,62686,752,1,1,99216,84,965,0.192,0.185,0,0,0,33,5,653,7984,67282,1,-7655,1.5827205002632123,0.0065815334065734
39,18153,610,0,3,19169,48,229,0.626,0.151,0,3,1,6,19,8267,1740,35493,9,33052,1.0559105431309903,0.4312467396974439
66,56961,591,0,3,69647,36,1047,0.284,0.221,0,1,1,14,34,30449,1208,136699,6,108653,1.2226923211965872,0.4371841258901907
75,20951,723,0,4,38739,72,703,0.48,0.403,0,1,0,8,29,12749,1001,47375,12,58858,1.8489404352806416,0.3290913784202375
20,55061,687,2,1,63354,48,603,0.133,0.131,0,1,0,45,1,22539,15056,48819,1,218733,1.1505938759943335,0.3557572409438876
20,55369,612,0,1,40877,84,538,0.072,0.117,0,1,0,9,1,29254,4190,17110,0,46431,0.7382517608813437,0.7156416654435148
65,55293,692,0,3,61560,12,2113,0.095,0.459,1,1,0,9,27,31992,578,116192,12,76543,1.1133215177053568,0.5196796673218433
67,47917,687,0,4,89341,24,335,0.011,0.084,0,1,0,36,21,9021,1095,51527,21,150764,1.8644559455736884,0.100971547536433
69,54922,682,0,2,49794,12,889,0.151,0.194,0,1,0,24,47,8913,2614,39809,19,80123,0.90661471514666,0.1789938748870368
18,47874,626,0,0,20934,24,644,0.233,0.161,0,1,1,42,0,41115,6301,19119,0,177331,0.4372637075718015,1.9639359923572963
53,45231,644,0,1,59357,48,1910,0.355,0.507,0,3,0,16,13,21374,9562,102962,5,131024,1.312278917580474,0.3600862562754809
30,34801,647,0,3,66899,60,883,0.514,0.304,0,4,0,14,7,13055,1240,70271,0,41791,1.9222745819205795,0.1951420029895366
43,65679,778,0,3,100620,48,511,0.12,0.093,0,3,0,48,17,20350,5573,30484,5,196621,1.531973203410475,0.2022440643603223
27,58923,636,0,0,40843,12,2606,0.358,0.531,0,0,0,32,5,21113,4586,23403,4,81853,0.6931471047450953,0.5169180295759475
62,81659,659,0,3,14159,48,2650,0.248,0.389,0,0,0,36,27,58542,14031,22294,5,256184,0.173389664462405,4.134322033898305
35,55055,590,0,0,26372,12,1076,0.203,0.235,0,0,0,24,7,9700,10765,22283,1,250375,0.4790031967451322,0.3678004019262124
28,40104,548,2,0,51271,48,1756,0.246,0.525,0,2,0,45,6,20400,5578,98907,5,51512,1.2784191497319537,0.3978779840848806
21,39434,762,0,1,72558,24,790,0.409,0.24,0,3,1,39,1,5162,9066,131169,0,-86578,1.8399391403575505,0.0711421050455491
27,94814,654,0,1,190640,36,3023,0.797,0.383,0,4,0,13,3,14290,2760,295636,0,93486,2.010652322944681,0.0749576428994812
73,37512,730,0,3,6670,72,438,0.211,0.14,1,1,0,34,23,5792,5850,8320,24,158723,0.1778050275904353,0.8682356468295608
37,56527,567,0,2,117778,12,1972,0.258,0.419,0,3,0,21,8,6581,6973,224689,12,8356,2.083533823945656,0.0558758352507662
73,140160,659,0,4,116613,60,5857,0.312,0.501,0,3,0,5,50,39970,36382,46686,12,372881,0.8319932078110174,0.3427547292777883
51,82327,710,0,3,108497,60,3324,0.184,0.485,0,1,0,29,27,21697,5307,154120,4,-5387,1.3178626955592263,0.1999760364246345
42,53042,559,0,0,112486,12,1881,0.352,0.426,0,2,0,44,7,31135,5307,99057,19,5669,2.120656825594329,0.2767875398934988
21,207537,679,1,4,411416,60,6148,0.607,0.355,0,3,0,43,2,110072,26963,548920,3,231503,1.9823646753847488,0.2675436357758673
58,48222,749,0,4,63265,60,1919,0.187,0.478,0,0,1,5,30,27697,4040,37495,13,59383,1.3119258445140285,0.4377864887933487
54,98800,850,0,3,190734,12,1619,0.193,0.197,0,1,0,25,28,54423,15532,194630,20,270633,1.93048653353711,0.2853330537132671
66,76303,695,0,1,118298,84,2269,0.101,0.357,0,0,0,9,22,4149,21549,203223,11,-58456,1.5503512266722583,0.0350721476935561
45,108377,613,0,4,115058,120,1808,0.289,0.2,0,4,0,41,15,20406,12673,54617,23,177062,1.0616361254129068,0.1773524887231768
56,63306,652,0,3,42462,12,364,0.08,0.069,0,3,0,15,36,52580,11292,23501,1,192180,0.6707315146824205,1.2382544803711466
45,72582,674,2,3,126107,24,2781,0.186,0.46,0,2,0,30,15,31760,7211,229170,16,8561,1.7374178526652246,0.2518476226726298
43,60172,698,1,3,21919,60,1532,0.265,0.306,0,1,0,0,15,2902,4481,27964,21,56322,0.3642663653133465,0.1323905109489051
71,26420,572,0,0,6562,120,455,0.21,0.207,0,3,0,31,49,19869,1468,6488,18,49764,0.2483630445478975,3.0274264817918635
47,76790,598,1,0,32868,72,1663,0.21,0.26,0,2,0,19,9,9507,18991,38559,8,135556,0.4280189084658358,0.2892391006723661
43,43989,591,0,0,53545,24,1851,0.366,0.505,0,3,0,5,14,9848,11119,77143,11,-24759,1.2172084564673789,0.1839166324281926
26,114964,675,0,1,197921,84,905,0.019,0.094,0,2,0,36,3,37752,31183,230378,8,363212,1.7215761318662202,0.1907418073786643
40,105390,530,0,3,22374,72,2412,0.132,0.275,0,1,0,2,7,19423,4093,20101,4,70975,0.2122951675190481,0.8680670391061452
30,97937,626,2,4,171302,48,4340,0.405,0.532,0,1,0,15,10,9923,23220,129177,11,84296,1.7490861565480202,0.0579265978996281
43,69864,671,0,0,31693,72,3115,0.094,0.535,0,2,1,2,8,2097,6930,11209,10,305335,0.4536320045802619,0.0661639427020887
61,45558,733,0,3,50668,24,1775,0.748,0.468,0,0,0,40,35,7652,9792,54433,8,100051,1.112140301586953,0.1510193609504825
58,121784,778,0,1,202241,84,2852,0.302,0.281,0,3,0,33,12,3246,359,214720,5,342852,1.6606396518454654,0.0160500786186845
52,54154,724,0,1,45878,120,2051,0.216,0.454,0,1,0,12,18,38565,3666,53543,24,62697,0.8471609269688856,0.8405806578173021
24,106810,514,0,1,137476,72,2524,0.298,0.284,0,1,0,11,5,94182,5170,113090,6,359393,1.2870958983625282,0.6850745942957731
74,48592,647,2,3,41515,120,2020,0.229,0.499,0,2,0,25,17,36228,13355,65405,7,195636,0.8543411602494186,0.8726274207534445
42,48663,829,2,0,65205,12,693,0.53,0.171,0,2,1,10,8,24538,13266,24367,13,188261,1.3399021864211738,0.3763150630310094
54,88144,765,0,2,37363,120,1811,0.101,0.247,1,4,0,0,13,44435,11983,35618,8,417292,0.4238811049974474,1.1892463333690184
21,78026,757,0,1,110885,24,3563,0.648,0.548,0,0,0,14,0,24041,2671,52519,0,166769,1.4211106411883063,0.2168082535216348
22,59529,458,0,1,22486,12,2299,0.313,0.463,0,4,0,26,1,21467,6121,37064,0,240011,0.3777255165462791,0.9546404589318273
29,35957,804,2,3,50902,60,597,0.091,0.199,0,3,0,41,7,7333,2189,45434,3,51935,1.415595973079704,0.1440583069760132
19,135726,660,2,3,170456,84,1107,0.173,0.098,1,1,0,34,0,27558,19892,132236,0,40581,1.255873923390335,0.1616712719336841
48,111888,802,0,0,141136,24,4860,0.4,0.521,0,0,0,43,25,51233,3792,226781,16,219770,1.2613929876931602,0.3630019059495384
70,33719,622,1,1,23190,84,532,0.735,0.189,0,4,0,16,16,24806,8508,23614,16,160868,0.6877224199288257,1.0696390841274632
60,115337,649,0,0,120550,48,4216,0.055,0.439,0,3,0,26,26,11341,26925,54264,17,167709,1.0451889229915552,0.0940763660193611
73,24363,470,0,3,33672,72,536,0.462,0.264,0,0,0,4,28,9046,396,65250,11,46363,1.382039074043671,0.2686425325928785
28,49856,705,2,1,35055,12,2174,0.022,0.523,1,1,0,25,7,18380,1030,40209,2,198867,0.7031108971658945,0.5243039707895938
30,43593,585,0,2,22449,84,797,0.318,0.219,0,4,0,7,4,17817,3950,40060,10,85777,0.5149561866311878,0.793630289532294
39,78711,578,0,1,20443,12,1093,0.277,0.167,0,0,0,14,10,32688,23600,32078,0,181345,0.2597189755056408,1.5989043240070435
40,54465,659,0,2,44959,120,625,0.16,0.138,0,0,0,11,10,37263,9086,78555,17,109840,0.8254507399111373,0.8288033807829182
62,52840,706,0,1,67389,48,2275,0.367,0.517,0,4,0,48,32,32386,11845,31477,15,98933,1.2753165155844892,0.4805757530790918
54,62136,685,0,3,120878,48,741,0.188,0.143,0,4,1,20,34,36227,9132,181021,22,158724,1.9453465728953765,0.2996963906054815
59,42782,702,0,2,39483,120,563,0.592,0.158,0,3,0,5,23,19082,7200,33644,4,54996,0.9228665591473248,0.4832843683517374
38,34561,598,0,3,53653,120,1551,0.22,0.539,0,2,0,14,7,13192,1558,55553,16,35500,1.5523696545338812,0.2458716964252432
74,41954,666,2,0,17195,60,1118,0.175,0.32,0,1,0,29,37,5611,6201,32440,12,6072,0.4098438803479919,0.3262968132123749
60,48689,574,1,4,24477,12,1988,0.399,0.49,0,1,1,10,32,6142,12477,17167,12,171082,0.5027110289587184,0.2509191927445052
49,156489,539,0,3,180162,120,6152,0.523,0.472,0,1,0,47,24,139623,23367,265258,9,480740,1.151268451658253,0.7749815444902671
71,136964,752,2,1,256889,36,4944,0.492,0.433,0,1,0,19,44,105834,4271,389979,18,-206057,1.875581352900376,0.4119817820857176
21,48324,579,1,1,85893,36,1460,0.195,0.363,0,0,0,48,2,10412,5092,55266,3,189644,1.7774030005173305,0.1212191771252939
58,42592,780,0,3,91698,72,1870,0.406,0.527,0,1,0,22,32,32083,11227,42992,5,59594,2.152888972366352,0.3498729539035322
74,25155,498,0,4,5169,120,514,0.122,0.245,0,3,1,34,25,5446,6562,3453,15,106575,0.2054778184131022,1.053384912959381
47,66136,612,0,1,86880,24,3024,0.384,0.549,0,4,0,19,25,32271,904,46148,21,26327,1.3136368447313909,0.3714390948538806
35,14276,647,0,2,15651,72,437,0.317,0.367,0,0,0,41,16,11217,3607,24305,11,37005,1.0962387056104224,0.7166496294403271
18,41368,484,0,3,18629,60,1197,0.341,0.347,0,0,0,28,0,11445,12068,8251,0,46802,0.4503130363315526,0.6143317230273752
74,50039,713,1,1,34413,72,1861,0.343,0.446,0,1,0,36,54,28545,11346,27379,21,173080,0.6877098321342926,0.8294589411286104
40,48464,749,0,3,31768,72,1379,0.366,0.341,0,1,0,14,19,9203,5197,54211,17,92458,0.655483338491695,0.2896849129654695
64,67294,661,0,0,123344,60,2253,0.315,0.402,0,2,0,21,26,5132,8465,182167,11,-115273,1.8328850583252845,0.0416068750253354
38,103401,684,1,3,19224,120,1348,0.115,0.156,0,0,1,12,12,49118,26995,18669,15,276896,0.1859151660509468,2.5549024707412222
73,63963,668,2,1,131641,72,2453,0.531,0.46,0,4,0,20,51,11052,1715,187062,13,35628,2.0580482771559003,0.0839549687789611
68,49694,613,1,3,62249,72,695,0.332,0.168,1,0,0,19,27,29980,9224,73609,5,57962,1.2526209880269643,0.4816064257028112
34,137815,609,0,4,298037,48,5606,0.513,0.488,0,2,0,28,7,83777,10675,569619,6,-169957,2.162571834910316,0.2810950281507727
40,69678,785,0,1,19844,72,1044,0.364,0.18,0,1,0,22,8,61762,12387,30143,18,324493,0.2847916875959758,3.112219702695893
72,27288,735,0,2,8555,12,171,0.354,0.075,0,3,1,16,28,6688,3270,7648,20,41028,0.3134962805526036,0.7816736792893876
70,30090,594,0,3,15158,48,878,0.133,0.35,1,1,1,43,27,1281,3784,11147,13,80032,0.5037386593998205,0.0845042548980803
69,91412,477,1,1,100431,120,2782,0.357,0.365,1,3,0,35,36,26818,25591,199642,0,40084,1.0986511765285023,0.2670264457543412
31,35023,721,0,1,70532,72,446,0.077,0.153,0,3,0,32,6,701,4822,88388,0,83562,2.013819095477387,0.0099386102958898
38,102100,690,0,0,116236,24,2388,0.312,0.281,0,3,0,22,6,3302,18311,89909,2,177762,1.1384413472933663,0.0284074778254772
66,102836,709,0,3,161368,48,2370,0.041,0.277,0,1,0,3,30,67219,15517,50518,11,180925,1.5691628499470036,0.416554604663845
46,77825,635,0,1,45491,36,2701,0.066,0.416,0,4,0,23,13,61859,15336,74992,7,332013,0.5845218821473543,1.359777543304317
42,46629,534,0,1,31388,24,807,0.562,0.208,0,3,0,41,9,11868,2201,37204,4,41387,0.6731288869826292,0.3780942368345599
71,70781,516,0,2,47341,60,1003,0.313,0.17,1,0,0,3,29,46681,3415,86077,3,93881,0.6688282331666243,0.9860377677326688
73,51939,648,1,1,28490,60,1700,0.247,0.393,0,0,0,41,53,404,2913,19325,22,146299,0.5485175202156334,0.0141799164648485
71,45834,528,0,1,34834,120,695,0.064,0.182,0,1,1,34,38,32623,13042,15305,24,228705,0.7599869095669248,0.93650064590211
69,200931,670,0,0,319354,24,8838,0.471,0.528,1,2,0,44,38,127947,29185,468265,21,355478,1.589363565783449,0.4006419188677177
54,21079,679,1,3,41933,24,678,0.39,0.386,0,2,0,44,19,5853,54,55379,14,-25803,1.9892314990512332,0.1395764773215052
19,49548,847,0,1,78112,120,765,0.318,0.185,0,1,0,13,0,2961,2202,120235,1,95400,1.576459666189025,0.0379066224572094
43,48320,422,2,0,97476,84,883,0.398,0.219,0,3,0,12,21,25822,5904,153745,20,-82394,2.0172595765816106,0.2649035157011397
73,90667,639,0,1,32576,84,2721,0.12,0.36,0,2,0,27,36,73031,5307,56740,20,204676,0.3592888339877355,2.241796359394665
23,133597,644,1,1,213649,60,2723,0.069,0.245,0,2,1,14,3,58722,37561,415526,4,330499,1.599193101693139,0.2748513924643108
40,15148,840,1,0,13974,48,275,0.263,0.218,0,4,0,24,17,5243,2113,27709,13,8961,0.9224371245626776,0.375169946332737
33,27852,559,0,3,39699,72,927,0.039,0.399,0,4,0,11,6,2170,6543,12770,0,21062,1.4253042760205363,0.0546599496221662
39,62555,691,1,4,50072,12,2418,0.285,0.464,0,3,0,37,18,27419,11205,23249,14,214937,0.8004348104098727,0.5475805324226629
43,31617,427,0,0,23902,84,987,0.384,0.375,0,0,0,28,16,11760,3193,18789,14,74185,0.7559617939148586,0.4919884533322177
48,32574,494,0,0,69002,72,263,0.377,0.097,0,1,0,43,27,19284,539,120893,9,-45485,2.1182501918649272,0.2794661101691231
66,29396,742,0,4,15543,48,266,0.468,0.109,0,3,0,30,34,22856,6016,19285,5,67533,0.528727421165425,1.4704065877509007
49,44766,594,1,0,28984,84,1654,0.044,0.443,0,1,0,20,17,18565,2774,43041,20,199766,0.6474411955234883,0.6405037088149043
65,117311,637,0,1,30718,48,1013,0.587,0.104,0,0,0,45,14,35021,11470,14095,20,275521,0.2618487452264048,1.140043621211628
67,45389,614,0,1,94113,72,687,0.234,0.182,0,3,0,9,22,12311,3835,62267,0,96930,2.0734302709847983,0.1308094438659498
44,38752,697,1,0,6835,12,904,0.178,0.28,0,3,0,30,15,30114,6474,2117,1,118199,0.1763734420560989,4.405207723815097
51,40483,656,1,1,64474,60,325,0.413,0.096,0,4,0,8,29,14963,5614,121876,16,-1702,1.592579784606264,0.2320744474602559
48,40905,818,1,3,56464,60,1039,0.319,0.305,0,3,0,5,14,36323,10215,76117,24,94858,1.3803354031193469,0.6432834499247322
66,15692,557,0,0,21342,60,634,0.665,0.485,0,0,0,19,36,11209,227,18934,9,32239,1.3599694131141271,0.525183901044839
62,106181,698,0,3,170569,120,2161,0.083,0.244,0,1,1,31,34,51272,28455,237068,13,280101,1.606383379480515,0.3005921322624142
23,112944,693,2,0,213560,48,1373,0.089,0.146,0,1,0,42,3,65961,10350,89569,3,427576,1.8908318207977333,0.308862573222639
28,80277,770,0,1,154782,12,906,0.309,0.135,0,3,0,4,3,29310,6733,142257,5,25993,1.9280749395849424,0.1893618808267057
33,29684,850,0,4,27304,72,314,0.105,0.127,0,2,0,15,14,23473,463,16274,0,79234,0.9197911403065522,0.8596594030397363
65,120613,504,0,3,191850,24,3836,0.505,0.382,0,4,0,36,17,40938,6720,115309,17,154812,1.5906113718142172,0.2133843451428452
69,34115,685,0,3,42001,72,789,0.471,0.278,0,2,0,40,33,10705,4193,28533,5,96126,1.2311232266385277,0.2548688157706776
42,42780,624,0,1,53962,84,1545,0.287,0.433,1,3,0,21,21,12378,4997,16828,6,144744,1.2613543395432552,0.2293793895817504
46,41466,696,0,0,41083,60,249,0.179,0.072,0,0,0,27,25,27316,12144,44729,9,61000,0.9907396242795476,0.6648817057735371
18,48262,664,0,1,69649,36,589,0.155,0.146,1,4,0,3,0,6625,4900,124311,0,78788,1.4431137724550898,0.0951184493898061
71,70585,597,2,4,106247,60,2641,0.528,0.449,0,0,0,23,23,33204,5644,204415,4,100166,1.50521349842745,0.3125141179128077
72,64342,850,0,4,88086,60,1714,0.29,0.32,0,3,0,29,17,8526,14781,172447,0,132599,1.369006729558771,0.0967906728575158
75,20697,670,0,1,29618,12,687,0.156,0.398,0,3,0,41,45,8839,2467,27004,8,59097,1.4309595129964248,0.2984233093622337
72,108263,750,2,3,148177,72,3550,0.434,0.393,0,3,0,43,32,93239,5040,100024,21,441540,1.368663637035395,0.629236458853541
28,61083,587,0,1,133008,120,931,0.047,0.183,0,3,1,39,9,45709,14809,60753,9,245986,2.1774605461331937,0.3436534369854671
23,52362,668,2,1,75718,120,2368,0.15,0.543,0,1,0,37,3,37439,4622,144925,1,32972,1.446021045394649,0.4944465721945614
47,81437,662,0,0,67471,120,1153,0.172,0.17,0,3,0,5,17,53588,11095,71467,17,192351,0.8284952970357818,0.7942257529049087
45,66299,611,1,4,22388,120,1367,0.307,0.247,0,3,0,17,9,40675,18884,23212,9,332427,0.3376772247360483,1.8167403635713968
26,100572,675,0,3,11589,72,2092,0.26,0.25,0,0,0,7,4,49719,25200,22812,1,313301,0.1152297336263211,4.289818809318378
42,92938,724,2,0,136545,36,1610,0.275,0.208,0,0,0,39,19,79354,25392,87387,9,331979,1.469189468360968,0.5811521392058354
32,32710,594,2,3,26223,36,628,0.137,0.23,0,3,0,33,9,17590,3284,37390,13,15236,0.801656934976002,0.6707596095179987
41,217268,698,0,4,312281,12,3090,0.292,0.171,0,1,0,0,14,118383,22404,266734,22,591079,1.4373012256695616,0.379090053221127
75,66392,506,0,1,120477,48,3006,0.236,0.543,1,3,0,43,40,26264,7502,137991,18,71167,1.8146039492115131,0.2179983067447999
38,36239,578,0,3,61203,36,1591,0.129,0.527,0,0,0,46,6,13524,6351,52206,19,24285,1.6888245033112583,0.2209659499379125
59,78168,515,0,0,142070,48,1309,0.392,0.201,0,0,0,45,16,3482,11255,244863,9,-50115,1.8174723995445763,0.0245088723244011
27,116910,650,0,0,217697,72,2670,0.061,0.274,0,0,0,11,7,71872,25184,162119,5,403993,1.8620745695443544,0.3301454308261904
40,41390,759,0,0,76023,24,952,0.314,0.276,0,1,0,12,13,5139,12077,146927,2,-43468,1.8367036312241791,0.0675970746080185
57,83808,718,1,3,132149,84,1306,0.223,0.187,0,2,0,35,33,7460,5541,182116,21,-94167,1.5767876958321898,0.0564510026485054
37,61192,730,0,1,52156,24,1179,0.185,0.231,0,2,0,14,5,17102,3809,96866,14,202268,0.8523197097707255,0.3278946258412102
68,41741,636,0,4,21507,36,1501,0.327,0.432,0,3,0,10,39,3316,8511,40543,5,25187,0.515236452493891,0.1541751906267435
19,70627,695,0,4,57150,72,607,0.239,0.103,0,4,0,39,0,37839,14246,47760,0,294718,0.8091691680353401,0.6620881524382776
35,31889,620,0,0,55338,36,1437,0.012,0.541,1,3,0,30,8,3469,3327,32649,17,89774,1.7352775164628411,0.0626863513977484
24,44790,530,0,3,66329,36,870,0.144,0.233,0,3,1,2,2,13047,4415,54266,6,-6438,1.480855529012525,0.1966983265490728
32,38106,746,0,0,38172,72,743,0.391,0.234,1,1,0,43,5,32366,686,32924,4,55545,1.0017057233579132,0.8478767715400938
51,64668,704,1,4,85558,24,291,0.131,0.054,0,1,0,39,20,35422,10892,103167,20,65479,1.323014118047287,0.4140067088208137
41,115815,602,2,0,142791,72,3294,0.264,0.341,0,3,1,44,13,100873,10351,186277,20,221974,1.2329125509428749,0.70643313350888
25,69720,779,0,1,137749,48,2922,0.18,0.503,0,1,0,4,4,43874,3129,256158,6,114887,1.975717502617576,0.3185045372050816
70,57941,706,2,1,79506,12,637,0.566,0.132,0,1,0,15,30,42844,9072,110201,9,92167,1.372165268716993,0.5388707912510848
23,33644,572,0,3,32547,36,1475,0.333,0.526,0,2,0,46,1,30016,9207,43403,0,45077,0.9673651359786,0.9222072016713776
31,46532,553,1,1,6264,48,1471,0.269,0.379,0,4,0,33,4,18996,3161,12277,10,169302,0.1346141448004641,3.032083000798085
63,132535,633,0,4,289100,60,643,0.208,0.058,0,3,0,13,22,1434,31415,265356,18,-41990,2.1812941389509266,0.0049602042192866
55,39857,788,0,0,14661,120,1293,0.396,0.389,0,3,0,15,36,25464,5194,8203,13,188565,0.3678307993376487,1.7367344154958395
61,55148,699,0,3,29091,24,2463,0.186,0.536,1,1,0,48,23,36648,14497,51498,2,114488,0.5274982320622315,1.2597277602089922
74,50468,752,2,2,9273,120,2184,0.324,0.519,0,1,0,8,22,33018,1162,3066,20,92341,0.183736551150211,3.560276040543455
30,27076,816,0,1,49688,60,623,0.244,0.276,0,1,0,21,4,1930,3768,29353,8,-8813,1.835062968571112,0.0388415947191531
29,87175,473,0,2,39893,12,2362,0.393,0.325,0,1,0,12,9,46239,7240,31546,10,300871,0.4576144810498302,1.1590464731538577
51,36954,652,2,0,16468,48,498,0.32,0.162,0,1,0,34,29,5550,6493,7779,4,186601,0.4456230550669733,0.3369967818325338
58,32364,676,0,1,49722,120,965,0.191,0.358,0,1,0,20,26,9374,6234,96240,12,-60942,1.536289201297698,0.188524425316252
66,62363,662,0,1,130800,12,1424,0.324,0.274,0,1,1,12,26,1465,8730,234015,19,-184471,2.097363863767558,0.0112002201818028
50,183350,480,0,3,350555,84,4594,0.269,0.301,0,0,0,41,10,134206,18959,523145,0,14638,1.9119339409111489,0.3828375494928057
55,36495,599,0,0,76002,84,1214,0.275,0.399,0,0,0,2,23,7064,5203,116469,22,-70023,2.082474791758001,0.0929436995908056
31,46916,740,0,1,62150,12,1389,0.231,0.355,0,4,0,40,7,26657,7012,101980,8,41921,1.3246797536074344,0.428907016781709
47,28007,700,1,4,39080,72,532,0.25,0.228,0,0,0,30,19,24877,8190,30324,11,43063,1.3953156241073978,0.6365497300478493
36,33911,719,0,2,28628,72,654,0.155,0.231,0,3,0,26,17,7678,9008,38675,7,48335,0.8441849492804907,0.2681895979601104
28,92838,726,0,0,116220,12,3377,0.472,0.436,0,4,0,2,8,49317,23418,198162,7,58975,1.2518445911739675,0.4243381144543585
63,54156,607,0,4,49334,60,1575,0.358,0.349,0,0,0,21,42,14943,7062,84995,4,-23569,0.910944106948317,0.3028884159318942
34,69061,761,0,3,112535,72,533,0.607,0.093,0,3,1,7,7,49078,16506,198024,14,107041,1.629477860473198,0.4361093339020402
71,51908,642,1,3,13961,36,1914,0.121,0.442,0,1,0,19,33,599,11524,16920,23,231084,0.2689514342406904,0.0429021630138948
32,41879,653,0,1,64730,12,588,0.083,0.168,0,3,0,47,11,1879,10288,65365,7,102267,1.545606494746896,0.0290278228360445
20,65870,536,0,1,133198,24,894,0.184,0.163,0,1,0,16,0,16605,13919,159265,1,-50972,2.022103808959937,0.1246630980713068
26,54958,695,1,3,63106,36,796,0.287,0.174,0,1,0,8,3,44102,10356,47731,3,198275,1.1482377772521335,0.6988448191167382
24,129254,533,0,0,162405,12,1727,0.468,0.16,0,1,1,45,2,41075,25810,266334,3,236468,1.256469769061158,0.2529155326773641
39,70963,575,0,0,151746,72,2612,0.239,0.442,0,1,0,23,14,14281,5672,204426,13,85447,2.138351840369765,0.0941105919721641
26,75967,688,1,1,114192,36,1296,0.22,0.205,0,3,1,45,5,64056,15133,47058,1,150091,1.5031592249368155,0.5609450666853485
45,113690,760,0,3,17643,120,1911,0.627,0.202,0,4,0,41,18,93221,10640,27477,19,510269,0.1551837876349051,5.283439129449104
43,43906,709,0,1,68004,72,550,0.352,0.15,0,1,0,36,21,26184,5892,75055,14,2462,1.5488190949051404,0.3850305124623189
20,61116,643,0,3,66039,48,835,0.367,0.164,1,3,0,3,1,17816,16710,20451,0,192147,1.080534057627174,0.2697758933979406
57,61978,625,1,1,99830,36,1502,0.1,0.291,0,3,0,29,14,13069,16572,124121,5,109192,1.6107068523209471,0.1309112399955925
32,31087,750,0,4,35544,48,164,0.125,0.063,0,3,0,32,5,5272,1407,70224,9,-19239,1.1433350488934635,0.1483190322126881
53,28111,529,2,3,47931,24,1076,0.555,0.459,0,1,0,14,28,3575,1168,74098,21,-49370,1.7050014228799089,0.0745848285070516
39,29261,531,0,2,44547,60,821,0.448,0.337,0,0,0,46,8,7381,8228,67726,19,36834,1.5223498052081197,0.1656864505701715
75,42952,589,0,2,92161,60,1596,0.212,0.446,0,1,0,21,28,22991,7752,179960,6,9681,2.1456242870113846,0.2494629022807664
60,59827,616,0,1,49748,120,499,0.213,0.1,0,1,0,40,21,9096,16729,53160,17,67966,0.8315170154442736,0.182837845986854
59,41084,734,0,1,57643,48,566,0.357,0.165,0,3,0,33,12,27001,3635,95478,18,105960,1.4030181331386151,0.4684095482617445
52,99152,646,0,4,72639,24,1972,0.465,0.239,0,3,0,28,17,10586,7304,102516,12,203638,0.7325950803303984,0.1457323788546255
41,38581,726,0,3,16099,24,326,0.247,0.101,0,1,1,39,8,25245,1963,28598,6,30184,0.4172671193820952,1.5680124223602483
57,24660,765,1,4,39071,72,912,0.26,0.444,0,3,0,13,20,4037,5821,24042,17,7144,1.584323425651839,0.103322072072072
71,24840,549,0,0,25252,36,1126,0.299,0.544,0,0,1,31,20,9696,3520,39081,15,49652,1.0165452276478402,0.3839543816576248
28,51836,604,0,1,20836,84,268,0.052,0.062,0,3,0,42,7,36968,12499,39280,9,143308,0.4019522734726161,1.7741517492921246
75,18621,349,0,4,12606,36,800,0.116,0.516,1,4,0,38,38,10215,4075,16578,16,17437,0.6769412522822468,0.8102641389704133
74,67320,664,2,1,73940,60,2270,0.101,0.405,0,0,0,44,42,1689,18473,30715,7,39920,1.0983199893049718,0.0228425366170324
46,68096,473,0,1,118380,24,2079,0.383,0.366,0,3,0,41,27,33038,1871,201245,5,130492,1.738402572800564,0.2790819472719439
38,121899,588,2,3,260796,24,1244,0.405,0.122,0,3,0,18,19,4309,24994,483890,15,-294596,2.139425758818704,0.0165224293224231
22,160607,684,0,0,46641,24,950,0.495,0.071,0,1,0,22,3,143135,5792,52145,2,682535,0.290402719665272,3.06880065177308
18,16582,761,0,1,12366,72,382,0.282,0.276,1,4,0,44,0,12407,4864,6663,0,22034,0.7457034312247482,1.003234414166734
47,26841,743,0,1,45786,12,245,0.14,0.11,0,3,0,32,20,20390,6662,38043,4,29938,1.7057596304299232,0.4453229082490663
50,62091,676,0,0,69896,60,473,0.308,0.091,0,1,1,21,31,51346,15792,42804,5,68607,1.1256844682084648,0.7345951900653819
53,93230,666,2,2,159185,84,2281,0.346,0.294,0,0,0,46,16,14891,4691,251251,22,152840,1.7074256416857054,0.0935446584498636
23,77564,519,0,1,69274,84,1265,0.522,0.196,0,3,0,37,1,63477,14114,70902,2,342847,0.8931090053503513,0.9163045831829664
47,135401,603,0,4,261055,72,4402,0.657,0.39,0,1,0,10,25,74184,3618,357912,2,93254,1.9279995864167443,0.2841689139494974
69,46566,583,1,4,32696,60,1605,0.421,0.414,0,3,0,44,30,40837,9731,33573,0,105285,0.7021281164773338,1.2489525032877633
59,70871,762,0,0,21527,36,487,0.113,0.082,0,3,0,35,26,47573,16312,30860,4,137939,0.303744779320465,2.2098197696023782
40,40249,559,0,3,55525,36,565,0.222,0.168,0,3,0,28,21,2853,11980,43131,18,79035,1.3795031055900622,0.0513813348701509
65,66342,803,0,0,74483,60,1136,0.185,0.205,0,1,0,18,28,15969,8434,91162,17,155500,1.1226956875631189,0.2143950378604801
60,55200,571,0,4,109394,60,236,0.394,0.051,0,1,0,32,25,17966,13223,122577,7,121532,1.981739461241644,0.1642305407011289
29,141398,704,1,1,60798,60,2128,0.156,0.181,0,1,0,10,9,25180,24656,24045,6,189191,0.4299747522966923,0.4141515485452063
24,58117,655,1,3,53168,48,1760,0.352,0.363,0,2,0,36,5,8976,4770,35470,1,209520,0.9148284524587909,0.1688201771709078
57,36306,762,0,1,44334,36,966,0.131,0.319,0,4,1,40,19,22622,7259,23852,13,158639,1.221086842757595,0.5102514943047254
50,69673,672,2,3,13946,84,2998,0.244,0.516,0,4,0,1,30,54456,20856,6173,17,150847,0.2001607486293309,3.904495590449559
58,61757,728,0,1,128116,36,887,0.463,0.172,0,3,1,39,20,4442,6776,174194,0,131457,2.0744842773405874,0.0346714331431425
68,39498,646,0,4,34510,72,1598,0.167,0.485,0,2,0,43,43,370,8772,37544,6,158279,0.8736930048861996,0.0107212193213757
43,36321,628,1,1,13757,60,773,0.098,0.255,0,4,0,6,23,2760,329,13004,12,22620,0.3787511700897528,0.2006105538595726
53,131362,699,0,1,109909,48,2678,0.387,0.245,0,1,1,40,15,91306,15339,158306,23,517240,0.8366815617791921,0.8307342371030844
18,63149,687,0,0,44272,72,1417,0.362,0.269,0,0,1,3,0,9992,18479,54992,0,157609,0.7010609659540776,0.2256906014952679
24,28942,749,0,1,35535,120,1113,0.109,0.461,0,1,1,36,5,312,5304,54389,4,83263,1.2277580071174377,0.0087798289058982
32,38808,784,0,0,47369,120,1260,0.229,0.39,0,1,0,28,7,21824,7747,14920,9,55419,1.220567394161148,0.4607135317711632
74,58183,809,2,4,94600,48,2130,0.315,0.439,0,1,0,40,23,27720,12994,153887,10,78362,1.625876529630139,0.2930201583492774
59,57579,717,0,1,95174,36,732,0.649,0.153,0,1,0,40,15,42536,6482,76404,16,251633,1.6529003126085446,0.4469240872077751
28,51067,636,0,2,24360,24,1941,0.143,0.456,0,0,0,10,3,45527,11435,19832,8,103473,0.4770110440980653,1.868847748450392
75,48768,551,1,3,43657,12,503,0.311,0.124,0,1,0,28,20,8635,13174,42548,1,143251,0.8951793147286186,0.1977873471070594
44,93638,741,1,4,182440,24,2547,0.12,0.326,0,0,0,43,15,29864,21625,71912,14,204651,1.948333493522998,0.1636912755356526
63,71950,641,0,2,34689,120,843,0.152,0.141,0,0,0,34,44,29174,3539,46649,24,75154,0.4821197759586385,0.8409916402421447
18,147909,745,2,1,110851,12,6621,0.334,0.537,1,2,0,32,0,46362,23526,53897,0,548103,0.7494489892502197,0.418233320102479
68,57781,512,1,1,29964,84,1776,0.519,0.369,0,1,0,17,18,30981,14213,57799,18,80087,0.5185697968225399,1.033906223927916
29,138253,644,0,3,208996,84,2967,0.459,0.258,0,4,0,40,7,47053,35944,322179,4,-85622,1.5116813980065675,0.2251372029263578
47,55494,781,0,1,14604,120,1459,0.568,0.315,0,0,0,14,18,47549,3551,11586,22,265435,0.2631588431390215,3.255665867853475
39,31506,673,0,0,28588,36,1055,0.061,0.402,0,2,0,30,13,17713,6169,17426,15,84747,0.9073539213508108,0.6195739620133618
27,92959,698,0,4,132131,12,3892,0.2,0.502,0,0,0,41,5,7051,25606,140227,5,-53357,1.4213747848537006,0.0533633033633033
44,34569,721,2,3,68848,48,1434,0.715,0.498,0,0,0,0,7,5520,2600,97432,22,38943,1.9915533699739656,0.0801754564336446
41,77489,700,0,3,100296,84,3037,0.173,0.47,0,0,0,43,11,42122,22940,43855,5,216539,1.2943089430894308,0.419972681137023
39,31159,705,0,4,29549,120,1282,0.282,0.494,0,3,0,17,20,13355,8219,10276,3,135243,0.9482991014120667,0.4519458544839255
39,68979,643,0,3,90943,36,989,0.202,0.172,0,1,0,11,15,16467,17048,29700,16,225573,1.3183966367062916,0.1810674700914848
50,26567,646,1,2,16193,12,208,0.068,0.094,0,1,0,16,16,1628,2114,5222,21,69854,0.6094926227040048,0.1005310608867481
35,80830,763,2,3,165882,72,2213,0.108,0.329,0,2,0,2,14,46492,17395,50104,6,226771,2.052207692593188,0.2802698287347106
51,47347,556,1,3,6585,72,856,0.079,0.217,0,3,0,40,14,10300,9284,4348,9,206193,0.1390766241446312,1.5639234740358336
68,25979,680,0,4,36087,84,108,0.011,0.05,0,0,0,42,41,17410,1277,46052,18,97301,1.389030023094688,0.4824318332963866
24,28400,551,0,0,13503,72,682,0.092,0.288,0,3,1,34,4,17097,5924,4557,3,65259,0.4754410055983944,1.2660693127962086
30,61769,674,2,1,45189,72,2427,0.22,0.471,0,2,0,14,10,38556,17499,71389,10,60626,0.7315687226809131,0.853197610090728
29,38973,725,0,4,63751,120,1453,0.2,0.447,0,3,1,32,7,12146,8140,123544,11,28812,1.63573151331657,0.190519513113314
22,92148,563,1,0,148031,48,3205,0.122,0.417,0,2,0,12,3,69824,9694,255100,3,-124632,1.606430889103517,0.4716817985300475
47,40518,429,0,4,13746,48,1130,0.265,0.335,0,3,0,27,11,22808,1458,15319,23,137152,0.3392482539055751,1.6591256274096169
50,195006,713,0,1,39341,60,5234,0.189,0.322,0,2,0,32,25,168054,43754,18083,19,401083,0.2017414759470172,4.271618118041787
41,50192,610,0,3,107758,120,957,0.253,0.229,0,3,0,11,7,10286,5013,207709,7,-89726,2.146873069949993,0.0954537440028211
52,56948,756,1,3,125090,84,1259,0.322,0.265,0,2,0,8,14,25056,323,141957,0,-32681,2.1965267168870395,0.2003021800129505
60,53548,682,1,1,32513,60,2252,0.456,0.505,0,1,0,45,16,44974,14569,25277,12,289127,0.6071635324655923,1.3832195361997908
72,65838,689,1,3,8249,60,1839,0.383,0.335,0,1,1,47,50,1618,6057,14683,4,320474,0.125290481325658,0.1961212121212121
51,27707,594,1,1,48760,120,947,0.454,0.41,0,3,0,17,23,24784,6867,72643,9,96793,1.7597805687887975,0.508275055884826
30,49908,511,0,3,98825,24,1442,0.23,0.347,0,0,0,34,7,2169,1271,83688,3,9589,1.9801037888957904,0.0219476655940744
69,108692,565,1,1,183347,48,534,0.062,0.059,0,3,0,5,25,9049,24265,212880,16,49735,1.6868335587388332,0.0493542334795034
21,64197,671,1,3,65682,60,2229,0.344,0.417,0,0,0,37,1,2234,11099,60640,0,141549,1.023115984921649,0.034011844769575
75,39231,850,0,3,33245,12,1408,0.191,0.431,0,1,0,0,45,14186,4991,26308,1,156562,0.8473949836867863,0.4266979486253985
72,112555,628,2,3,39240,84,486,0.404,0.052,0,0,0,19,16,66208,15283,31034,21,584869,0.3486264614947226,1.6872149027802554
18,59403,805,0,3,93106,24,2035,0.211,0.411,0,3,0,23,0,17038,9225,38781,0,51228,1.5673355329607437,0.1829937598676791
44,62415,719,0,4,44498,72,2573,0.398,0.495,1,1,0,46,13,5134,1957,53899,20,-2986,0.7129261727762112,0.1153733791770601
28,84097,793,0,0,133518,24,2888,0.222,0.412,0,3,0,8,6,1698,6527,74720,8,99286,1.5876477442983186,0.0127172911720429
58,148768,656,1,1,284211,36,6094,0.254,0.492,0,2,0,10,14,23355,3724,171632,4,32574,1.9104181650747127,0.0821745739096167
30,51839,699,0,0,45708,24,461,0.206,0.107,1,2,0,17,4,28985,10188,15858,7,130470,0.881712962962963,0.6341201951475639
73,70487,752,0,2,140829,36,654,0.555,0.111,1,0,0,4,32,39299,15418,198838,18,148446,1.997914538644876,0.279052758645175
70,142049,629,1,4,265119,12,2543,0.16,0.215,0,1,0,41,15,87215,5196,119405,12,232726,1.866378035902851,0.3289642426071213
61,57990,747,2,1,98114,36,2229,0.113,0.461,0,2,0,38,42,36031,13905,46707,17,161217,1.6918832232587817,0.3672323294093665
36,108202,661,0,2,189177,60,4220,0.444,0.468,0,3,0,2,10,8374,15996,369907,14,-132968,1.7483526334759665,0.0442651893983444
18,45997,704,0,3,10582,36,672,0.214,0.175,0,3,0,47,0,3543,9291,18039,0,183136,0.2300534805861124,0.3347821978644996
51,38293,756,1,4,47251,72,573,0.605,0.18,0,2,0,18,24,13776,8323,56106,0,1502,1.2339008721993,0.2915432151020062
40,99689,689,0,3,60322,48,1470,0.245,0.177,1,3,0,48,19,77837,17848,31155,1,434262,0.6050957969706089,1.2903370190474612
66,72973,537,1,1,138365,84,2481,0.315,0.408,0,1,0,13,19,18276,1964,70673,1,86502,1.8960862773042453,0.1320844716187502
65,39003,690,0,1,25385,48,1184,0.027,0.364,0,1,0,15,26,22429,5412,31046,12,132813,0.650830684032407,0.8835184747498621
38,42669,763,2,3,24734,48,429,0.592,0.121,0,4,0,32,18,24547,4284,33006,15,192716,0.5796578392313101,0.9923994340004044
48,65323,719,0,3,137055,12,2498,0.067,0.459,1,1,0,17,26,58040,9940,144060,6,30460,2.0980803380074704,0.4234765351389213
20,114574,670,2,3,75467,72,1821,0.36,0.191,0,0,0,11,1,90331,30902,89370,0,370676,0.6586689941086624,1.1969444002756136
42,44207,697,2,0,41429,48,371,0.29,0.101,0,4,0,28,19,17221,6018,76277,3,145838,0.9371380745566412,0.4156649770697562
49,59329,585,0,3,64845,48,2439,0.283,0.493,0,1,0,41,23,15391,15830,92782,19,211764,1.0929546603741784,0.2373469450698578
42,20678,759,2,4,39213,120,275,0.118,0.16,0,0,1,42,7,6320,3254,50183,7,55136,1.8962715798636296,0.1611669301779976
61,44189,564,0,3,95275,48,1965,0.411,0.534,0,4,1,35,24,15318,10170,61696,16,5111,2.156030776193709,0.1607750115454049
71,41189,796,0,0,12094,48,732,0.086,0.213,0,4,0,36,49,14148,12269,16855,6,144389,0.2936149550861859,1.1697395618023976
32,79833,789,0,0,20692,84,1938,0.624,0.291,0,4,0,8,13,25805,3516,33136,10,180691,0.2591878147155347,1.2470400618566666
73,83296,618,0,4,40921,120,2575,0.409,0.371,0,3,0,24,17,73623,21255,17211,10,488821,0.491266192059738,1.7991056155613117
45,67278,676,1,1,138828,120,2312,0.294,0.412,0,0,0,11,8,60463,9596,183227,10,149337,2.0634670550989163,0.4355213968263115
44,62940,719,0,4,112035,24,2426,0.235,0.463,0,1,0,2,21,47680,14185,90979,14,156281,1.7800003177579002,0.425577492948695
41,112675,653,1,3,205167,12,3108,0.594,0.331,0,1,0,31,15,32507,22586,125197,18,335104,1.8208580354290176,0.1584408874678312
38,56324,624,1,1,69040,36,831,0.245,0.177,0,1,0,39,12,6646,10450,96217,10,119146,1.2257434531735465,0.0962616416332324
60,36056,589,2,0,70872,36,1391,0.415,0.463,0,3,0,29,38,30183,1233,104888,7,-8752,1.965554538647142,0.4258744514836397
38,34388,697,2,1,34390,12,1336,0.669,0.466,0,3,0,47,6,788,4402,39327,15,110904,1.0000290790659805,0.0229129714169404
25,95210,532,0,1,146143,12,3682,0.451,0.464,0,1,0,22,5,40353,4191,176233,4,150856,1.5349381899150307,0.2761180753229691
33,23482,548,0,4,12788,84,261,0.353,0.133,0,2,0,14,9,12033,4420,18269,5,84254,0.544564152791381,0.9408866995073892
58,67480,768,0,2,122804,84,2229,0.133,0.396,0,1,0,32,37,36135,8186,225815,8,-2559,1.8198307671789096,0.2942469769146207
29,43906,628,1,1,63518,24,1686,0.23,0.461,0,1,1,0,5,16303,1413,83608,7,24081,1.446648598173412,0.2566633605692784
69,131515,647,0,1,95397,36,5117,0.554,0.467,0,2,0,18,35,112299,6799,63543,18,370192,0.7253642142400925,1.1771630432503826
21,41011,665,0,0,21523,60,459,0.174,0.134,0,3,0,41,1,4900,1572,14695,3,155536,0.5247976202087195,0.2276528526296227
35,46319,691,0,1,61084,36,275,0.238,0.071,0,0,0,14,9,34291,2904,83373,12,75500,1.3187392055267704,0.5613653106327249
75,81947,688,1,0,85678,48,1447,0.318,0.212,0,4,0,38,30,32366,16712,27569,9,121408,1.0455166691072388,0.3777588440574703
66,26914,552,0,3,56223,72,1112,0.169,0.496,0,1,0,21,23,13426,6385,96508,20,7300,2.0889095300018576,0.2387948207171314
27,62222,685,0,1,95351,36,534,0.24,0.103,0,1,0,23,8,16341,17698,178986,8,95051,1.532407630618903,0.171375534860307
26,27717,789,0,0,31768,48,628,0.27,0.272,0,3,0,32,4,19871,3583,46308,3,-6721,1.1461144382711594,0.6254839623532374
40,53566,788,0,1,116411,48,2168,0.16,0.486,0,1,0,1,19,26139,14442,143033,17,66077,2.1731849832919523,0.2245387073497577
23,61623,665,0,1,102623,48,1551,0.628,0.302,0,1,0,36,2,35394,9009,191042,3,141124,1.665308970530962,0.3448900841908325
72,52667,675,2,1,28665,84,1610,0.095,0.367,0,0,1,47,17,3210,4862,56952,9,60860,0.5442583732057417,0.1119793483569385
41,46478,556,0,1,5390,120,1729,0.215,0.446,0,1,0,10,16,27938,1107,5416,17,159001,0.1159663503948019,5.182340938601373
71,58428,790,0,1,18571,36,2633,0.201,0.541,0,3,0,20,22,31764,16932,12787,22,314610,0.3178387444590871,1.710316605642903
22,135969,527,1,4,267658,36,3426,0.419,0.302,0,1,0,19,1,82142,17986,360191,3,322291,1.9685077590644997,0.3068904837872068
75,93136,736,0,1,79582,72,2421,0.255,0.312,0,2,0,12,24,6852,3021,106075,0,265295,0.8544617069478295,0.0860987899425756
42,32376,634,0,1,55761,24,290,0.239,0.107,0,0,0,13,20,16142,3078,64479,13,-25159,1.722241097075084,0.2894802912377605
37,20861,570,0,4,36170,72,119,0.276,0.068,0,1,0,29,6,12965,4340,45647,11,48067,1.7337743265266992,0.3584363163860551
71,58914,681,2,1,63026,36,1798,0.052,0.366,0,1,0,2,29,47449,17098,98250,12,161941,1.069778494441144,0.7528360861218208
36,23919,615,0,0,16695,48,1027,0.296,0.515,0,4,0,25,8,5457,4068,15626,2,60258,0.6979515050167224,0.3268447532343076
42,62563,535,0,3,122993,60,478,0.157,0.092,0,4,0,47,7,16287,5275,191269,16,74975,1.9658749440572851,0.1324210937118883
20,41651,444,1,0,72717,12,718,0.28,0.207,0,1,0,3,1,11215,3302,92158,0,-40157,1.7458225295303946,0.15422591380401
42,40425,739,0,0,85131,84,320,0.322,0.095,0,1,0,15,12,30992,1349,145859,6,-58175,2.105847721763222,0.3640464220269699
23,48419,718,0,0,61903,48,1943,0.458,0.482,0,1,0,34,2,24738,13842,88285,4,173186,1.2784593143329204,0.3996187645386405
30,64921,846,1,3,87489,24,783,0.239,0.145,0,0,0,45,7,58345,16716,42513,7,280296,1.3476017374695788,0.6668762144245056
24,59389,527,0,2,74087,24,1797,0.349,0.363,0,4,0,16,2,48675,5320,130330,0,179477,1.2474659033507325,0.6569889860706187
59,43295,650,0,3,89870,60,1076,0.108,0.298,0,0,0,24,17,24648,9665,74368,14,30508,2.075711382113821,0.2742597723403545
29,68518,819,1,0,48120,120,1874,0.227,0.328,0,2,1,48,5,4693,4633,21152,9,122490,0.702286956902465,0.0975249890900022
35,43827,645,1,1,65063,36,1949,0.27,0.534,1,3,0,42,7,26150,556,104629,10,84419,1.4845076206990964,0.4019119636050657
20,33454,614,0,3,23255,120,1459,0.152,0.523,0,3,0,41,0,523,8710,37859,2,54857,0.6951128381407862,0.0224888200894392
53,90672,606,1,1,18341,120,611,0.153,0.081,0,4,0,9,20,550,12688,24928,20,422065,0.2022763115811763,0.0299858248827826
32,54973,509,0,1,10564,12,2135,0.444,0.466,0,0,0,32,10,39019,13341,16761,11,161474,0.1921635682322552,3.693232371036441
57,78875,693,0,2,167004,84,1881,0.681,0.286,0,1,0,19,38,15178,1143,95581,24,311468,2.117298037425833,0.0908835064818418
52,18903,832,0,1,36748,12,655,0.159,0.416,0,1,0,29,20,8307,4256,45594,20,-12109,1.9439272111722388,0.2260469672644153
27,52972,581,0,3,31987,12,787,0.229,0.178,0,1,0,43,3,14826,3724,34608,3,15005,0.6038359164102467,0.463486307365262
33,75507,701,0,0,158378,60,934,0.163,0.148,0,4,0,25,8,13975,1336,49643,10,43377,2.097499602691105,0.0882377082820323
19,44129,651,0,1,21247,84,1921,0.269,0.522,0,4,0,40,0,26486,5947,35034,0,40127,0.4814638567867664,1.2465173192771084
44,144238,654,2,0,84195,60,1689,0.176,0.141,1,1,0,3,14,39495,23443,135529,16,300166,0.5837186891201409,0.4690840419972445
26,63597,532,0,0,54664,60,2871,0.462,0.542,0,1,1,28,5,15031,15381,106741,7,73461,0.8595238843988805,0.2749657001737858
43,56771,638,1,4,30827,120,857,0.384,0.181,0,0,0,9,11,9389,14961,20257,11,58001,0.5429965475938843,0.304560788893214
63,60443,462,0,0,90313,24,273,0.229,0.054,0,1,0,13,34,38767,3050,62489,15,207805,1.4941598835285554,0.4292468498793099
63,24837,611,0,1,10624,12,580,0.391,0.28,0,1,0,29,37,15336,6312,17405,16,79468,0.4277317014252355,1.4433882352941176
69,32804,707,0,0,32630,84,497,0.069,0.182,0,2,0,32,37,9103,7954,31328,3,17614,0.9946654473403445,0.2789678526554503
36,62249,619,0,3,93724,120,1943,0.529,0.375,0,0,0,2,14,48409,12451,47510,12,305673,1.5056064257028112,0.5165004001066951
64,47437,541,0,2,85935,36,1021,0.461,0.258,0,3,0,22,37,30308,6017,119616,24,89217,1.811522408195961,0.3526810649785887
32,52290,500,0,0,10383,60,1677,0.444,0.385,0,1,0,31,13,14271,13957,9614,14,221080,0.1985618940161786,1.3743258859784284
28,108963,573,0,0,71213,120,3150,0.382,0.347,0,3,1,13,5,23071,26074,74170,9,88574,0.6535461253257957,0.3239671974611733
22,44949,656,0,3,20041,60,797,0.166,0.213,0,1,0,40,2,29706,97,9440,2,139700,0.4458509454949944,1.4821874064464624
71,71110,721,0,1,96217,48,2062,0.449,0.348,0,1,0,44,51,29761,3182,60706,14,317062,1.3530536766463697,0.3093080296825958
19,32483,636,0,3,40408,36,883,0.378,0.326,0,3,0,8,0,8074,4271,74311,0,-41464,1.24393547592661,0.199806973693979
71,87430,677,0,4,175830,120,3676,0.063,0.505,0,2,0,16,31,55277,6042,153257,21,330837,2.011071587880729,0.3143757357917546
21,34021,677,0,1,68972,60,193,0.3,0.068,0,1,0,23,1,27784,3080,121462,2,-48520,2.0272764681676563,0.4028242935641483
75,39322,649,0,1,9981,120,1261,0.452,0.385,0,4,0,48,29,29503,5400,8223,9,218861,0.253820919055006,2.9556201162091766
48,66248,592,2,4,75721,48,1546,0.291,0.28,0,0,0,13,27,48533,15894,137685,13,149300,1.1429757430300835,0.6409365838197617
58,101238,591,2,3,183740,24,1608,0.141,0.191,0,3,0,40,25,31088,24272,355728,7,-214551,1.814913225140509,0.169194681644271
29,63535,556,2,1,9238,12,1049,0.417,0.198,0,4,1,47,9,8542,6090,9543,6,43935,0.1453978846638126,0.92455893494967
19,33346,601,0,0,60607,120,322,0.166,0.116,0,1,0,48,0,19577,9460,83595,0,5800,1.8174648394158397,0.3230101636747624
59,32498,694,0,3,48797,48,414,0.302,0.153,0,0,0,37,40,3355,7716,60198,4,874,1.5014923536108804,0.0687528177384319
50,88063,672,1,2,25861,84,728,0.287,0.099,0,2,0,7,15,9086,23781,9239,18,90172,0.2936614280523256,0.3513262702033872
48,52868,664,1,4,79778,12,746,0.319,0.169,0,3,0,16,21,29187,10035,101511,10,107352,1.50897501371314,0.3658481555296506
29,38018,767,0,3,56311,48,1117,0.516,0.353,0,0,0,4,6,8087,9224,112423,6,52341,1.4811278571240696,0.1436105980963205
47,58021,602,0,1,63889,12,1142,0.077,0.236,0,3,0,45,16,43276,446,106955,13,105708,1.1011168177587811,0.6773516982313351
27,49592,637,2,2,27072,48,712,0.061,0.172,0,2,0,28,6,36018,8225,11209,7,275730,0.5458834916218015,1.3304029845233258
58,19719,640,0,4,27247,12,320,0.518,0.195,0,3,0,29,28,13006,2340,20650,18,22296,1.3816937119675456,0.4773194362889019
57,119534,616,0,0,53736,120,4123,0.171,0.414,0,0,0,5,20,56144,2174,19357,7,168161,0.4495419751537207,1.0447922288181328
35,36726,625,1,1,4060,72,1046,0.351,0.342,0,4,0,15,11,3304,100,4550,9,166176,0.1105453753369455,0.813592711154888
59,44244,617,1,4,69243,84,1243,0.305,0.337,0,0,0,21,35,1907,11389,67620,0,104021,1.5649903943948469,0.0275402922996938
55,72924,499,0,1,10330,48,1553,0.355,0.256,0,1,0,1,26,37302,13262,6162,9,131827,0.1416523825848474,3.610686283999613
39,33882,715,0,3,62780,24,445,0.372,0.158,0,2,0,43,10,14821,610,78342,7,83966,1.85284656022194,0.2360746085599146
35,58455,605,2,3,93824,72,1020,0.116,0.209,0,3,0,31,16,1837,2714,99856,13,40582,1.6050362665936773,0.0195790034638955
75,94228,816,0,3,105956,72,1399,0.211,0.178,0,0,0,21,46,11172,446,86301,14,391749,1.1244521325706522,0.1054389988391517
62,37672,850,0,0,12713,24,354,0.13,0.113,0,1,0,33,24,7305,8788,15522,24,34777,0.3374565338571391,0.5745634733364795
49,39418,588,2,1,38822,36,1792,0.363,0.546,0,0,0,45,11,2443,3929,25612,8,10503,0.9848550191532004,0.0629266156659712
36,28860,794,0,0,19335,120,223,0.094,0.093,1,4,0,45,14,20570,1023,37112,16,46592,0.6699352066802952,1.0638187836160529
41,21975,613,2,3,40003,72,764,0.225,0.417,0,3,0,33,10,9934,2422,77176,21,20804,1.8203039679650528,0.2483251674832516
29,54299,516,0,0,85399,48,962,0.51,0.213,0,4,0,30,7,30518,15244,85923,8,165595,1.5727255985267037,0.3573536299765808
49,42119,801,0,3,83481,12,365,0.142,0.104,0,3,0,30,20,20695,11113,124480,17,-30303,1.981980056980057,0.2478977504132627
65,75155,725,0,4,77112,72,1460,0.125,0.233,0,0,0,42,46,4043,9941,138589,17,183913,1.0260258661983075,0.0524295514375008
19,77345,801,1,1,53079,24,1839,0.07,0.285,1,3,0,31,0,41415,11491,62930,1,157773,0.6862539756419207,0.7802373775433308
43,72447,558,2,3,86392,36,315,0.592,0.052,0,1,0,46,19,61093,6829,95727,19,202271,1.1924690812720848,0.7071521998310049
44,30325,503,0,0,60001,72,529,0.466,0.209,1,0,0,5,12,2681,8227,53367,16,74366,1.9785332717799908,0.0446818439385353
68,29184,826,0,1,63573,48,1332,0.28,0.548,0,1,0,17,43,19271,952,113755,20,21415,2.1782765119068013,0.3031270645232328
18,27977,669,1,3,11998,72,995,0.046,0.427,0,0,0,11,0,13872,5433,15969,0,100513,0.4288369433126027,1.1560963413617802
33,74418,540,0,1,159114,36,3240,0.06,0.522,0,3,1,12,14,45370,2066,104808,0,290598,2.138083016433975,0.2851396788486315
73,51449,800,2,0,46768,36,1547,0.216,0.361,0,1,0,3,41,11382,3853,34898,5,67601,0.9089990281827016,0.2433663323996664
25,59633,724,0,4,111630,48,1541,0.142,0.31,0,0,0,36,5,17988,8613,158797,6,-31304,1.8719187040949796,0.1611380351336098
26,58828,716,0,0,118416,120,2159,0.174,0.44,0,0,1,19,5,39364,1922,125058,8,-37835,2.0128848017134406,0.3324184872104512
71,61716,753,0,1,56173,12,1795,0.186,0.349,0,3,1,16,50,28681,2999,97703,15,210093,0.9101706174959896,0.5105742870367074
38,49543,645,0,4,30598,120,1622,0.339,0.393,0,0,0,18,13,3334,13764,21106,1,187697,0.6175924430808978,0.108957809078728
61,23870,609,1,4,35361,72,262,0.676,0.132,0,0,0,4,34,13908,6968,47621,5,2863,1.4813371873821792,0.3933035461795147
51,38513,658,0,3,66529,84,592,0.3,0.184,0,2,0,41,16,23107,10534,26866,2,158692,1.727397829360752,0.3473169998496919
23,126621,607,0,4,56745,84,5194,0.243,0.492,0,1,0,45,1,88481,25325,18710,0,357439,0.4481448721391227,1.55924646671131
42,126307,683,0,4,232237,36,2001,0.588,0.19,0,3,0,13,15,76534,26064,231040,11,172725,1.8386563004718623,0.3295498583349839
42,27509,710,0,3,48667,36,455,0.162,0.198,0,1,0,21,8,10917,2688,66003,1,9418,1.769065794256634,0.2243157721706254
54,44125,568,1,3,8751,24,1083,0.067,0.295,0,2,0,5,19,36507,1755,15849,19,143399,0.1983184517064769,4.171275137111517
56,19994,678,0,3,13801,12,824,0.659,0.495,0,0,0,12,15,17460,2205,16745,8,16507,0.6902225556389098,1.265034053035792
49,63107,603,0,1,107344,24,1400,0.392,0.266,0,4,0,31,9,38218,3719,144341,7,-10808,1.7009570894339865,0.3560296241091806
34,46078,588,0,4,48974,12,637,0.169,0.166,0,4,1,19,8,20619,596,69008,14,33916,1.0628268842639814,0.421010719754977
75,33894,594,0,4,5205,12,184,0.454,0.065,0,2,0,20,26,29463,8119,9884,22,130683,0.1535624723410532,5.659431425278525
74,93747,551,0,4,74277,48,1542,0.21,0.197,0,3,0,2,18,82302,11618,106521,4,415559,0.7923049025045867,1.108026602762595
58,32152,722,0,2,42048,72,431,0.205,0.161,0,0,0,3,16,10145,599,63047,22,35841,1.3077473330637888,0.2412661418820899
54,40577,687,0,2,46260,72,474,0.138,0.14,0,1,0,26,18,10596,2058,31560,7,161403,1.1400266154073635,0.2290482263677828
34,23868,625,0,1,33769,72,231,0.141,0.116,0,0,0,18,13,11016,2120,39241,15,-4242,1.4147639197285182,0.3262066923304708
49,34902,679,1,1,31437,12,355,0.094,0.122,0,1,0,47,22,24225,6981,13825,20,100345,0.9006962152250523,0.7705642852598766
40,91061,610,0,0,64348,48,3372,0.311,0.444,0,4,0,31,12,32537,20948,33960,13,276883,0.7066394324745777,0.5056333431754961
39,34392,596,0,3,19874,36,678,0.227,0.237,0,1,1,13,9,5079,818,19424,6,101744,0.5778501439246359,0.2555471698113207
42,56111,515,0,0,110886,120,1597,0.296,0.342,0,2,0,31,19,49121,12815,175377,19,-83831,1.9761548331907608,0.4429824956938144
42,20370,543,2,0,7283,72,334,0.153,0.197,0,1,0,31,12,6222,1282,5075,5,51706,0.35751804035148,0.8542009884678748
29,35772,664,0,3,20230,120,1380,0.478,0.463,0,4,0,33,5,25378,2697,18148,9,72804,0.5655103010650491,1.25441154663635
42,42540,630,0,1,49889,36,482,0.093,0.136,1,1,0,12,13,26701,8850,45628,18,28791,1.172727486424861,0.5351974343555823
65,40321,690,2,3,46373,36,1404,0.323,0.418,0,3,1,0,41,28104,7128,36871,1,134760,1.150066960964238,0.6060292405227067
43,51520,681,0,4,84240,36,1161,0.27,0.27,0,1,0,2,15,11274,7740,89556,5,169102,1.6350614312610392,0.1338303201528946
38,51053,708,0,4,43609,36,745,0.421,0.175,0,0,0,12,7,21868,5387,74221,12,116498,0.8541740118306107,0.5014446227929374
71,70858,850,1,4,70225,36,2950,0.267,0.5,0,1,0,41,18,1921,8721,40951,9,138085,0.9910526538618948,0.0273545410531711
19,49090,762,0,4,15239,72,1391,0.078,0.34,0,3,0,1,0,37029,11193,12402,0,215711,0.3104234992157422,2.429724409448819
63,31082,721,0,0,26246,24,466,0.382,0.18,0,3,0,4,27,14804,3103,25854,21,125611,0.844384390181128,0.5640263649178954
47,42152,688,1,3,46714,24,1834,0.228,0.522,1,0,0,44,23,31474,11132,37180,20,192312,1.1082010770289186,0.6737450497698811
32,55444,616,0,0,61103,24,1457,0.187,0.315,0,1,0,40,9,4245,7420,67345,10,128219,1.1020470736766164,0.0694717203456402
66,60514,525,0,4,55070,24,1455,0.34,0.289,1,2,0,6,32,39888,13928,101721,6,11758,0.9100223085185492,0.7243013564307893
71,62089,619,0,1,12916,60,727,0.3,0.141,0,3,0,26,16,30449,14531,8597,13,296154,0.2080206152359478,2.3572811024231632
18,83146,581,0,3,55327,60,1234,0.208,0.178,0,0,1,46,0,57421,6639,75821,0,223733,0.6654118609210194,1.037828947368421
23,67669,607,0,1,139412,36,2898,0.252,0.514,0,3,0,6,2,56128,15331,160340,5,-32792,2.06017437564652,0.4026023398104911
18,138596,651,2,0,288143,24,3424,0.234,0.296,0,1,0,9,0,48589,31803,318753,0,155881,2.078998823928368,0.1686274918096507
21,36792,559,0,4,29148,48,782,0.387,0.255,0,4,0,12,1,20316,8079,21456,0,139803,0.7922159106351752,0.6969707365604308
34,94693,700,0,0,29802,36,1013,0.393,0.128,0,4,1,15,13,84751,11765,46950,14,150930,0.3147189895875135,2.8437070093614736
24,52219,469,0,0,58584,24,1041,0.373,0.239,0,3,1,30,2,5898,8949,21275,6,221163,1.121869015702796,0.1006742340189468
30,45941,596,0,0,79644,12,1791,0.183,0.468,0,1,0,14,7,25634,9947,104519,7,-18672,1.7335771189761002,0.3218532236800803
31,63862,697,0,3,91652,120,2776,0.183,0.522,0,0,0,17,4,32167,16242,119509,0,166126,1.4351345849709534,0.3509650529715339
21,31371,697,0,4,68722,60,203,0.28,0.078,0,0,0,7,2,12515,3262,126814,1,-74873,2.1905520846614817,0.1821078823683483
37,43391,566,0,0,68709,48,216,0.546,0.06,0,3,0,13,17,35939,8404,39963,15,196383,1.5834485619469028,0.5230534128947751
54,21268,757,0,1,5201,12,826,0.307,0.466,0,3,0,13,21,9089,5085,10111,21,101458,0.2445342987446518,1.74721261053441
42,50128,756,0,4,104004,72,777,0.476,0.186,0,1,0,11,20,34257,12317,51450,19,221569,2.0747272038141595,0.3293783952694582
61,32344,675,0,4,12120,60,905,0.54,0.336,0,4,0,17,16,13376,189,17204,10,133732,0.3747101561292317,1.1035393119379588
18,38929,650,0,4,70247,60,1424,0.531,0.439,0,3,0,5,0,28326,5498,46190,0,11852,1.804443873619317,0.4032285616672361
64,42231,663,0,0,6033,24,190,0.186,0.054,0,0,0,23,13,33947,3810,10030,11,224496,0.1428537601818526,5.625952933377527
35,125440,601,2,3,229484,48,2611,0.403,0.25,0,1,1,5,15,63268,19760,405137,10,278620,1.829417813952376,0.2756955792317581
44,69563,749,0,1,90960,120,1736,0.404,0.299,0,1,0,39,13,44955,12589,46847,12,264152,1.3075728825254442,0.4942227987818955
75,40782,672,0,4,74561,36,1338,0.518,0.394,0,3,0,45,17,10187,5878,117489,16,-6886,1.8282372557192947,0.136624554062391
39,67919,710,0,4,74051,84,569,0.033,0.101,0,2,0,24,7,6258,2078,38043,4,28410,1.0902679623085985,0.0845081834386647
56,22450,602,0,0,46682,24,722,0.202,0.386,0,0,0,42,16,14387,5678,72370,14,-33453,2.079283773551289,0.3081849923955187
69,45847,621,2,3,11976,48,1591,0.166,0.416,0,1,0,24,50,13622,9786,6527,7,182117,0.2612109579480021,1.1373465809468146
39,47775,797,0,3,69886,84,564,0.443,0.142,0,3,0,23,14,10628,4080,36841,2,46699,1.462784661754856,0.1520740624150414
36,90451,605,1,1,46449,72,2934,0.572,0.389,0,1,0,35,15,738,23764,51184,16,49417,0.5135209835050635,0.0158880516684607
18,72015,625,0,0,59538,72,1459,0.441,0.243,0,4,0,22,0,48739,11912,110043,0,7361,0.8267329482337258,0.8186062916743647
21,45197,681,1,3,85567,24,555,0.139,0.147,0,4,0,16,1,22427,11001,152107,1,-36345,1.8931589893358116,0.2620956432311144
39,51894,767,1,1,58725,72,1461,0.074,0.338,0,0,0,36,7,15259,13674,106864,16,13149,1.131611908661721,0.2598338044477744
40,17348,616,0,1,14211,36,659,0.323,0.456,0,0,0,14,21,8957,2861,26311,22,36776,0.8191250216150787,0.6302420489726991
27,59866,581,0,4,106804,48,1023,0.314,0.205,0,3,0,48,2,22133,4592,47451,8,180902,1.7840212470977332,0.2072281260240625
21,62123,549,0,3,49181,36,1347,0.393,0.26,1,3,0,1,2,26038,10172,29697,2,175526,0.7916586182473763,0.5294213330080111
35,76070,565,1,1,64033,84,2073,0.097,0.327,0,0,0,46,13,12263,10450,98204,15,120864,0.8417530990784925,0.1915076365680732
18,58756,654,0,4,49187,84,1937,0.357,0.396,0,3,0,13,0,51431,8755,65313,0,134809,0.8371257892676617,1.0456005529804018
24,89279,632,1,3,150735,36,3028,0.651,0.407,1,2,1,11,4,53797,13991,47544,1,196474,1.6883400537634408,0.3568954994161978
20,71106,705,1,3,101755,60,773,0.405,0.13,0,3,0,2,1,61997,12104,123810,0,22237,1.4310124179054102,0.6092711977672078
27,86706,712,0,3,109450,72,1094,0.223,0.151,0,0,0,6,6,53256,2765,106446,8,142614,1.262297161705514,0.4865739006496057
69,26001,696,1,0,20322,12,1025,0.106,0.473,0,0,0,42,20,1427,5383,28394,8,67042,0.7815552649796169,0.0702160114156374
36,21255,453,0,1,32990,84,625,0.162,0.353,0,3,1,31,9,9154,5705,48615,16,-1973,1.552032367331577,0.277469612924737
51,70232,585,0,0,45542,120,883,0.158,0.151,0,1,0,28,10,14369,9194,60656,1,120248,0.6484416157646691,0.315504029159256
47,47797,573,0,3,76769,72,1843,0.438,0.463,0,0,0,33,10,35912,12972,56373,8,66168,1.6061132264948323,0.4677868959228865
71,43283,595,0,1,19186,36,1429,0.476,0.396,0,2,0,12,28,34536,2859,5774,8,134458,0.4432584788836521,1.7999687288268098
40,44124,603,2,0,5676,36,311,0.219,0.085,0,3,0,28,16,13126,9617,10639,12,210375,0.1286345609065156,2.312136691914744
25,73602,535,1,3,60197,120,677,0.115,0.11,0,4,0,19,6,60406,12652,72971,7,281874,0.8178606850264255,1.003455264294495
53,48996,661,0,3,21121,12,1173,0.176,0.287,0,3,1,5,32,10749,8151,29329,6,104260,0.4310672081964202,0.5089006722848215
18,39032,582,0,1,32457,120,1280,0.062,0.394,0,1,1,28,0,15184,10899,64037,0,39717,0.8315271693182692,0.467804547415121
41,128408,745,2,3,227009,12,5838,0.208,0.546,0,4,0,1,8,55700,15717,150194,21,-4489,1.7678589506966025,0.2453636403682657
27,17273,547,0,2,24486,60,696,0.264,0.484,0,0,0,24,4,5335,973,44878,8,43203,1.417506078499479,0.217870706905705
67,143482,649,0,3,74850,36,5172,0.515,0.433,0,0,0,19,39,25046,4544,92366,11,217516,0.5216645874424147,0.3346114280370336
45,78360,582,0,0,51155,48,2703,0.397,0.414,0,1,0,36,11,6893,19095,64934,24,291560,0.6528119855540384,0.1347447024786926
19,95765,610,0,3,180541,72,3968,0.318,0.497,0,4,0,16,0,85741,22228,332428,0,-63477,1.885230666416056,0.4749088854670935
27,36367,720,0,4,70530,48,1048,0.478,0.346,0,3,0,15,6,23294,6252,123194,5,54798,1.9393422789265289,0.3302661241156371
54,36604,626,1,3,27081,36,480,0.401,0.157,0,1,0,10,25,3014,9789,33677,1,93020,0.7398169648955061,0.1112916328188464
67,40059,758,0,1,64057,120,1559,0.297,0.467,0,1,0,9,36,19869,228,109710,4,-188,1.5990264603095357,0.3101720315963658
18,209229,636,0,4,73136,24,8133,0.273,0.466,0,1,0,24,0,8972,39930,96165,0,885772,0.349548343927735,0.1226738859947769
70,94018,540,0,2,75289,24,969,0.381,0.124,0,2,0,27,51,53100,19952,31339,22,248055,0.8007849477233325,0.7052729446141586
48,31495,785,0,0,17919,24,598,0.542,0.228,0,3,0,28,24,8428,5477,21944,20,99148,0.5689293878587757,0.4703125
40,74499,644,0,0,147079,60,1755,0.155,0.283,0,3,0,20,11,27867,3650,245959,11,-149962,1.9742147651006712,0.189468316562415
31,44436,758,0,4,38170,60,2031,0.087,0.548,0,1,0,45,5,19989,5814,42331,7,147479,0.8589688772869456,0.5236698016819051
34,67894,466,0,0,144280,24,650,0.128,0.115,0,0,1,18,11,45372,9570,74573,13,252334,2.125046026953384,0.3144696806925375
39,39084,696,0,1,43406,24,815,0.721,0.25,0,3,0,29,6,25810,1362,31617,15,71429,1.1105539209415376,0.5946045568687078
45,93475,846,0,3,101207,72,3710,0.112,0.476,0,3,0,48,13,5747,18363,143594,4,116573,1.0827057212546536,0.056784048691803
55,73982,444,1,1,31143,48,992,0.083,0.161,0,2,0,4,16,16790,14094,21923,21,223080,0.4209480556344025,0.539108656563062
28,40290,691,0,0,21805,48,1212,0.068,0.361,0,3,0,2,9,9964,3766,39419,8,51116,0.5411878583306445,0.4569384573053288
65,34789,496,0,4,14541,84,338,0.31,0.117,0,0,0,39,27,23339,9738,23474,22,175299,0.4179649324518539,1.6049374226378763
34,54865,696,0,1,98955,72,1069,0.352,0.234,0,0,0,18,12,16366,10319,193557,6,60679,1.8035759851274011,0.1653866364849023
65,103613,587,0,4,129152,12,4491,0.385,0.52,0,3,0,32,37,18601,7506,191984,14,121514,1.2464724844133033,0.1440229804960008
73,73830,737,0,3,135025,12,3358,0.268,0.546,0,2,0,45,30,9845,20799,44915,15,290589,1.8288388346358573,0.0729118836372254
26,65831,612,1,4,98163,12,672,0.227,0.122,1,1,0,22,2,54656,19130,112503,3,41091,1.4911137440758293,0.5567825271993806
74,41302,540,0,0,79765,72,1683,0.265,0.489,0,3,0,29,44,35564,11209,109328,0,98839,1.9312156501949007,0.4458541233106837
57,43936,490,0,0,37261,84,1975,0.04,0.539,0,0,0,36,36,19037,10971,20120,1,75526,0.8480551699023602,0.5108958187966293
68,35976,593,0,1,30438,72,1528,0.374,0.51,0,3,0,9,36,138,7868,13109,21,18981,0.8460405258915418,0.0045336574788922
47,31613,677,0,1,15498,72,823,0.307,0.312,0,0,0,0,10,23201,4660,21607,8,136803,0.4902258493072689,1.4969352861474934
57,45643,635,0,3,39618,24,1949,0.112,0.512,0,0,1,34,27,3620,9516,35910,2,41770,0.8679782665848742,0.0913703021277669
47,36400,617,0,0,13033,72,1047,0.205,0.345,0,3,0,40,23,30614,9379,4434,18,193237,0.3580396142963105,2.348780113549179
31,140368,770,0,4,86273,24,3601,0.046,0.308,0,0,0,7,9,122462,1360,51141,9,294043,0.6146157627396363,1.41945429677539
57,46350,735,0,0,80531,24,1002,0.211,0.259,0,3,0,20,36,12457,6616,144716,22,-79118,1.7374166684645422,0.1546838523816619
48,77212,611,0,1,53013,48,2512,0.015,0.39,0,0,0,6,18,62224,13310,43536,13,150426,0.6865812751738697,1.1737276945712454
24,61199,603,0,1,120363,84,2726,0.239,0.535,0,4,1,27,2,20984,7456,219980,2,-137104,1.9667156862745097,0.1743378418796317
53,43711,670,2,0,31606,48,969,0.206,0.266,0,3,0,35,33,21246,5635,60329,5,130370,0.723050878477306,0.6721928686683329
29,88910,686,0,3,119758,36,3199,0.204,0.432,0,3,0,46,6,37703,6082,129288,9,-4905,1.3469424480660437,0.3148239380756352
50,47376,623,0,3,58394,120,1282,0.156,0.325,0,2,0,43,29,35720,5530,20369,1,159301,1.2325389957152204,0.6116962068670263
71,28719,628,2,1,50669,84,767,0.214,0.32,0,2,0,33,25,11051,7118,40581,23,32823,1.764240947075209,0.2180974935859483
40,38835,762,1,3,63162,36,1588,0.268,0.491,0,4,0,13,20,14851,755,93766,6,13657,1.6263775878051292,0.2351218276522647
68,18994,545,2,3,33906,48,853,0.203,0.539,0,3,0,9,31,9398,1390,40700,11,62000,1.7849960515925245,0.2771699059191317
50,42257,764,0,3,19821,12,1849,0.324,0.525,0,0,0,16,14,36351,5660,39290,6,48011,0.4690472809882152,1.8338714559580265
65,78047,520,1,0,72941,12,1529,0.574,0.235,0,2,1,6,23,53637,23129,116980,8,306050,0.9345659081590816,0.7353376655424858
42,43106,612,0,3,55931,120,1515,0.405,0.422,0,1,0,1,11,36596,11051,105724,7,134548,1.2974922866355811,0.6542945004648502
25,32470,648,0,4,49775,48,1356,0.184,0.501,0,1,0,38,3,26037,7965,30434,4,122339,1.532906285608697,0.5230834136933462
20,41897,802,2,4,76648,72,779,0.559,0.223,0,3,0,9,1,19268,3914,105722,1,-7952,1.829395197861473,0.2513796657490639
49,60985,567,0,0,129898,12,1409,0.704,0.277,0,0,1,14,28,25110,972,177162,8,110888,2.129964254091103,0.1933040285144612
33,52508,800,1,0,48428,48,1173,0.264,0.268,0,3,0,24,10,5925,1702,18830,14,248081,0.9222799900969356,0.1223440500526544
25,54886,762,0,0,91192,48,300,0.054,0.066,0,3,0,24,2,13270,947,84228,2,147405,1.6614498879516095,0.1455155549219786
26,38717,542,0,4,74403,24,1359,0.179,0.421,0,3,0,26,6,4840,482,47593,4,107762,1.921664342166434,0.065050266114725
67,49423,556,0,0,46787,120,385,0.599,0.093,0,3,1,22,32,42608,12347,15220,5,118472,0.9466453544836516,0.9106608532102248
56,52671,612,0,4,23753,48,816,0.278,0.186,0,0,0,14,27,13989,2094,11610,17,83517,0.4509606622114216,0.5889113412477899
73,65191,748,1,4,125082,24,448,0.114,0.082,0,0,0,42,51,16625,6576,202337,20,-41637,1.9186710025770035,0.1329117466002574
67,54409,609,2,3,101751,36,483,0.419,0.107,0,1,0,10,33,42144,10538,64491,14,249613,1.8700790295901488,0.4141835049925308
44,74969,743,0,3,134531,36,1196,0.142,0.191,0,3,0,26,11,11462,19531,125146,5,220722,1.7944644524476456,0.0851990604465851
32,39769,534,0,3,74047,72,1421,0.03,0.429,0,1,0,26,9,12336,3670,84992,9,124774,1.8618808146844357,0.1665946413137424
46,46807,625,0,4,44872,24,1749,0.422,0.448,1,1,0,19,23,15451,3111,16306,9,42521,0.9586395487950776,0.344327323780447
57,80394,712,2,4,105277,60,2825,0.402,0.422,0,1,0,35,27,30432,18543,93826,16,66633,1.3094968592574163,0.2890632420828663
31,45156,586,0,1,88766,24,1893,0.242,0.503,0,0,0,27,12,3249,4168,107713,6,24451,1.965719600504905,0.0366014397242218
27,26018,575,1,3,17196,120,1087,0.569,0.501,0,0,0,36,6,15205,6017,14766,9,104873,0.6609016487951113,0.884165842879572
72,124157,611,0,4,101034,72,2201,0.395,0.213,0,2,0,25,51,4360,30042,154620,17,404339,0.8137534431933504,0.0431533626960954
52,45584,637,1,1,50701,48,1829,0.132,0.481,0,3,0,5,33,25407,5205,64419,9,70709,1.1122299001864648,0.5011044929194115
59,41947,763,2,3,6212,48,1637,0.075,0.468,0,1,0,32,24,35978,4265,2020,14,182147,0.1480881090874416,5.790761306937068
44,39171,850,0,0,9571,48,1271,0.24,0.389,0,0,0,17,24,27524,5518,12480,9,195797,0.2443326866128867,2.875470121186795
33,40414,494,0,0,19346,48,929,0.29,0.276,0,4,0,20,12,5472,11134,6482,15,120327,0.478683657058023,0.2828345479919367
61,83098,791,1,1,102923,48,3430,0.265,0.495,1,3,0,1,22,41360,15485,79546,6,136751,1.2385588274227126,0.4018499086704753
61,57429,562,1,4,14083,120,1911,0.28,0.399,0,2,0,23,20,37822,3759,28007,0,200040,0.2452202681525335,2.6854586765123543
74,74027,633,2,3,110446,84,3133,0.252,0.508,0,3,0,31,45,58491,11059,95442,13,339569,1.491948992273194,0.5295843255135948
28,42740,760,2,3,16759,24,1221,0.345,0.343,1,2,0,9,6,22369,12353,15948,0,108030,0.3921059404319038,1.3346658711217183
64,44075,785,1,0,45620,72,296,0.684,0.081,0,3,0,17,41,6708,3284,58351,7,15263,1.0350304020328522,0.1470375484974025
29,55346,613,0,0,72673,24,2524,0.409,0.547,0,1,0,44,9,42576,14578,92704,6,119935,1.313043164037798,0.5858491344910147
25,190787,850,0,4,32292,48,7993,0.448,0.503,0,0,1,36,4,131107,47022,40931,2,1065140,0.169255928045789,4.0599201065246335
48,100539,560,0,3,217870,36,2959,0.498,0.353,0,0,0,0,18,12859,5158,73065,2,403321,2.1669982096677938,0.0590211638997388
26,30591,770,2,1,34035,24,210,0.226,0.082,0,2,0,26,3,3404,4579,64572,6,94711,1.1125457635983265,0.1000117522623104
29,99126,575,0,1,16606,60,804,0.125,0.097,0,3,1,31,8,37251,5725,23593,8,301001,0.1675224711733433,2.2430902631420486
37,19082,603,1,0,19465,84,853,0.091,0.536,0,3,0,21,9,16756,722,22176,10,5340,1.0200178169050989,0.8607829035240933
40,50287,837,0,3,33070,120,767,0.232,0.183,0,2,0,4,13,44008,9724,36646,9,263014,0.6576121539930003,1.3307127090199873
54,85086,590,0,0,108162,48,3566,0.097,0.503,0,0,0,30,34,42914,15052,175425,7,63023,1.271193014208986,0.3967530486395532
36,60889,674,0,0,10643,60,2108,0.557,0.415,0,0,1,17,6,35646,16490,10358,17,346083,0.1747906060108392,3.3489289740698984
67,95808,601,0,4,60281,120,3305,0.234,0.414,0,2,0,40,46,21728,20393,69432,4,260369,0.6291788871609139,0.3604392687701138
27,50359,702,0,3,70403,12,976,0.603,0.233,1,3,0,2,8,1722,8600,65974,9,186377,1.3979944400317712,0.0244588375660473
59,93894,573,1,4,147539,60,3856,0.355,0.493,0,3,0,37,38,72777,14640,186233,9,91079,1.571319026572235,0.4932696217974786
32,133960,704,0,0,130800,120,3672,0.466,0.329,0,2,0,23,11,19550,34069,190402,10,114003,0.9764035801464606,0.1494636891155266
36,43601,575,0,3,30336,36,269,0.082,0.074,0,3,0,3,6,15206,9647,60649,11,59384,0.6957479014724095,0.5012361143158519
66,105966,698,0,1,12692,60,3885,0.301,0.44,0,4,0,22,17,69760,8895,17657,3,538731,0.1197731369199845,5.495942645552667
75,32948,603,0,2,65897,72,174,0.177,0.063,0,1,0,38,52,26535,9217,71574,23,50643,1.9999696500652524,0.4026677592643176
70,44498,667,0,1,16951,36,269,0.185,0.073,0,1,0,2,22,8400,187,24593,13,170750,0.3809299085372705,0.4955167531854648
42,38679,582,0,3,31706,60,245,0.259,0.076,0,0,0,23,18,22215,9614,38343,15,161781,0.8197001034126163,0.7006339294162173
19,56956,699,0,3,59898,84,2066,0.213,0.435,0,4,0,46,0,26339,1627,77906,0,116740,1.0516354442825289,0.4397235346166046
25,113186,562,1,3,29466,120,1805,0.105,0.191,1,1,0,36,3,96833,2189,19086,5,304478,0.2603302499403642,3.286150609156005
62,103502,634,0,0,191278,120,2124,0.439,0.246,0,0,1,5,22,68380,1535,165223,5,30963,1.848043051892216,0.3574882762875171
74,79021,654,0,3,50197,72,1856,0.247,0.282,0,1,0,16,48,59783,10405,84897,11,171127,0.6352281643086736,1.190943862305271
71,57127,620,1,2,39309,72,1627,0.222,0.342,1,3,0,23,52,25283,9943,68418,14,180068,0.6880864024646408,0.6431696769269906
36,60706,711,0,3,60757,84,1003,0.162,0.198,0,0,1,3,11,15249,4892,33326,14,189241,1.0008236282471543,0.2509792949076664
69,67181,516,1,0,104726,72,2152,0.302,0.384,0,3,0,28,43,54185,643,132844,12,128638,1.5588401655205264,0.5173928404327441
61,68157,609,0,4,14457,84,975,0.238,0.172,0,3,0,13,18,10791,1974,5525,11,259940,0.2121100971272631,0.746368792364089
61,44180,665,0,3,29227,60,1721,0.175,0.467,1,3,0,36,36,22616,8631,47509,12,42896,0.6615287114370431,0.7737785684959628
35,96832,626,0,3,82153,120,3653,0.531,0.453,0,1,0,22,7,24273,25685,121862,0,388372,0.8483987896688112,0.2954573118776931
75,107989,775,0,1,37443,72,4101,0.421,0.456,0,0,0,0,48,76753,12001,66781,8,490609,0.3467265487545143,2.049807712851191
56,137552,582,1,3,182352,48,4027,0.317,0.351,0,3,0,25,23,37554,39904,64577,4,179050,1.3256853721838129,0.2059412238899277
75,51747,797,0,3,43265,24,1372,0.464,0.318,0,3,0,14,43,45,2952,57820,0,90505,0.8360709592641261,0.0010400776591318
35,71497,675,0,0,58795,12,1651,0.116,0.277,0,0,0,27,9,52411,19688,111582,15,7576,0.822330694564883,0.8914041771549085
64,63008,540,2,4,128033,48,881,0.52,0.168,0,1,0,46,36,33480,8977,177983,19,18123,2.0319795584757734,0.261493040911008
70,75452,796,2,0,96237,120,636,0.244,0.101,0,1,0,4,16,19758,14722,178550,2,-50199,1.2754562442845214,0.2053035183607306
63,53365,661,1,0,30334,72,621,0.518,0.14,0,1,0,32,27,32430,8871,42782,3,199507,0.5684143462129446,1.069062139442888
73,82115,558,0,1,36925,60,1560,0.687,0.228,0,3,0,39,40,7259,10226,27255,21,347367,0.4496687612645526,0.1965823538969831
31,78739,584,0,0,22370,120,3448,0.412,0.525,0,3,1,33,12,23202,555,21540,10,280394,0.2840995681991364,1.0371463054847794
68,49054,622,0,3,91555,120,596,0.358,0.146,0,1,0,22,30,26809,1316,107499,14,13320,1.8663744776271527,0.2928153261391935
63,31710,561,0,0,56335,84,921,0.147,0.349,0,4,0,4,41,18331,356,79534,2,55464,1.7765128819652487,0.3253869639307015
20,33988,730,0,3,70765,120,1037,0.099,0.366,0,2,1,17,1,29739,5784,88745,1,1937,2.081997116714231,0.4202441850606223
33,67942,664,1,4,33412,120,2247,0.502,0.397,0,3,0,6,6,6397,7423,41079,12,310652,0.4917651560867197,0.1914524286954179
70,16814,850,0,0,3668,120,382,0.175,0.273,0,0,0,28,50,13055,993,1794,7,72999,0.2181385667558727,3.558190242572908
63,23978,708,0,1,40064,24,719,0.432,0.36,1,3,0,33,19,4634,3742,56198,1,15721,1.6707952792026357,0.1156620491700985
34,52632,621,0,3,90113,84,559,0.303,0.127,0,0,0,25,13,23552,4000,74377,13,203048,1.7121007732791214,0.2613578356304237
72,57766,625,0,1,40351,60,311,0.393,0.065,0,1,1,20,46,50165,10273,47693,22,260040,0.698512991846556,1.2431849722442505
43,150357,653,0,0,198837,48,1380,0.272,0.11,0,0,0,46,18,91878,1563,383468,16,46621,1.3224238151611487,0.462074653738219
20,35792,702,1,3,68639,72,1164,0.333,0.39,0,3,0,19,0,2025,6104,105572,0,68359,1.917665465314447,0.0295017482517482
63,56776,525,0,4,86010,36,520,0.174,0.11,0,0,1,5,34,9701,12014,136200,1,-66647,1.5148739806611833,0.1127878992221925
66,46847,675,0,1,16570,60,791,0.046,0.203,0,1,1,40,36,41014,9803,25651,2,151827,0.3536970628415301,2.475046768450908
24,58739,688,0,1,11523,12,503,0.116,0.103,0,3,0,13,3,20103,10017,5160,1,178043,0.1961695607763023,1.7444463727872266
74,73000,517,0,0,121160,48,1253,0.671,0.206,0,4,0,32,54,17503,7583,71545,1,5148,1.6597032917357295,0.1444606762902254
70,24932,850,2,2,18981,48,145,0.286,0.07,0,0,1,27,30,8099,7206,31349,6,49569,0.7612802310191312,0.426667369086503
49,58984,637,0,1,106753,120,1437,0.151,0.292,0,3,0,16,17,25054,7784,199579,21,-32315,1.809833008391964,0.2346890983007662
70,112819,692,1,0,138115,12,1699,0.069,0.181,0,0,0,3,45,96004,6880,50109,7,537659,1.2242067009395496,0.6950968750905037
25,60081,680,0,1,103514,84,764,0.468,0.153,1,0,0,38,5,45943,16236,85874,4,103606,1.7228787323990546,0.4438293967057914
72,36339,718,0,4,4830,84,1067,0.142,0.352,0,1,0,25,37,5897,8126,2395,1,162534,0.1329113924050632,1.22065824880977
54,45199,711,0,1,53706,12,1142,0.356,0.303,0,3,0,0,27,30294,11333,65756,19,105560,1.1881858407079646,0.5640605507661943
36,36588,616,2,1,24936,48,1451,0.254,0.476,0,3,0,36,7,28262,9236,44148,4,163746,0.6815163027139304,1.133336006736977
32,47308,762,0,3,79390,120,231,0.107,0.059,0,2,0,20,4,41093,1791,61250,6,161736,1.6781162146737407,0.5176027509415425
67,26596,660,1,0,6919,72,841,0.381,0.379,0,2,0,5,30,4179,2279,7054,1,110793,0.260142121291875,0.6039017341040462
21,65903,439,0,0,95512,12,2655,0.01,0.483,0,3,0,42,2,56698,18643,123401,0,79362,1.449259529011896,0.5936155287761875
70,43026,620,0,1,7773,24,1847,0.196,0.515,0,3,0,35,34,25309,6860,9222,13,162606,0.1806540079484974,3.2555955749935683
73,48398,706,0,0,22596,60,870,0.327,0.216,0,1,0,10,32,15215,13827,32612,11,77018,0.4668691501890535,0.6733194671859096
37,38246,564,0,2,44249,84,820,0.134,0.257,0,3,0,13,7,28959,6299,58965,6,155745,1.1569273407064606,0.6544406779661017
58,127425,624,0,3,53541,120,5057,0.25,0.476,0,0,1,39,22,47888,30111,103977,20,213081,0.4201732770392227,0.8944006574278137
75,61124,705,1,1,90686,36,850,0.329,0.167,1,2,0,20,46,11603,9773,92540,20,156261,1.4836155419222905,0.1279455710300263
74,54647,715,1,1,77270,72,1450,0.333,0.318,0,4,0,5,23,19373,12789,102273,24,144786,1.41395842482799,0.2507150159827102
35,38139,596,0,1,71973,36,553,0.207,0.174,0,4,0,21,15,23132,8598,85753,8,32564,1.8870739381227055,0.3213938366632395
74,64534,850,1,1,19360,24,2257,0.261,0.42,0,0,0,15,27,30827,5495,11975,4,238855,0.2999922522662121,1.5922214761634212
51,41833,775,0,1,72383,84,1101,0.125,0.316,0,1,0,19,17,6793,410,34288,11,74379,1.730243342735574,0.093846706454465
25,36673,636,0,0,54348,72,717,0.194,0.235,0,1,0,41,2,7982,9901,97628,7,639,1.48192179745869,0.1468656277024416
25,83795,553,0,3,68562,48,3558,0.063,0.51,0,0,0,42,4,30687,2547,44713,3,338805,0.8182013461263068,0.4475737642751921
33,93095,588,0,0,131981,48,3036,0.25,0.391,0,2,0,31,7,55284,15676,121073,6,92474,1.4176871186731976,0.4188753011774332
42,77847,640,1,3,33437,84,1563,0.526,0.241,0,3,0,10,14,24160,2441,24148,8,185073,0.4295164936799918,0.7225312518691309
24,84810,743,0,0,125235,36,1596,0.151,0.226,0,3,0,18,5,58140,170,194209,6,216244,1.4766362853875088,0.4642435082564119
39,106321,622,0,3,28553,84,3235,0.705,0.365,0,1,0,41,14,40150,2181,47299,8,417193,0.2685521340832565,1.4061077257126848
68,78436,671,2,3,69042,24,697,0.451,0.107,0,4,0,44,36,19129,14309,120252,22,67064,0.8802223440468147,0.2770592239618788
71,64613,587,1,1,111332,48,559,0.092,0.104,0,1,0,33,25,5207,15313,39283,18,107197,1.723032160212957,0.0467696011065901
52,41291,625,0,1,21585,36,1249,0.255,0.363,0,3,0,18,10,11577,5846,8537,19,71475,0.5227404824179017,0.5363198369313444
43,63158,581,0,4,20535,48,893,0.26,0.17,0,2,1,6,11,11060,11755,7322,8,238167,0.3251318101933216,0.5385664199454616
75,24765,566,0,3,43316,36,975,0.376,0.472,1,4,0,29,48,6691,6178,59650,18,59146,1.7490107405313735,0.1544659140753053
43,66296,692,0,4,71852,48,1284,0.14,0.232,0,3,0,18,16,34890,2378,121952,8,79853,1.083789613406338,0.4855747150432132
64,55190,565,0,3,72986,120,1231,0.191,0.268,0,0,0,47,44,28099,11834,114756,4,177087,1.3224257578228331,0.3849863674352967
62,29484,577,1,0,8960,12,1189,0.191,0.484,0,2,0,20,15,21851,2140,9482,14,158905,0.3038833305070375,2.438455529516795
18,68568,664,1,1,137092,84,2890,0.085,0.506,0,1,0,28,0,8623,12334,127525,0,22813,1.9993291429071447,0.0628989080405272
63,32643,634,2,3,25715,12,343,0.061,0.126,0,3,0,9,19,23801,5889,13081,18,162215,0.7877404729812523,0.925532742261627
73,18565,739,0,1,33639,72,760,0.165,0.491,0,3,0,10,27,4289,213,51827,6,-35015,1.8118603899601424,0.1274970273483947
65,37368,737,0,1,20390,60,1097,0.362,0.352,0,1,0,9,37,3920,3920,32034,10,23834,0.5456394337552517,0.1922416752488843
48,35918,692,0,0,24049,120,631,0.214,0.211,0,1,0,8,13,5873,9023,13883,8,82672,0.6695342297948161,0.2441995841995842
72,68540,523,0,3,45886,12,3018,0.285,0.528,0,4,0,34,23,57810,7570,28042,1,298343,0.6694679097182709,1.2598339398958311
70,43579,608,1,2,30568,120,1457,0.404,0.401,0,4,1,31,45,25663,10527,53994,24,90464,0.701422670949977,0.8395106153292551
68,38594,692,1,0,79510,84,804,0.481,0.25,0,2,0,18,16,11201,11438,60846,17,50313,2.0601114133955174,0.140873589817761
19,51654,476,0,3,87954,84,313,0.05,0.073,0,1,0,43,0,14799,1752,117491,0,25692,1.7027199690252637,0.1682564947984764
43,32484,696,0,2,6835,12,941,0.395,0.348,0,3,0,41,20,5189,7774,10720,22,22207,0.2104048022164075,0.7590696313633704
36,42685,661,0,0,66243,60,234,0.029,0.066,0,4,1,17,11,37191,4582,53907,11,167811,1.551867122710022,0.5614244308918543
27,55412,472,0,4,90112,48,2121,0.059,0.459,0,2,0,32,7,4139,8902,69904,7,108041,1.6261888004619856,0.0459312196908326
75,65001,710,0,1,116507,36,2437,0.287,0.45,0,3,0,28,21,40951,13334,129324,0,227675,1.79236023506969,0.351486593195317
44,68719,850,0,2,56330,84,1366,0.278,0.239,0,3,0,22,16,21566,8154,86579,0,82224,0.8197031431897556,0.3828442598214127
51,18135,753,0,1,25752,24,751,0.221,0.497,0,0,0,23,11,1114,224,36726,23,-9606,1.419938244375827,0.0432570962606298
24,76828,681,1,1,149231,24,559,0.019,0.087,0,1,0,26,5,42364,9911,236387,2,22917,1.9423785289408948,0.2838801329473571
30,51445,604,0,3,37817,48,1483,0.354,0.346,0,2,1,30,8,24801,2202,43167,11,123910,0.7350814446215449,0.655798825955894
63,48878,491,0,3,64402,60,1885,0.555,0.463,0,4,1,38,36,40843,14346,53775,1,95317,1.3175801468933488,0.6341785320559601
34,72729,772,0,3,132870,72,2707,0.467,0.447,0,0,0,6,5,65448,16070,265642,12,-96494,1.82689399147532,0.4925679794688081
71,67183,745,2,3,89352,120,1571,0.406,0.281,0,1,0,13,52,26571,4044,95408,11,61037,1.3299595141700404,0.2973711011381822
20,58107,586,0,0,57598,12,1995,0.261,0.412,0,1,0,17,1,42683,10914,33774,1,209246,0.9912232394850968,0.741037170784215
60,28796,824,1,4,49767,60,1240,0.101,0.517,0,0,0,46,28,23198,293,41947,7,19298,1.7282008542556515,0.4661228098376467
61,52473,681,0,4,36621,120,2001,0.249,0.458,0,0,0,15,35,14857,1656,18332,7,231706,0.6978884781034417,0.4056851073125443
72,22750,679,2,4,12473,120,918,0.588,0.484,0,2,0,40,21,13514,4591,5831,3,48333,0.5482396378181179,1.08337341670675
32,111053,719,0,1,20444,24,3396,0.02,0.367,0,4,0,10,13,56849,22294,9000,9,306638,0.1840906225800061,2.7805820494008318
41,15548,691,1,0,15909,120,406,0.056,0.313,0,2,0,6,22,11052,1843,7310,2,24116,1.0231526143160332,0.6946574481458202
65,33025,608,0,3,27272,12,959,0.278,0.348,0,0,0,28,26,15466,8601,46591,4,130460,0.8257736328952946,0.5670809958567081
56,55470,597,0,3,52000,60,594,0.1,0.128,0,3,0,21,25,32825,5401,42253,16,243004,0.9374267635340988,0.631237860810369
43,48692,605,0,0,54289,72,920,0.461,0.227,0,0,0,9,11,41395,3556,53954,7,91349,1.1149241164027683,0.7624792779517406
71,47769,743,0,4,25249,12,1196,0.081,0.3,0,1,0,42,36,18477,10800,21055,24,202197,0.5285534854511199,0.7317623762376237
28,86857,586,0,3,60896,48,3775,0.184,0.522,0,3,0,1,3,73484,6360,113101,8,186332,0.7010983444242327,1.2066932689623462
35,61111,691,1,1,33299,72,2209,0.322,0.434,0,2,0,27,8,52320,14335,62722,8,273424,0.544884801675612,1.571171171171171
71,58695,744,0,3,6407,84,2090,0.262,0.427,0,1,0,24,44,7605,2474,4753,3,160567,0.1091556494480032,1.1867977528089888
41,120941,579,0,1,228143,84,1087,0.183,0.108,0,4,0,17,11,62679,2295,302455,17,168573,1.8863835557539976,0.2747343782873974
57,39372,720,0,4,45824,36,950,0.043,0.29,0,2,0,6,24,21630,10848,84388,8,-12372,1.163843242831382,0.472013093289689
24,45359,765,0,0,38535,12,1989,0.507,0.526,0,3,0,3,5,27455,11465,54669,2,76706,0.8495370370370371,0.7124506954536018
40,94204,690,0,1,78529,24,1914,0.723,0.244,0,4,0,28,18,76725,11792,39799,18,371093,0.833596942837429,0.9770151534445436
26,66232,659,1,0,127024,72,468,0.409,0.085,0,3,1,8,2,43370,9676,60937,4,307896,1.917835520057977,0.3414288525880732
37,77166,717,1,1,85507,120,740,0.208,0.115,0,0,0,18,16,61984,15271,133504,3,177677,1.1080772869231663,0.7248912382467138
75,39030,648,2,3,32494,12,1453,0.136,0.447,0,3,0,19,55,28392,3111,40531,5,97140,0.8325177423073967,0.8737344206801047
50,40835,687,0,1,25910,48,1808,0.359,0.531,0,1,0,7,16,30639,4530,22273,22,70306,0.6344891762170634,1.1824707653120297
28,49719,665,1,3,12073,36,554,0.283,0.134,0,1,0,5,4,41496,1630,11220,5,197132,0.2428197908286403,3.4368063607752197
68,71592,669,0,1,62583,84,3120,0.616,0.523,0,1,0,11,41,26516,8387,119564,13,-11323,0.874149707373626,0.4236865652562955
56,104594,604,0,0,140357,84,621,0.225,0.071,0,1,0,40,15,61225,2187,165624,14,136177,1.3419092690855203,0.436205987546132
56,43860,471,0,1,46177,84,482,0.272,0.132,0,0,0,40,34,33024,10880,56477,22,44852,1.0528031736622512,0.7151457403958595
22,64680,597,0,2,115557,36,2935,0.085,0.545,1,2,0,26,2,36458,18047,190843,0,-98211,1.7865679256659606,0.3154952491389605
55,29946,680,0,0,54290,120,269,0.444,0.108,0,1,0,20,22,17881,1085,37917,23,66869,1.81286940261128,0.3293547733510158
48,46917,539,1,0,102880,84,597,0.602,0.153,0,0,0,27,27,33442,372,70324,16,8093,2.1927618398056183,0.3250551608168661
45,28028,603,0,3,29637,72,1227,0.323,0.525,0,0,0,20,8,10835,7163,23576,23,121101,1.0573691533768597,0.3655779742222822
28,61032,636,0,4,8733,48,2766,0.237,0.544,0,2,0,48,6,16960,11831,6480,5,273901,0.1430865269608244,1.941836501030456
50,21624,706,0,0,10832,84,302,0.191,0.168,0,2,1,9,16,15314,996,5147,19,112212,0.5009017341040463,1.413643496722976
29,52904,643,0,1,88232,48,475,0.535,0.108,0,0,1,30,9,38116,8667,41192,4,90329,1.667744069558643,0.431992565140027
43,25143,752,0,3,50242,36,293,0.267,0.14,0,1,0,28,24,7143,3308,32763,20,-4946,1.998170537702832,0.1421690583762912
67,41456,421,0,1,28988,72,411,0.219,0.119,0,1,0,33,22,5005,6527,55316,1,116945,0.6992305280169815,0.1726516954706957
54,28130,566,0,0,14476,120,1174,0.187,0.501,0,4,0,28,34,6113,714,8798,21,88348,0.5145924425011553,0.4222559922635905
70,29954,850,1,1,62271,60,689,0.369,0.276,0,2,0,2,46,6874,7207,89527,18,-27770,2.0788182273410114,0.110386690647482
51,54003,535,0,1,65495,84,1569,0.1,0.349,0,1,0,18,18,47496,12519,60911,18,113255,1.212780534775202,0.725174056430927
68,54867,636,1,3,69028,72,1984,0.72,0.434,0,2,0,5,36,33841,7531,64461,5,66847,1.258073922869432,0.4902432311057671
72,129312,799,0,4,256826,84,2830,0.096,0.263,0,4,0,4,30,111892,20439,414145,13,176249,1.9860802858181312,0.4356707044041319
32,120158,642,0,3,89594,120,1292,0.153,0.129,0,1,0,41,13,12289,33684,132627,3,-2581,0.7456287086277349,0.1371616719683018
36,123385,662,0,4,187439,36,2723,0.14,0.265,0,1,0,40,14,15410,22422,254107,18,146308,1.519126967403109,0.0822129748186086
67,79999,557,2,1,46578,36,2823,0.419,0.423,0,1,1,3,43,21577,7803,61074,6,64444,0.582225,0.4632345048197686
39,38758,715,2,3,47396,120,1641,0.099,0.508,0,0,0,48,18,34865,3091,32227,2,33778,1.2228385665264845,0.7355950798573749
36,39023,692,0,2,16726,24,546,0.473,0.168,0,3,0,14,12,28452,9760,16928,12,106482,0.4286080360803608,1.700962515693191
40,17658,590,0,4,36198,24,540,0.101,0.367,0,1,0,6,12,9510,1003,31799,2,51359,2.049832946372954,0.262714439625404
45,61971,819,0,1,128622,24,2699,0.359,0.523,0,2,0,39,25,21647,5778,62533,9,255295,2.0754857032208096,0.1682980493379877
32,42223,772,0,3,6843,24,1921,0.19,0.546,0,1,0,9,11,18064,2868,5325,9,72055,0.1620642288745737,2.6393921683226185
33,88944,720,1,3,37328,36,2386,0.165,0.322,0,4,0,48,6,50666,18363,20183,10,428496,0.4196750801056833,1.357282541723593
61,48900,507,0,3,86125,72,492,0.458,0.121,0,3,1,18,42,8731,10365,67881,22,60229,1.7612114271691786,0.1013747300466758
45,26712,458,0,3,17147,84,1195,0.261,0.537,0,3,0,44,19,11924,879,6665,3,21474,0.6418972036087298,0.695358059248892
66,72607,578,1,4,112794,48,622,0.26,0.103,0,3,1,34,40,307,18590,48114,16,282605,1.553465182899956,0.0027217518507026
65,70414,597,1,4,14906,120,1558,0.412,0.266,0,0,1,25,36,17825,900,15137,12,270391,0.2116878506000142,1.195746964513316
66,48369,758,0,1,45178,60,1035,0.697,0.257,0,2,0,48,43,31083,4682,35211,0,49397,0.9340086830680172,0.6879966356050378
54,95892,699,0,4,178329,84,1509,0.089,0.189,0,3,1,33,30,28296,20038,88200,16,183702,1.8596665032901252,0.1586721247126114
58,117551,627,0,3,176052,48,5017,0.366,0.512,0,3,0,23,23,96923,2478,195897,7,-13666,1.4976521028991423,0.5505330781071609
22,52406,647,0,1,84307,72,898,0.431,0.206,0,4,0,43,2,18382,9450,138476,2,-25864,1.6086973114278629,0.2180338757887745
36,16747,706,0,1,33596,24,110,0.274,0.079,0,3,1,21,6,12426,2728,29802,15,50468,2.0059708621925005,0.3698544512902937
71,25000,789,0,2,15750,84,280,0.518,0.134,0,2,0,26,50,16636,3974,22004,22,110538,0.6299748010079597,1.0561869087676974
65,99182,623,1,2,188438,36,4455,0.146,0.539,0,1,0,14,19,57696,6452,280907,2,273507,1.8999022009820232,0.3061786572843201
36,43902,527,0,1,77984,12,850,0.3,0.232,0,3,0,3,10,12245,3926,116444,15,-24190,1.7762795253171766,0.1570173751362441
56,56401,537,0,4,23062,120,2076,0.086,0.442,0,4,1,22,34,47966,15409,28065,16,140584,0.4088862097088755,2.079781468152452
73,30849,708,0,4,10444,120,907,0.108,0.353,0,2,0,44,19,18784,3721,3199,17,114985,0.3385413290113452,1.798372426998564
40,43500,639,0,2,9455,36,183,0.115,0.05,0,0,1,43,21,7271,9885,8041,1,139300,0.2173513252568906,0.7689297800338409
36,18266,659,0,4,35253,60,456,0.163,0.3,0,1,0,6,16,8764,3389,17774,15,75983,1.9298735424536049,0.2485959040108923
72,93410,655,0,0,76681,60,3435,0.334,0.441,0,0,0,18,18,65191,26351,55546,13,308051,0.8208990375865798,0.8501473618319815
22,138237,641,1,3,20050,72,4719,0.308,0.41,0,0,0,8,3,58177,40564,7049,2,369299,0.1450397141162343,2.901451299187073
53,201784,662,0,3,378469,48,8522,0.34,0.507,0,1,0,16,30,70832,7141,522282,0,16153,1.8756052233813216,0.1871535392501387
21,91960,717,0,3,53235,24,489,0.193,0.064,0,3,0,7,2,62124,16006,35783,0,280783,0.578886701971488,1.1669546923134722
52,41407,737,0,4,10737,48,846,0.233,0.245,0,4,0,17,31,19947,11560,10384,5,114922,0.2592977202472952,1.8576084932017136
46,53806,586,0,4,6707,24,711,0.204,0.159,0,3,0,11,19,1816,10184,10817,13,57846,0.1246492092106975,0.27072152653548
42,40339,728,0,3,54014,36,914,0.346,0.272,0,1,0,20,23,6942,8578,90153,16,44174,1.338968765493307,0.1285198555956678
24,109153,791,2,1,231930,120,2758,0.075,0.303,0,1,0,8,2,90335,20636,91405,5,422362,2.124796159554391,0.389490839948088
41,33675,795,0,4,64216,12,1007,0.314,0.359,0,1,0,22,18,18231,1656,128162,7,55742,1.9068773013422025,0.2838967874550352
42,47865,576,0,1,19203,24,353,0.112,0.088,0,3,1,41,8,30583,7118,29509,14,91413,0.4011824677223917,1.5925328056654864
72,26658,688,0,3,30322,120,1170,0.295,0.527,0,0,0,2,36,7327,5950,34660,14,52567,1.1374020030758842,0.2416317646670844
61,65210,800,0,3,33982,12,309,0.387,0.057,0,1,1,24,32,53359,9721,50581,21,196515,0.5211084019567251,1.5701674366595062
51,43180,826,0,1,65376,72,744,0.447,0.207,0,3,0,38,26,5682,4326,97030,21,77059,1.5139992126166602,0.0869112990807164
57,29554,804,0,1,34636,48,144,0.177,0.058,0,3,0,24,35,23601,2704,21809,11,140006,1.1719167653527325,0.6813811819730347
34,55918,674,0,3,78038,72,624,0.273,0.134,0,3,0,16,5,49116,6150,97719,11,94808,1.3955542838748904,0.6293776188828663
18,153633,708,0,0,322727,36,6575,0.3,0.514,0,3,1,47,0,25675,35130,379475,0,435133,2.100622258093912,0.0795561587466845
75,136607,647,1,4,253091,12,1596,0.409,0.14,0,1,0,27,26,112084,4519,190557,11,407044,1.852680662918716,0.4428587233101007
60,69667,508,0,1,33371,48,1226,0.317,0.211,0,3,0,7,17,39944,14866,24504,3,160720,0.4790004019061836,1.1969315593911063
25,39669,627,0,3,43958,72,787,0.623,0.238,0,0,0,38,6,3795,8150,74182,7,93865,1.1080917569952105,0.0863304442776223
53,51133,766,0,3,45948,12,597,0.48,0.14,0,1,0,34,26,3527,9324,26199,7,119627,0.8985802010404036,0.0767590154301508
61,56423,644,0,1,107712,36,1452,0.264,0.309,0,1,0,8,13,19308,12201,188598,19,-105888,1.908974904296044,0.1792541290280653
20,77336,595,0,3,43732,72,754,0.2,0.117,0,1,0,28,0,11312,14534,56358,0,207205,0.5654731887712221,0.2586605080831409
70,110173,590,0,0,234145,120,2795,0.266,0.304,0,0,0,23,36,40602,11854,447812,1,115796,2.125229182928822,0.1734046278817489
39,51546,546,1,1,104213,120,2258,0.132,0.526,0,3,0,31,16,5590,6304,94006,2,36090,2.021708343841542,0.0536396261538756
25,52369,697,0,2,20115,60,924,0.187,0.212,0,3,0,45,4,35804,11676,13240,7,233582,0.3840939469161734,1.7798767150526944
57,73255,546,1,2,91750,24,2163,0.571,0.354,0,0,0,9,23,52431,15459,167460,19,234538,1.2524571366167958,0.5714488125470022
19,29053,651,2,0,33325,36,524,0.167,0.216,0,1,0,48,0,10292,5784,49619,0,18870,1.1470021339574583,0.3088279421472724
32,60438,817,0,1,74899,120,2339,0.505,0.464,0,2,0,28,6,27305,16254,30552,3,207637,1.239249491222555,0.3645527369826435
43,125478,699,1,4,32806,12,690,0.192,0.066,1,0,0,29,10,60521,19206,18801,3,386335,0.2614461383976602,1.8447587405126955
53,153165,627,0,1,102938,120,2870,0.243,0.225,0,4,0,6,16,9297,42946,98424,5,257160,0.6720682135722027,0.0903156238160464
46,54346,619,0,3,66555,72,558,0.276,0.123,0,2,0,38,20,1265,3446,29074,0,40450,1.2246306143853387,0.0190065508744515
20,31543,739,2,3,26562,24,1291,0.428,0.491,0,2,0,6,1,8947,9058,8772,0,156502,0.8420618818158763,0.3368218951172684
57,175724,551,0,3,148840,120,1086,0.298,0.074,0,4,0,35,28,83508,43819,130283,20,113731,0.8470052639066724,0.5610550856282879
41,143652,678,2,2,219059,60,6537,0.33,0.546,0,3,1,0,18,13114,40628,155187,5,609624,1.524917683584749,0.0598648772025929
40,52378,674,1,2,87798,60,412,0.379,0.094,0,2,0,37,21,9578,5576,107092,10,85581,1.676206113136944,0.1090900807526281
27,58612,566,1,3,33962,12,1562,0.249,0.32,0,1,0,24,3,151,14319,50385,4,88413,0.5794277719959736,0.0044460147807908
50,32658,770,0,3,39033,36,846,0.184,0.311,0,1,1,27,28,1255,5691,40351,9,-6952,1.1951682537738448,0.0321514577035405
71,103555,537,0,0,205748,12,2394,0.278,0.277,0,0,0,47,35,9793,7244,203903,7,303805,1.986828382710804,0.0475968291461926
37,37498,649,1,0,7888,48,1312,0.103,0.42,1,3,0,43,7,25652,5590,9772,12,66443,0.2103522760606949,3.2516161744200787
31,93334,458,2,1,107432,84,2332,0.367,0.3,0,2,0,22,12,18199,12815,49335,9,315299,1.151036588632346,0.1693986019193357
35,90262,518,0,3,185116,120,3379,0.445,0.449,0,0,0,40,8,25493,162,158409,15,314843,2.050851400906241,0.1377129058919494
67,21706,557,0,1,13201,48,182,0.09,0.101,0,1,0,2,27,8805,780,20180,21,52918,0.6081448380706684,0.6669444023632783
23,78667,541,1,4,46459,84,2124,0.243,0.324,0,1,0,33,3,8725,5646,28952,3,108502,0.590570498805105,0.1877959535083943
31,59524,656,0,3,124104,12,958,0.129,0.193,0,3,0,0,6,42234,15329,204057,1,54796,2.084905501889962,0.3403086096450586
41,83756,738,0,0,125333,12,1648,0.381,0.236,0,1,0,31,22,24302,12668,97451,21,22921,1.4963883615697793,0.1938979047983787
38,61865,758,0,0,43763,36,1477,0.111,0.286,0,1,0,35,15,16877,14657,17124,19,280703,0.7073837002553907,0.3856365962891874
46,22104,616,0,0,20314,48,992,0.046,0.539,0,1,0,28,19,217,5584,16484,20,67881,0.9189776068762724,0.0106817622446468
24,44209,733,0,3,17989,60,1857,0.082,0.504,0,3,1,17,5,30128,8206,8092,1,169382,0.406898891653472,1.6747081712062255
20,91425,805,1,1,182639,24,2654,0.232,0.348,0,2,1,38,1,33729,10931,132405,0,141974,1.997670246975696,0.1846747700394218
19,47173,704,0,1,82015,12,1341,0.044,0.341,0,3,0,26,0,25630,6942,114594,0,-7898,1.738563615550939,0.3125
65,34195,692,0,0,35516,48,774,0.036,0.272,0,0,0,6,46,9761,5330,28542,1,84598,1.03860100596561,0.2748261395951235
60,70831,738,0,4,108908,24,368,0.527,0.062,0,0,1,45,15,11185,18890,211403,0,-98438,1.5375536480686696,0.1027004196163769
75,50770,653,0,1,62694,84,1446,0.113,0.342,0,0,0,43,23,18283,13336,56480,24,155904,1.2348387859210967,0.2916181513677326
65,38669,629,0,4,33038,36,648,0.388,0.201,0,1,1,47,34,2191,6698,56995,17,59840,0.8543573829842255,0.0663155664517691
53,37699,795,0,1,24838,24,209,0.404,0.067,0,4,0,8,33,1393,6867,43995,10,147027,0.6588328912466843,0.0560811626877088
49,35690,555,0,4,62008,72,877,0.294,0.295,0,1,0,33,20,27143,2933,49431,15,103435,1.7373567566053068,0.4377267815962199
46,62332,629,0,2,114598,24,979,0.754,0.188,0,0,0,37,23,28115,17357,127740,19,196386,1.8384804196813889,0.2453337289156101
42,60863,743,2,0,54123,60,1380,0.421,0.272,0,4,0,29,21,5162,11386,92271,10,81653,0.8892448738170347,0.0953735865789668
39,18279,715,2,1,24097,60,156,0.646,0.102,0,3,0,18,17,6270,841,29623,0,51780,1.3182166301969365,0.260187567432982
59,67065,618,0,0,130484,120,2604,0.761,0.466,0,4,0,17,16,55180,13419,43586,17,281521,1.9456058211314229,0.4228838563819596
63,30376,606,0,3,58426,12,820,0.382,0.324,0,1,0,18,23,20987,5251,87388,13,64395,1.9233630707443128,0.3592003696920944
21,42004,697,0,0,90031,12,656,0.324,0.187,0,2,0,36,2,13414,12418,64579,0,-12553,2.143340078562076,0.1489914696996623
63,33534,645,0,3,26123,12,1200,0.44,0.429,0,2,0,46,36,290,1505,39380,16,40248,0.7789771880125242,0.0111009033838615
24,118034,608,0,1,228492,72,2382,0.522,0.242,0,4,0,13,5,67827,16129,142621,2,303160,1.9357987037743043,0.2968449799337397
39,117807,592,2,2,223926,48,2281,0.3,0.232,0,1,0,22,6,104967,11677,112850,16,367441,1.900770745619992,0.4687554426219259
57,27193,684,0,3,59778,84,928,0.094,0.41,0,0,0,44,33,3443,5553,79474,16,-7910,2.198205486504376,0.05759547667241
73,67470,570,0,4,56435,12,2878,0.273,0.512,0,3,1,11,30,45498,14554,111748,10,156952,0.836433430659098,0.8061875398681693
63,102635,730,0,1,101223,48,731,0.085,0.085,0,1,1,43,25,60564,14962,34112,13,519341,0.9862329007365837,0.5983166047577649
52,38608,751,0,3,53830,60,781,0.195,0.243,0,0,0,28,26,19815,6702,79323,1,995,1.394234504908182,0.3680964500009288
34,31521,661,0,4,50495,48,1242,0.177,0.473,0,1,0,15,9,11873,463,16827,11,87037,1.6018970877482392,0.2351275348542458
28,54374,568,0,3,33423,48,777,0.145,0.171,0,4,1,24,6,38902,10098,12338,2,147152,0.6146758620689655,1.1638942077549066
42,30080,714,0,4,39314,24,1338,0.156,0.534,0,3,0,18,13,22240,5499,24741,19,107945,1.3069379342442071,0.5656873966679384
64,23006,658,0,4,50244,48,680,0.13,0.355,0,1,0,41,14,5631,4869,89995,11,-47711,2.18385708697353,0.1120708528211762
64,190102,619,0,1,130992,84,4748,0.368,0.3,0,3,0,47,30,167058,13006,156662,7,929743,0.6890580369589118,1.275320055270129
20,10007,683,0,2,15047,120,59,0.53,0.071,0,1,0,30,1,4670,2852,19671,0,7595,1.5034972022382094,0.3103402445507708
63,26704,478,0,0,33153,12,959,0.025,0.431,0,4,0,9,31,359,1661,45160,7,46724,1.2414529114398052,0.0108282560173734
52,100008,640,1,1,17384,60,1992,0.374,0.239,0,1,0,41,21,79397,2451,32859,12,286414,0.1738243558079772,4.566983031348864
43,45932,591,2,0,9368,120,1090,0.488,0.285,0,3,0,29,15,30325,5713,2974,6,132755,0.2039492304008011,3.2367381791012915
48,36618,591,0,1,78186,72,1108,0.353,0.363,0,2,0,0,9,18823,10131,139522,15,22074,2.135121111991043,0.2407433460805504
57,70266,644,1,4,134189,72,2087,0.429,0.356,0,0,0,48,29,24968,8874,76607,0,179019,1.9097015668806123,0.18606453536031
25,20519,670,0,1,17406,60,496,0.229,0.29,0,0,0,12,4,1234,4713,16128,3,62568,0.8482456140350877,0.0708910208536795
21,41466,644,0,4,9796,48,397,0.456,0.115,0,1,0,1,1,22236,6638,12914,3,63566,0.2362360431186244,2.2696743901194245
64,38860,625,1,1,50266,120,1578,0.543,0.487,0,4,1,21,44,33069,5328,76462,13,145418,1.2934818970175754,0.6578669902719478
64,94199,461,0,3,107506,60,2364,0.257,0.301,0,1,0,24,34,71334,8866,208063,18,104384,1.1412526539278132,0.6635288864911122
18,21590,601,0,1,46905,60,365,0.048,0.203,0,1,0,2,0,6213,6033,27726,0,42467,2.1724329581770183,0.1324564021660342
64,85610,609,1,2,162984,72,1623,0.021,0.227,0,0,0,42,30,59027,13648,105297,21,220537,1.903774047727512,0.3621621621621622
24,66240,710,0,0,133670,48,712,0.227,0.129,0,1,0,30,3,42648,17053,222625,5,15739,2.017934511858215,0.3190520008079539
37,34461,607,1,4,3984,120,511,0.517,0.178,0,3,0,0,8,10443,387,5700,14,121043,0.1156055945679298,2.620577164366374
32,95392,683,0,1,90112,48,3844,0.687,0.484,0,4,0,40,13,33877,11698,130472,9,149324,0.9446395437820384,0.3759390986872038
47,31148,681,0,1,41096,24,1166,0.195,0.449,0,0,0,34,15,3012,4844,36289,19,19074,1.3193360942566374,0.0732900211694284
47,57472,602,0,3,63625,72,1779,0.467,0.371,0,3,0,15,26,9298,10196,77200,7,98466,1.1070415673446663,0.1461352277370886
41,44731,550,1,3,38988,120,1732,0.558,0.465,0,4,0,33,12,22768,12395,13497,22,236275,0.8715908074756327,0.5839595783426095
72,47599,689,0,0,51264,24,494,0.327,0.125,0,0,0,32,50,24111,11211,74044,22,126752,1.0769747899159663,0.470320881693163
64,42715,557,0,4,67122,48,919,0.243,0.258,1,4,1,26,29,4778,1755,79670,3,102654,1.5713549957861224,0.0711827540485377
57,42434,702,0,3,25727,48,1159,0.253,0.328,0,4,0,31,15,35166,2579,11685,9,113164,0.6062684105101921,1.366837686567164
36,59107,449,0,4,41669,72,1708,0.074,0.347,0,4,0,0,5,27163,8774,25439,4,178549,0.7049637950869595,0.651859851211903
29,47476,666,0,1,63572,12,1675,0.61,0.423,0,0,0,4,10,28766,9264,90645,1,-17674,1.3390062556606357,0.4524876913154956
56,88886,532,0,1,129919,120,1218,0.291,0.164,1,3,0,16,15,76409,13928,172196,4,133184,1.4616198094209505,0.588123460591133
27,61201,536,0,0,66506,36,2064,0.12,0.405,1,3,0,33,3,37200,1928,94596,6,77214,1.086663834515212,0.5593396183860345
58,54182,558,0,3,67195,60,1395,0.303,0.309,1,1,0,13,23,24424,421,57710,18,237809,1.240149124264068,0.3634740163104947
31,79217,795,0,0,56862,36,3563,0.431,0.54,1,1,0,29,9,67258,18119,102918,13,49929,0.7177914110429447,1.1828078012064085
74,28668,525,0,1,9922,36,1236,0.459,0.517,0,4,0,40,22,21288,7326,12093,14,148633,0.3460881091073982,2.145318955960899
32,78090,682,1,1,61639,24,3369,0.235,0.518,0,0,0,13,6,19003,9773,88421,7,-20539,0.7893227132448042,0.3082900713822193
74,37886,492,2,1,49573,12,562,0.046,0.178,0,4,0,14,41,7987,2349,60585,9,113439,1.3084435294428167,0.1611126800338887
56,22683,660,0,4,24177,84,833,0.31,0.441,0,3,0,41,15,5565,2684,35257,4,-5691,1.0658173161699878,0.2301679212507238
70,53399,546,0,2,68389,36,786,0.483,0.177,0,0,0,1,20,42280,7385,108653,24,69782,1.280692883895131,0.6182190378710338
51,53370,715,1,1,39505,24,1407,0.173,0.316,0,0,0,22,20,7513,6561,75243,11,85324,0.7401959865844747,0.1901736445096947
30,69890,671,1,4,32772,48,2682,0.403,0.46,0,3,0,1,6,60411,1085,43131,9,212258,0.4689015753101258,1.843316144387148
54,39999,758,1,2,35570,48,515,0.446,0.154,0,1,0,25,20,28484,3008,48718,15,49766,0.88925,0.8007646678474037
41,45211,850,0,4,6303,48,1073,0.397,0.285,0,3,0,24,10,32356,10753,9415,18,239382,0.1394098911793329,5.13261421319797
49,70176,757,2,1,27049,12,907,0.404,0.155,0,1,0,34,27,18663,12623,20341,7,220592,0.3854396739672542,0.6899445471349354
38,26245,755,0,4,13051,12,546,0.218,0.25,0,3,0,31,18,21010,310,6590,16,93141,0.4972567248342605,1.60971498620901
47,180024,636,0,0,288372,84,3487,0.303,0.232,0,1,1,19,12,82025,43744,486633,4,-210493,1.6018441883071797,0.2844406376463816
69,41575,629,2,0,32762,36,256,0.511,0.074,0,1,0,21,23,28080,328,62644,14,124278,0.7880026938618434,0.8570643713945609
50,44841,719,0,1,22322,120,1021,0.173,0.273,0,3,0,27,18,34280,3320,35946,3,218098,0.4977922483386111,1.5356358912332573
22,35435,640,1,3,32007,84,615,0.144,0.208,1,2,0,19,1,24465,3097,53975,0,121101,0.9032339993227226,0.7643401649587603
22,45321,657,0,1,40086,36,264,0.12,0.07,0,3,0,19,1,631,9298,52216,0,4474,0.8844711177794449,0.0157407638386509
70,70870,734,2,3,75917,84,3223,0.096,0.546,0,1,0,32,32,6820,5272,60827,2,100947,1.0711997855258144,0.0898337680128559
47,115955,574,0,1,88744,24,1258,0.281,0.13,0,2,0,22,19,83089,24130,152351,12,396680,0.7653247783642071,0.9362668319341936
24,98245,679,0,0,201224,36,3926,0.195,0.48,0,2,0,48,4,8075,4799,293462,6,177345,2.0481648107811004,0.0401292085973412
74,31896,723,0,1,12540,72,410,0.07,0.154,1,3,0,23,36,7106,6675,19510,12,21923,0.3931404207292222,0.566621481540547
39,30182,470,0,1,20370,36,217,0.47,0.086,0,0,1,20,11,2859,353,10627,17,83682,0.6748832124043336,0.140346571105984
20,16041,660,0,3,2231,24,121,0.344,0.091,0,0,0,1,1,2174,484,4117,0,6686,0.1390724348584964,0.9740143369175628
29,28245,830,0,2,61537,72,805,0.234,0.342,0,2,0,10,7,1968,6065,71869,8,-49201,2.1786093606174326,0.0319802398517988
21,52726,595,0,4,7965,24,407,0.23,0.093,0,1,0,24,2,35097,2659,14599,0,55813,0.1510611261782388,4.405849861913131
20,40251,813,0,4,75525,120,606,0.268,0.181,0,1,0,8,1,7077,7895,150365,0,-89819,1.876304283016993,0.0937028308132298
22,53364,599,0,1,14399,24,1583,0.151,0.356,0,3,0,23,2,44910,3766,22541,4,188864,0.2698210437552703,3.11875
37,54278,737,0,0,9796,12,1992,0.49,0.44,0,1,0,28,18,288,143,6130,14,118170,0.1804749534810884,0.0293967541084005
44,75566,533,0,0,8025,84,2595,0.23,0.412,0,0,0,9,25,60624,9955,13882,1,273706,0.1061971495494064,7.5534512833291805
24,70290,677,0,0,22553,12,944,0.146,0.161,0,2,0,16,4,51504,323,37491,3,255793,0.3208518871548277,2.283586060122373
54,40880,755,0,1,27278,48,1179,0.702,0.346,0,2,1,32,25,36439,7076,41358,24,89798,0.6672537364545877,1.3357894350965944
70,24690,646,0,2,21776,60,736,0.527,0.358,0,3,0,23,21,11027,4801,40554,16,82384,0.8819407881414281,0.5063599210175873
46,56582,686,0,3,108706,120,1463,0.139,0.31,0,1,0,7,24,39645,13649,119602,21,85197,1.9211777388968416,0.3646959257453522
51,53443,695,0,2,39419,36,717,0.187,0.161,0,2,0,3,30,40036,1612,52673,15,145252,0.7375757802559688,1.0156265854895992
55,30247,775,1,4,65900,24,163,0.049,0.065,0,3,0,24,32,24704,5260,76791,21,73055,2.178656440095213,0.3748653282954735
62,33009,637,0,1,38460,24,335,0.572,0.122,0,0,1,13,13,4271,5884,65384,11,104120,1.1651014843986671,0.1110475546657653
35,54843,564,2,3,8133,72,1648,0.217,0.361,0,0,1,27,6,44809,12479,4814,0,169415,0.1482933411129749,5.50885173346447
44,30261,727,0,4,22408,12,402,0.529,0.159,0,1,0,15,14,8658,4662,39259,4,28640,0.7404665917652502,0.3863626221607389
54,64463,791,0,3,48660,24,1861,0.685,0.346,0,0,0,20,23,35464,15277,80006,23,217748,0.7548399106478034,0.7287971887137543
38,28096,759,1,1,40686,72,1278,0.271,0.546,0,0,0,0,12,11363,45,33190,2,-2790,1.4480549524860304,0.2792783935900902
52,40138,523,0,4,26521,36,735,0.25,0.22,0,2,1,42,12,19244,6013,43175,11,179809,0.6607289668402302,0.7255863057084685
40,48745,628,0,0,92259,24,1980,0.224,0.487,0,2,0,18,9,5216,10414,169721,18,-70739,1.892647601854511,0.056535876869716
54,133390,601,2,4,160504,12,2214,0.22,0.199,0,0,0,35,29,1086,37758,309106,24,54807,1.2032595902272267,0.0067661443568736
44,62755,484,0,3,99723,84,1259,0.292,0.241,0,1,0,13,11,8444,8242,128185,7,17827,1.589059213461661,0.0846736994103726
57,45548,586,0,1,26748,36,273,0.11,0.072,0,1,0,41,33,16564,3754,19817,2,64210,0.5872357241651848,0.6192381023589667
28,120537,545,2,1,110944,24,5398,0.11,0.537,0,2,0,40,8,13943,10389,200536,7,264696,0.9204068426554282,0.1256748839515075
35,22231,479,0,3,7420,72,281,0.593,0.152,1,1,0,37,14,7150,2414,3984,4,58042,0.3337531486146096,0.9634820105107128
66,98516,680,1,1,73966,72,2486,0.176,0.303,0,0,0,20,34,25472,28129,137194,8,209247,0.7507942791599419,0.3443697865264239
23,95927,681,0,4,81717,36,1441,0.129,0.18,0,1,0,15,1,3712,23270,72295,0,246468,0.8518576432324243,0.045424508676179
62,16135,810,0,1,28372,72,493,0.199,0.367,0,4,0,38,41,6354,4158,15869,3,54754,1.7583044124938028,0.2239453001092588
58,33209,740,0,1,54815,84,1298,0.174,0.469,0,3,0,48,29,25683,7736,57264,15,132905,1.6505570611261668,0.4685310858143607
33,61692,720,1,0,47869,72,1878,0.429,0.365,0,0,0,28,6,24608,7336,16249,11,141621,0.775922714084256,0.514058909546689
20,48442,675,2,4,34854,36,1301,0.355,0.322,0,3,0,22,1,13117,9082,11170,0,79917,0.7194847552794005,0.3763305121216468
73,58363,674,2,0,126049,48,2042,0.326,0.42,0,0,0,44,28,16899,16426,212074,5,80175,2.1597046124323214,0.1340658468861562
52,52859,819,1,1,55864,84,1861,0.117,0.422,0,1,0,38,27,43036,6036,17247,24,188757,1.056829360575104,0.7703571108923297
46,66140,705,2,3,57313,48,387,0.241,0.07,0,0,0,37,9,3575,16284,101627,10,172370,0.8665275698885714,0.0623756848239522
37,59547,760,0,3,83219,36,1235,0.482,0.249,0,1,0,20,8,35670,15512,155265,11,8780,1.39751125142742,0.4286229271809661
57,65097,423,1,3,66329,120,2155,0.402,0.397,0,3,0,15,20,884,4097,45301,12,250018,1.018909951150573,0.0133273028795416
23,20157,642,2,3,29842,60,177,0.092,0.105,1,3,0,28,2,4155,4720,20294,2,19934,1.4804048020636968,0.1392286298294407
29,37230,686,0,4,78944,24,1565,0.26,0.504,0,1,0,5,7,27301,4126,87870,5,63661,2.120383551341624,0.3458230413579074
73,26822,671,1,3,7293,60,901,0.126,0.403,0,1,1,23,30,11405,126,9749,8,115157,0.2718935242142937,1.5636139292569236
73,116900,678,0,1,241153,120,3171,0.269,0.326,0,3,0,46,46,60479,11708,273109,21,133699,2.0628822679019,0.2507899516491536
31,60691,768,0,1,104957,48,2159,0.509,0.427,0,0,0,47,5,29961,18001,56550,3,265470,1.7293382982930203,0.2854570399588407
60,65863,626,2,1,142807,24,514,0.437,0.094,0,2,0,3,22,52684,542,221873,9,-89628,2.1682102514271837,0.3689149067279144
65,70729,526,0,1,106701,72,3110,0.18,0.528,0,0,0,46,36,2782,2906,93059,24,130689,1.5085677930156935,0.0260726134467957
39,75531,619,0,0,110388,12,1029,0.291,0.163,0,2,1,25,15,13649,19982,168887,9,27340,1.4614732828470052,0.1236445660346592
24,110227,694,0,4,162067,120,4169,0.267,0.454,0,3,0,21,3,29492,28162,83049,5,351792,1.4702888558261058,0.1819729989880791
45,74877,584,0,4,128614,60,1583,0.478,0.254,0,1,0,24,20,35373,1325,233465,14,-45829,1.7176473730601778,0.2750301286786145
61,43213,485,0,3,83279,24,1444,0.491,0.401,0,1,0,26,24,15455,2996,110032,22,48562,1.9271300967279124,0.1855787704130643
73,67193,669,0,1,84869,72,1137,0.283,0.203,1,1,0,38,52,7926,11921,54437,20,66799,1.2630443194332828,0.0933898904206433
63,58562,850,0,0,85210,12,1288,0.135,0.264,0,2,0,36,22,12405,9046,113260,7,88106,1.4550142581493437,0.145579796035723
42,44618,628,0,3,10340,84,1018,0.439,0.274,0,3,0,4,19,2534,2531,9168,17,111735,0.2317398417714426,0.2450439996131902
72,45284,726,1,3,34526,24,774,0.143,0.205,0,3,0,15,34,37242,6124,58085,23,105682,0.7624158109749365,1.0786341124337475
50,71771,676,0,0,83856,24,646,0.274,0.108,0,1,0,45,31,52397,2945,52701,6,345150,1.1683664938973417,0.6248375210179233
60,74370,619,0,4,42767,24,3316,0.764,0.535,0,1,0,47,13,7297,9103,30615,22,177255,0.5750494144222883,0.1706182192293303
65,70637,705,0,2,145380,84,872,0.189,0.148,0,2,0,46,32,55618,5915,248589,4,77523,2.058099040176676,0.3825671855331852
53,41178,582,0,1,14831,24,482,0.442,0.14,0,0,0,23,30,5935,9805,6669,17,72607,0.3601593044998664,0.4001483279395901
22,43046,705,0,3,15301,60,1488,0.234,0.415,0,3,0,33,1,7806,7143,28688,0,187209,0.3554486956117731,0.5101293948503464
61,39834,591,0,1,41035,84,748,0.134,0.225,1,2,0,18,34,14170,8102,47993,8,55405,1.0301242625831557,0.3453065600935763
65,65157,681,2,1,119538,24,1036,0.237,0.191,0,4,0,43,40,8202,12466,178592,8,146145,1.8345866969520244,0.0686135905436719
25,59157,605,2,0,48226,84,1261,0.537,0.256,0,4,0,23,3,6607,1561,86605,2,-30141,0.8152067345075898,0.1369979472079955
37,49008,739,1,1,69967,84,1419,0.238,0.347,0,3,1,25,11,13695,2363,70929,11,141411,1.427635740374217,0.1957323347816144
40,237929,548,0,4,439800,60,4307,0.206,0.217,0,2,0,5,21,156887,32538,418992,17,790058,1.8484428193166056,0.3567226995845848
38,52814,590,0,1,57585,24,354,0.388,0.08,0,0,0,30,12,23274,993,98399,8,172766,1.0903152513490486,0.4041607335116174
47,179596,650,0,4,62712,48,1192,0.342,0.08,0,1,0,24,22,57320,22289,60775,23,277592,0.349181779205666,0.9140050707189896
63,40330,530,0,1,17529,72,1669,0.169,0.497,0,1,0,14,39,12522,9728,15707,16,201323,0.4346284495797277,0.7143183114660582
41,32672,665,1,1,43204,36,615,0.522,0.226,0,4,0,33,14,24527,1178,40912,18,45443,1.3223150613656536,0.5676889248929522
59,72410,556,2,1,135005,24,1194,0.425,0.198,0,2,0,39,25,18958,10870,120922,9,-54233,1.8644266755051029,0.1404233885901367
22,41400,658,0,1,5772,120,320,0.482,0.093,0,3,0,47,2,11626,9221,6623,0,212894,0.1394169222965628,2.0138576130261563
33,88930,628,0,1,181163,84,1143,0.538,0.154,0,0,0,23,10,45223,24690,140609,15,151410,2.037118665032441,0.2496246494888609
40,125240,642,0,2,271865,12,2827,0.205,0.271,0,0,1,39,8,13686,31658,405591,2,43688,2.1707348232607533,0.0503409768047494
61,36441,657,0,0,52457,48,532,0.256,0.175,1,1,0,42,18,11606,10508,98829,10,75585,1.4394654519510457,0.2212436615959434
74,106958,656,1,1,168285,72,4667,0.154,0.524,0,3,0,13,36,45851,28160,57116,20,362356,1.5733598855636273,0.272458790392546
34,151927,689,0,3,82903,12,3092,0.3,0.244,0,1,0,29,12,30463,12291,116215,0,145907,0.5456729503449003,0.3674490977516163
47,26134,721,0,0,56365,24,485,0.124,0.223,0,3,0,31,10,10224,3300,26182,21,86718,2.1566864358140423,0.1813859418798566
68,67757,688,0,3,38409,84,1291,0.251,0.229,0,1,0,1,20,30749,12964,67021,2,17779,0.5668555742495351,0.800546732621713
24,48969,549,2,3,74340,12,1717,0.145,0.421,0,1,0,47,5,5517,5054,50168,6,44280,1.5180722891566265,0.0742120767813185
49,39877,606,0,1,48708,60,368,0.217,0.111,0,0,0,36,12,6762,2730,38909,17,92301,1.2214253473092933,0.1388244472274117
66,53256,713,0,1,42742,36,1684,0.557,0.379,0,1,0,11,45,23945,5799,33140,0,178156,0.8025611656683629,0.5602086891420818
42,46398,678,0,3,80897,36,777,0.076,0.201,0,1,0,41,20,38143,12994,94760,7,118611,1.7435074031767923,0.471494968973275
32,45700,765,1,1,92208,72,1935,0.536,0.508,0,0,0,32,12,36026,13689,113309,9,112180,2.0176363755716507,0.3906993894305328
40,72856,647,0,4,68633,84,2170,0.438,0.357,0,1,1,35,21,54273,10777,84158,10,197948,0.9420234157321876,0.7907596817903663
32,43156,538,0,4,49353,60,1237,0.282,0.344,0,1,0,39,6,20599,6400,88726,1,150403,1.1435688300855018,0.417372452080885
50,44557,581,0,1,64487,72,276,0.211,0.074,0,3,0,12,30,25591,4069,102764,14,-6097,1.4472597513353382,0.3968335194144647
58,33984,757,0,3,30236,48,1448,0.045,0.511,0,1,0,14,30,29715,6963,21886,23,62873,0.8896866264528468,0.9827363825776366
59,65635,571,0,0,19753,120,1365,0.316,0.25,0,4,0,48,24,28557,9558,30683,13,50407,0.3009476506795051,1.4456312645540144
58,87151,595,1,3,62715,72,699,0.539,0.096,0,2,0,47,24,20192,10595,102800,1,76001,0.7196048283458785,0.3219593086293769
71,35400,620,2,0,57607,48,372,0.093,0.126,1,1,1,26,19,3736,10598,105127,3,-2791,1.627270416089941,0.0648521038744618
44,60829,515,2,1,10444,72,2278,0.135,0.449,0,0,0,20,23,86,9614,10307,17,115626,0.1716915995397008,0.0082336045955002
43,102434,612,0,1,101337,120,3270,0.531,0.383,1,4,0,31,24,57316,15301,158274,5,414804,0.9892810074681504,0.5655923740354063
62,44849,648,0,3,13831,84,1270,0.292,0.34,0,2,0,41,18,12948,12533,8289,19,49727,0.3083835005574136,0.9360902255639098
37,22828,780,0,1,23930,12,870,0.471,0.457,0,1,0,24,9,10282,5159,25946,7,23062,1.0482281308861536,0.4296519159249509
58,149842,652,0,3,267744,36,3035,0.195,0.243,0,4,0,42,24,92178,38397,354973,16,91605,1.786830215625688,0.344275336607593
23,84395,788,1,0,106520,72,1409,0.129,0.2,0,2,0,22,2,61425,11760,128394,1,62708,1.2621451253613916,0.576646858365956
75,30251,579,0,1,6937,84,740,0.235,0.294,0,3,0,31,23,9491,1594,9121,8,84250,0.2293071532460663,1.367973479388873
43,81750,632,0,1,138348,48,2268,0.413,0.333,0,0,0,0,18,11576,11145,79412,15,87944,1.692309574194811,0.0836724515536794
41,77248,680,1,0,73977,36,2981,0.376,0.463,0,1,0,34,12,12015,5852,64239,18,221901,0.957643464640319,0.1624131498553624
28,39339,732,0,0,40720,60,1027,0.366,0.313,0,0,0,12,5,15918,7052,30563,1,147109,1.0350788002033553,0.390903956189681
40,43179,789,0,0,83816,84,881,0.252,0.245,0,0,0,48,8,10302,1721,160888,17,-111018,1.9410838351088464,0.1229106267225026
28,65332,598,0,4,83487,60,285,0.301,0.052,0,0,0,31,3,39622,9832,84565,5,201471,1.2778687646365543,0.4745831736297431
30,75944,629,0,0,77670,36,2961,0.116,0.468,0,1,0,18,7,54341,14244,131978,10,136310,1.0227138060438474,0.6996304927192903
33,37990,711,0,0,8972,60,1299,0.125,0.41,0,1,0,40,13,14312,3514,10041,13,171331,0.236161196072754,1.5950072439540846
21,44682,604,0,0,5011,120,2036,0.371,0.547,0,3,0,46,0,26567,1395,6867,0,212501,0.1121455587136047,5.300678371907422
43,78750,690,0,1,133317,48,393,0.159,0.06,0,3,0,40,14,19363,9723,262451,7,2861,1.6928927886630012,0.1452392025082884
30,97870,643,0,3,45609,72,3422,0.108,0.42,0,1,0,34,5,57735,21696,28939,8,120182,0.4660113823298015,1.2658408243806183
57,27550,726,1,0,33953,48,657,0.125,0.286,0,2,0,23,30,10687,7323,30014,10,40864,1.2323690610141194,0.3147493667903634
72,75748,625,0,1,67241,84,1882,0.274,0.298,0,0,0,41,17,12976,21905,68143,21,270734,0.8876816855668062,0.192974628952143
27,81334,685,0,1,46182,12,2662,0.116,0.393,0,1,0,36,2,3595,13428,87960,3,307975,0.5677998401672096,0.0778424961565944
68,164282,673,2,3,83421,120,6095,0.081,0.445,0,1,0,47,43,30191,3955,61260,20,484985,0.5077883895473055,0.361906931025389
18,78298,707,0,1,143894,120,3297,0.573,0.505,0,1,0,4,0,22321,19194,272188,0,-52638,1.8377501628373287,0.1551200528162896
27,47183,608,0,0,7014,24,1109,0.477,0.282,0,0,0,10,8,12515,9833,12812,8,173551,0.1486520854526958,1.7840342124019957
24,42275,802,1,3,14404,120,1233,0.142,0.35,0,2,0,16,3,16432,1246,15917,1,77440,0.3407134071340713,1.1407150295036446
45,48027,739,1,3,60412,120,1982,0.532,0.495,0,4,0,2,19,28397,13913,37491,13,63746,1.2578495877404847,0.4700478373859931
21,47872,602,0,1,70915,60,1552,0.179,0.389,0,1,0,20,2,10674,10319,50971,1,188579,1.4813151463246506,0.1505161035591403
60,27985,758,0,1,3090,84,216,0.055,0.093,0,0,0,32,22,4709,2304,4390,15,25939,0.1104123490316586,1.5234551924943385
71,70748,604,1,2,117189,84,1765,0.086,0.299,0,1,0,19,25,28036,20678,197842,9,109672,1.6564050375270325,0.2392354296441675
52,78821,840,0,4,140056,84,2131,0.376,0.324,0,1,0,0,27,35795,17452,270230,24,-83304,1.7768643272182894,0.2555745160898777
44,68892,535,0,3,32991,36,2910,0.232,0.507,0,0,1,42,19,24770,579,52530,23,184486,0.4788730349962986,0.7507880698351116
35,56378,685,0,3,99512,120,1832,0.437,0.39,0,1,0,9,8,5526,8651,104666,13,19756,1.7650543642136256,0.0555304332097313
37,54903,691,0,1,89062,12,712,0.691,0.156,0,2,0,10,13,21067,1132,36673,17,91153,1.6221404633542182,0.2365404264397112
20,57733,598,2,4,70874,48,1939,0.586,0.403,0,0,0,25,1,30215,3717,91809,0,3630,1.227595524301105,0.4263139329805996
63,59034,616,0,0,47548,12,1380,0.146,0.281,0,0,1,13,34,16677,11613,41557,10,140322,0.8054205132548489,0.3507329281372899
70,29338,753,0,0,24040,72,779,0.165,0.319,0,1,0,44,38,18968,2877,24489,10,55063,0.8193871638433484,0.7889854831329811
75,40445,748,2,3,67889,84,555,0.329,0.165,0,0,0,34,44,15355,8054,78329,8,144610,1.6785096177619545,0.2261746943585211
47,75248,765,0,3,160918,12,3351,0.387,0.534,0,2,0,12,17,56762,22029,133345,11,297209,2.1384736009780863,0.3527364699010061
69,50963,724,0,3,98299,72,1523,0.383,0.359,0,2,0,25,22,17062,7549,95418,4,13309,1.928792873400832,0.1735707019328586
65,85969,629,1,1,90799,120,515,0.273,0.072,0,0,1,23,34,1025,20275,147091,22,299807,1.056170757240898,0.0112885462555066
54,41104,782,0,4,55156,12,1764,0.611,0.515,0,3,1,36,25,4986,1806,82312,13,-10863,1.3418318939301788,0.0903965045234512
66,39212,656,0,1,65482,24,794,0.27,0.243,0,3,0,20,41,23553,9793,92960,1,134722,1.6699053885191135,0.3596811386161294
59,45190,622,1,4,93750,84,587,0.325,0.156,0,4,0,37,12,2876,9509,161071,16,-18467,2.074528114005001,0.0306770061119348
36,47567,633,1,1,42692,60,1331,0.24,0.336,1,0,0,24,9,27945,9338,26525,0,120238,0.8974941136898755,0.6545569531304898
43,32915,544,2,1,21891,120,1387,0.035,0.506,0,3,0,7,17,14475,2586,12925,12,61921,0.665056507473569,0.661200438516353
64,61737,758,0,0,102981,48,465,0.177,0.09,0,0,0,36,14,4935,5176,65351,20,116736,1.6680326541190191,0.0479209959021965
47,66262,606,2,3,86268,24,2700,0.1,0.489,0,0,0,43,26,2023,18616,66814,8,261128,1.3019030228030726,0.0234499066872225
26,59477,571,1,3,129952,120,531,0.226,0.107,0,3,1,10,7,34672,16586,47368,5,143550,2.1848750798614613,0.2668041522704362
66,56456,689,0,3,89722,12,1934,0.68,0.411,0,1,0,25,22,50609,11619,87370,4,157117,1.5892094868661104,0.5640582682255386
41,57259,737,0,1,81330,72,1167,0.432,0.245,0,4,0,38,14,37066,14843,50961,19,160306,1.4203632553265806,0.4557425827790141
48,43835,680,0,0,74307,60,1084,0.174,0.297,0,1,0,6,10,30459,6085,52646,20,141154,1.695113605255954,0.4099020293911826
26,76109,586,2,1,116828,72,3207,0.546,0.506,0,3,0,32,5,16946,13654,220596,2,-30523,1.5349888319537512,0.1450496024103604
42,53854,583,0,3,55044,12,521,0.23,0.116,0,2,1,23,22,15603,10106,38111,7,174991,1.0220778015040386,0.2834589881006449
20,62899,669,0,1,114703,60,1391,0.095,0.265,0,3,0,13,1,55038,254,188532,0,32728,1.823577106518283,0.4798263356116613
25,90831,815,0,1,187601,36,2863,0.324,0.378,0,0,0,25,5,26710,88,232744,2,-115574,2.065362427338383,0.1423758808541486
42,54669,589,0,0,103036,120,2116,0.48,0.464,0,0,0,27,13,18821,14926,109822,1,154815,1.8846899579293943,0.1826625386996904
20,71888,741,0,1,137405,120,2947,0.306,0.492,0,0,0,48,1,29613,12682,265610,0,-87062,1.9113494415000905,0.2155146063490677
20,68860,703,0,1,25245,36,1632,0.492,0.284,0,0,0,18,1,50490,9288,19897,0,123508,0.3666080945673167,1.9999207795294305
52,43181,635,0,0,19392,84,766,0.44,0.213,0,1,0,34,23,17307,3655,29939,24,73694,0.4490760038905099,0.8924354148404063
36,57043,721,0,2,114800,12,1925,0.189,0.405,0,2,0,45,5,34998,13926,102199,6,138344,2.0124815931561604,0.3048579716204562
64,70147,820,0,0,136657,72,2767,0.439,0.473,0,1,0,25,37,4037,8718,122485,15,83853,1.94812396647089,0.0295408977154648
29,54140,655,0,0,45079,24,2022,0.381,0.448,0,2,0,25,4,2212,9850,48878,7,126214,0.832622227147633,0.0490683229813664
71,58048,813,0,1,8932,120,1409,0.209,0.291,0,4,0,14,32,35080,15826,8840,5,149205,0.1538700063739254,3.927012201947834
35,50249,480,0,3,68093,36,1506,0.142,0.36,0,4,0,31,5,19086,9491,38574,1,158205,1.3550845771144278,0.2802890122477751
43,64912,631,1,4,119978,24,1045,0.546,0.193,0,3,0,6,20,38299,3403,148775,6,101072,1.848289248686704,0.3192141958176014
19,112830,798,1,3,147327,120,1174,0.373,0.125,0,0,0,42,0,79016,18903,272187,0,299339,1.3057315808598702,0.5363271068635969
67,28610,526,0,0,15830,84,487,0.168,0.204,0,0,0,36,23,25627,2604,24393,5,84395,0.5532837020726294,1.6187859263470403
72,43793,539,0,1,67193,120,1706,0.187,0.467,0,3,0,14,21,23086,8127,56572,17,160681,1.5342969356532858,0.3435723427686996
59,42664,739,0,3,24081,12,311,0.129,0.087,0,4,0,11,22,14643,5322,9122,1,151854,0.5644204851752022,0.608047504360103
45,87435,615,0,1,135905,120,3955,0.518,0.543,0,3,0,5,23,23390,12115,132823,0,210428,1.5543368864083444,0.1721042485247156
57,26038,662,1,0,34233,60,943,0.114,0.435,0,3,0,33,11,22821,1327,41036,4,47551,1.314681823418718,0.6666179821230356
20,39786,683,2,3,73191,36,802,0.237,0.242,0,1,0,20,1,28941,7438,52590,1,53928,1.8395707140523287,0.3954120668925566
27,67296,739,1,1,77525,72,2684,0.299,0.479,0,0,0,5,7,42201,19551,91316,9,267627,1.1519830007281158,0.5443464128163454
67,55300,544,2,1,109887,60,1572,0.094,0.341,0,0,0,29,33,48642,4352,204764,3,-108207,1.9870707582141367,0.4426506988934187
71,60894,686,0,0,108455,72,2417,0.2,0.476,0,0,0,3,29,10881,6254,67653,16,8126,1.7810165038180474,0.1003263996459393
48,63245,684,0,3,76482,12,512,0.161,0.097,0,3,1,29,24,48129,13579,48262,17,100451,1.209278057110331,0.6292770942562399
27,79236,571,0,1,74693,72,362,0.387,0.055,0,2,0,13,7,37183,9982,24431,4,294855,0.9426530534977346,0.4978043751840844
47,54313,646,0,1,16640,84,1914,0.356,0.423,0,3,0,35,13,21551,14024,16228,15,174356,0.3063666826232647,1.2950543837509765
60,52645,696,0,1,110428,48,1566,0.19,0.357,0,1,0,39,35,7925,12181,86566,5,156621,2.0975572693082096,0.0717655688270291
27,28412,739,2,3,47121,12,124,0.157,0.052,0,1,0,32,8,12662,1213,59561,4,24068,1.6584309998944144,0.2687067611731251
26,55700,763,0,1,116685,84,1728,0.044,0.372,0,1,0,6,3,34175,11843,132764,7,83427,2.0948456939731783,0.2928800370224362
59,121406,567,0,4,120651,24,5150,0.249,0.509,0,2,0,37,23,30627,7618,211240,2,99938,0.993773011440856,0.2538457713092199
55,51379,687,0,1,52356,120,266,0.443,0.062,0,1,0,45,11,42191,6056,79134,23,212710,1.0189957181782794,0.8058330309223217
21,31883,640,2,4,5424,36,599,0.22,0.225,0,0,0,30,2,16716,9448,8504,0,96348,0.1701166729394053,3.081290322580645
55,43483,598,0,1,83800,72,624,0.302,0.172,0,1,1,0,27,37386,8105,36444,22,165965,1.9271456167785848,0.4461283278242503
45,120739,616,0,3,173306,60,5493,0.355,0.546,0,0,0,13,10,83700,19774,91340,15,566774,1.435365247639556,0.4829579878481538
42,43354,674,0,4,77744,120,649,0.472,0.18,0,3,1,21,21,18541,8304,101958,11,-4301,1.793195709837389,0.2384847900186507
61,51885,522,0,4,42579,24,1322,0.241,0.306,0,1,0,17,20,768,8551,76358,21,3127,0.8206259877423583,0.0180366369187411
57,107337,746,2,4,127965,60,2800,0.123,0.313,0,0,0,20,19,90292,31394,98345,22,518205,1.192168663474259,0.7055936733194755
19,79601,527,1,1,156432,60,1863,0.291,0.281,0,0,0,22,0,48272,5720,118311,0,125366,1.9651767543529055,0.3085793918163047
25,55624,645,1,2,47443,12,2095,0.457,0.452,1,3,0,7,4,10694,663,54557,2,45078,0.8529078651685393,0.2254025798836523
68,146606,694,0,0,64585,36,3678,0.131,0.301,0,0,0,8,34,69125,27591,62662,24,261928,0.4405314889466397,1.070278388505249
51,61790,448,2,0,42893,72,2026,0.087,0.393,0,0,0,37,27,16965,4417,55106,15,142670,0.6941625803110485,0.3955098615190935
61,60923,803,0,1,120216,36,1963,0.24,0.387,0,1,0,0,40,42631,2850,153842,11,41098,1.973212527082923,0.354617067469659
72,23869,717,0,3,51133,120,1010,0.543,0.508,0,0,0,15,41,6223,6204,78692,4,48818,2.142144951822371,0.1216998474596159
19,24378,545,1,2,16556,84,625,0.076,0.308,0,1,0,2,0,6379,6686,13239,0,93149,0.6791090692809385,0.3852751102252824
33,52721,624,0,2,33156,48,865,0.268,0.197,0,0,0,2,8,37769,935,52340,13,115572,0.6288835780129737,1.1390958168712488
55,100018,802,1,0,23797,48,3664,0.523,0.44,0,1,0,7,19,34286,23823,23999,20,146549,0.237924794289085,1.4407093033027984
24,50592,655,0,1,9257,120,728,0.168,0.173,0,2,0,46,1,34804,14043,14257,3,262184,0.1829699760836479,3.759343270684813
44,78468,714,2,1,153880,24,2877,0.265,0.44,0,4,0,16,14,63651,16533,97956,17,66283,1.9610291962431023,0.4136378110358004
56,30995,678,0,1,8198,24,853,0.615,0.33,0,3,1,33,13,2751,681,5358,14,108023,0.2644857400954962,0.3355287230150018
72,34822,688,0,0,47029,12,863,0.678,0.297,0,1,0,16,39,22192,3385,69043,12,128084,1.350515463917526,0.4718690197746119
30,120658,610,1,3,23469,120,3966,0.313,0.394,0,4,1,41,10,70440,28269,12511,4,657983,0.1945068333070885,3.0012782275245
38,93558,573,0,2,159517,60,908,0.148,0.116,0,2,0,27,13,47964,14241,152186,5,77626,1.7049882961553673,0.3006808009127497
60,60818,636,0,0,39037,72,634,0.532,0.125,0,0,0,0,36,33423,18188,15235,13,338616,0.6418553412584883,0.8561657871817204
31,53952,777,0,1,97934,48,554,0.216,0.123,0,3,0,47,4,20644,2971,170556,13,88818,1.815172464923174,0.2107928728238117
25,78746,577,0,1,147268,24,1653,0.395,0.252,0,1,0,36,5,65319,3065,244468,5,4381,1.870141084739736,0.4435352993501687
64,66876,596,0,1,143743,120,1173,0.091,0.21,0,3,0,37,30,32860,15446,212853,8,74347,2.149363757345575,0.2286008459483526
50,27567,619,1,2,8891,48,173,0.414,0.075,0,0,0,14,14,2046,385,17554,24,32758,0.3225116076610563,0.2300944669365722
57,53184,577,0,1,32377,120,1075,0.366,0.243,0,3,1,19,26,6250,11967,29759,2,53660,0.6087618689480117,0.1930323058867132
32,40020,683,1,1,6437,72,1403,0.448,0.421,0,1,0,22,9,17438,1989,8184,14,164855,0.160840558706679,2.7086051568810188
54,20904,675,1,4,13348,24,255,0.556,0.146,0,1,0,19,29,11210,3384,19791,21,94852,0.6385075340827553,0.8397632781481759
66,130142,570,0,0,259994,120,4088,0.264,0.377,0,1,0,26,45,38160,29622,132362,16,439377,1.997756314208217,0.1467720533087174
26,70108,516,0,0,39331,120,3113,0.28,0.533,1,3,0,36,7,53893,140,74349,2,213311,0.5609978747379081,1.370207464659819
49,71181,722,0,1,23362,36,626,0.345,0.106,0,2,0,47,23,43098,3545,10535,16,287003,0.3282009496782894,1.8447117236656247
19,70784,637,0,1,41069,36,2754,0.055,0.467,0,4,0,40,0,23817,9423,55163,0,312497,0.5801935438299075,0.5799123447772097
43,103170,626,0,3,103720,12,2192,0.121,0.255,0,1,0,34,11,32732,20956,79524,2,389404,1.0053212627579455,0.3155773662035653
61,72916,734,0,3,132429,24,1506,0.054,0.248,0,1,0,44,36,28622,21266,49009,24,264607,1.8161608404075864,0.216129275843842
64,47665,542,0,3,87977,120,940,0.495,0.237,0,1,0,20,39,36907,13196,38432,12,63863,1.8456971426173792,0.4195026029234581
54,41339,660,0,2,51509,48,1667,0.31,0.484,0,2,0,42,22,1224,8606,17384,19,83912,1.245984518626028,0.0237623762376237
33,46086,717,2,1,91657,36,814,0.206,0.212,0,4,0,45,5,32886,10271,171698,15,-25320,1.988782086054636,0.3587902856270047
18,72424,518,0,4,106073,60,1284,0.243,0.213,0,3,1,22,0,53904,771,125189,0,228252,1.4645909561615464,0.5081735392273319
49,46202,705,0,3,48910,24,247,0.319,0.064,0,0,0,26,29,39203,7538,41159,15,81385,1.0585892690950804,0.8015170411563861
62,77598,693,0,2,57365,12,2976,0.256,0.46,0,2,0,6,21,12248,10875,41060,13,275841,0.7392492171290868,0.2135062580622668
39,87642,850,0,4,166951,84,1333,0.207,0.183,0,2,0,15,9,27503,4342,69214,3,110065,1.9048982805244,0.1647359720159087
40,43055,710,0,1,72103,84,1888,0.463,0.526,0,3,0,47,16,28326,3944,27558,18,203290,1.6746330360460795,0.3928492177965161
71,90212,710,0,0,46366,72,2456,0.243,0.327,0,2,0,22,35,22464,14755,67861,11,258440,0.5139614024586256,0.4844824983285526
37,63731,672,0,1,37579,72,2436,0.385,0.459,0,4,0,11,18,23357,18680,53676,11,128227,0.5896409966735706,0.6215274081958488
47,96309,740,0,2,46960,72,2577,0.308,0.321,0,4,1,30,27,77669,20115,48149,16,347965,0.4875921503478351,1.6539043035710483
59,40319,636,2,1,36652,12,288,0.364,0.086,0,0,0,11,25,27539,5561,36233,13,71373,0.9090277777777778,0.7513436826453497
68,28412,711,0,3,31678,48,638,0.311,0.269,1,4,0,11,24,7287,4064,20661,9,130748,1.1149121880829198,0.2300262003219798
37,62237,603,0,2,23011,12,2583,0.601,0.498,0,0,0,25,18,19406,1674,17471,16,98371,0.3697258909347987,0.8432991482704676
64,30728,708,0,3,28088,36,812,0.237,0.317,0,3,0,28,14,21983,888,43495,7,79109,0.9140551270786552,0.7826195307771726
22,72376,687,0,3,97237,24,3134,0.475,0.52,0,4,0,2,2,41004,14327,184985,0,-91961,1.343479282092377,0.4216869947962731
72,46800,612,0,0,82371,72,1910,0.348,0.49,0,2,0,43,18,10793,7109,71059,18,80246,1.76002649516036,0.1310275336279318
50,66795,742,0,1,51683,72,1758,0.073,0.316,0,1,0,41,11,57679,15197,73932,18,47593,0.7737439367626804,1.115993344168408
63,161623,647,0,4,41219,48,7222,0.262,0.536,0,1,0,15,44,83277,45725,69789,6,819317,0.2550301935356135,2.020305676855896
62,88231,641,0,0,134712,24,1738,0.181,0.236,0,3,0,41,38,42898,11067,190953,11,240076,1.5267930002720105,0.3184399426929843
72,74736,666,0,3,14057,48,2423,0.478,0.389,0,3,0,15,40,30700,14844,25976,9,159084,0.1880862223530513,2.1838099302888034
23,51917,540,0,4,103050,24,1024,0.125,0.237,0,3,0,8,4,15504,5903,114416,0,27079,1.984860741939212,0.1504497772947375
67,73428,692,0,0,68183,84,2259,0.034,0.369,0,1,1,30,46,9599,14754,31218,13,120050,0.9285568372169034,0.1407808283468262
22,21941,782,0,1,6062,12,940,0.465,0.514,0,0,1,10,2,2381,5810,7034,0,102640,0.276273812779145,0.392709879597559
51,54782,587,0,1,25992,72,1056,0.404,0.231,0,1,0,9,23,39148,13768,14248,3,150138,0.4744537539017578,1.5060977955603432
53,22249,665,0,0,40289,48,229,0.095,0.124,0,0,0,37,22,7753,323,40416,6,-3242,1.810741573033708,0.1924298833457433
56,14408,657,0,1,1762,48,89,0.134,0.074,0,2,0,4,11,3101,3209,3303,20,55751,0.122284683184121,1.7589336358479863
60,67172,591,0,1,101460,36,2143,0.177,0.383,0,0,0,42,35,36392,18668,180416,8,-20339,1.5104282970836498,0.3586796897330008
20,77656,666,0,1,77313,12,2097,0.197,0.324,0,0,0,10,1,15265,20161,57254,0,128680,0.9955702641101252,0.1974416017797552
27,51928,692,2,1,5570,12,682,0.357,0.158,0,1,0,22,8,4816,10861,7395,1,211715,0.1072618382791888,0.8644767546221505
35,35454,466,0,4,31793,12,515,0.166,0.174,0,1,0,11,15,21631,3664,17569,13,175927,0.8967141446904527,0.6803484934264327
74,78877,597,0,3,20754,60,2903,0.238,0.442,0,2,0,23,51,28172,12041,26226,23,260380,0.2631151905474276,1.357359672368104
26,58847,575,0,4,57464,72,2319,0.385,0.473,0,3,0,29,5,51676,10022,90529,6,152956,0.9764817835780316,0.899260419385713
21,53203,562,1,1,26628,48,950,0.28,0.214,0,0,0,29,1,23102,10532,40437,1,31009,0.5004886850612736,0.8675504149611326
35,47238,594,0,0,43088,84,1039,0.086,0.264,0,0,0,22,12,28738,5003,40794,16,21622,0.9121276911026904,0.6669451600176379
60,95431,643,1,4,178723,36,1752,0.364,0.22,0,4,0,17,18,40191,4637,145994,16,319000,1.87277852292732,0.2248774646941653
43,75686,604,0,3,26153,84,2708,0.516,0.429,0,3,0,16,17,21490,22015,43039,3,44916,0.345541506467425,0.8216716372256634
60,109818,623,2,2,26503,24,2776,0.093,0.303,0,3,0,21,34,69270,12053,19896,22,579969,0.2413334668864222,2.6135677633564747
74,62139,790,0,1,30051,36,2515,0.346,0.486,0,0,0,35,54,39380,13894,52708,10,232524,0.483601544898616,1.3103953147877012
24,23238,620,1,1,10369,48,254,0.313,0.131,0,0,0,39,5,1872,4462,5699,4,46116,0.4461895950772408,0.1805207328833172
48,87904,569,0,0,132047,36,551,0.422,0.075,0,0,1,21,26,52679,11434,61814,12,349157,1.5021557363062397,0.3989382648733793
43,29903,547,0,3,59444,24,720,0.184,0.289,0,1,0,46,21,6913,5768,29495,11,71092,1.9878277153558053,0.1162923710993355
33,36088,714,0,2,76650,12,251,0.291,0.083,0,2,0,23,13,108,2865,37393,12,22669,2.123915874643243,0.0014089835749044
51,23496,646,0,1,38532,84,1069,0.2,0.546,0,2,0,42,27,9894,4397,15534,22,59296,1.639868919436524,0.2567669270495419
45,40227,695,0,4,58581,48,796,0.353,0.237,0,4,0,33,11,20835,3417,44092,10,94879,1.4562245202346624,0.3556553207469871
40,35747,692,0,4,61433,36,444,0.381,0.149,1,4,0,20,18,19417,7756,86683,14,-25277,1.7185017343627615,0.3160627665462122
26,35027,575,0,2,51088,36,675,0.593,0.231,0,0,0,44,2,21137,4778,85698,5,-9768,1.4584903505766815,0.4137289827555834
49,55991,453,0,0,109204,120,2254,0.177,0.483,0,1,0,1,18,29060,9934,77398,11,12985,1.950350050007144,0.2661050318208873
58,88788,662,0,1,88143,120,1434,0.256,0.194,0,3,0,12,34,18169,2596,77452,2,371650,0.992724323959049,0.2061286077328008
23,57762,561,0,4,112066,48,1010,0.209,0.21,0,3,0,18,4,40615,969,59707,2,259401,1.9401000640548447,0.3624171254695851
47,41492,768,1,1,62634,12,845,0.15,0.244,0,1,0,31,13,6838,6029,57013,21,-1480,1.5095076277926398,0.1091721880737606
52,54959,649,1,4,41620,36,1237,0.18,0.27,0,1,1,23,27,35351,6340,79808,3,98505,0.757278020378457,0.8493548929626871
48,32800,646,2,2,40763,120,308,0.465,0.113,0,4,0,30,26,1084,430,24763,11,17009,1.242736501935917,0.0265920910607398
50,59951,618,1,3,47573,120,2288,0.099,0.458,0,4,0,18,12,44351,3385,26252,2,286334,0.7935181478516147,0.9322529112540464
47,341551,638,0,1,578053,72,4842,0.019,0.17,0,1,0,28,16,174306,51675,953333,0,-483952,1.6924304351899564,0.3015393025565085
47,113170,376,0,2,149578,24,4509,0.102,0.478,0,0,0,16,24,25286,1889,95367,21,422750,1.3216990218342155,0.1690477941422258
46,52525,842,0,1,41617,36,1010,0.211,0.231,0,1,0,32,23,6739,11858,61546,21,26509,0.7923123786315348,0.1619251285501465
28,65333,605,0,0,78704,60,853,0.251,0.157,0,0,0,35,9,57887,4778,141604,3,96598,1.204640768971745,0.7354932977574486
44,86812,689,0,0,141127,72,3867,0.106,0.535,0,1,0,0,7,76850,491,106243,6,399377,1.6256436248027368,0.54454112578652
36,74076,648,0,3,33533,36,1042,0.206,0.169,0,4,0,7,9,44849,8756,36156,1,379608,0.4526776192340402,1.3374187391900758
66,72242,733,0,3,28962,48,2186,0.37,0.363,0,4,0,39,40,47048,4648,15781,16,73327,0.4008969727170798,1.6244173600801022
38,51754,743,0,0,60916,24,922,0.321,0.214,0,3,0,19,19,31378,1469,81782,18,100572,1.1770070524586995,0.5150943086494739
29,23551,682,1,3,11648,84,721,0.558,0.367,0,1,0,18,9,1807,3081,14975,1,74195,0.4945652173913043,0.1551206112112627
75,85215,601,1,0,127477,24,2675,0.211,0.377,0,4,1,23,37,71795,10004,47881,1,369352,1.4959279947427713,0.5631952179983998
53,51628,519,2,1,31609,72,2255,0.293,0.524,1,1,1,6,24,29962,13885,55033,20,242430,0.6122334346975536,0.9478645998101868
61,29016,557,0,0,13457,48,1168,0.221,0.483,0,2,0,22,28,25321,3256,13311,18,55900,0.4637626219112933,1.8814831327091688
61,87520,774,0,3,36021,48,2078,0.643,0.285,0,2,0,44,19,52878,23922,17547,18,282599,0.4115697946778487,1.4679362611737272
39,59286,745,0,0,16852,12,1246,0.084,0.252,0,1,0,24,6,43181,15920,25969,17,78552,0.2842444380724273,2.562214442532486
40,63522,565,0,1,32295,120,1899,0.013,0.359,0,3,1,39,7,21320,5456,46709,0,16121,0.5083985328148859,0.6601436710428537
59,59324,629,0,2,114569,120,1481,0.072,0.3,0,3,1,40,40,33187,13213,196682,14,98160,1.931209439528024,0.2896657065549445
46,48110,638,0,4,88133,120,466,0.689,0.116,0,1,1,2,27,10528,7085,54161,18,60111,1.8318679719814597,0.1194544670615199
48,26694,657,1,0,4193,120,965,0.131,0.434,0,0,0,26,12,19725,1629,2181,6,123192,0.1570706124742461,4.7031473533619454
18,44813,755,0,3,48435,48,654,0.29,0.175,1,3,0,44,0,21318,9623,84004,0,126346,1.0808006426563128,0.4401271781319679
33,134487,705,0,3,98947,72,946,0.506,0.084,0,0,1,17,9,14486,18116,81523,3,81550,0.735731068942954,0.1464001293608764
44,49762,689,2,3,93859,36,1867,0.201,0.45,0,2,0,29,8,9981,2440,78255,2,130421,1.8861202097944256,0.1063392286383976
26,46371,550,2,3,82822,36,654,0.258,0.169,0,1,0,35,3,32480,4432,110793,5,-27797,1.786034676097645,0.3921615976238484
53,31594,709,0,1,54807,72,1073,0.063,0.408,0,1,0,42,25,25901,5612,103178,18,-23114,1.734673207786042,0.4725769960589694
48,104271,621,0,0,111049,120,3782,0.493,0.435,0,1,0,17,11,65596,19329,104413,8,431930,1.0649934785944453,0.5906888788833858
42,79052,616,0,0,17967,36,1818,0.436,0.276,0,3,0,13,21,12665,23144,24787,2,141670,0.2272779021669007,0.7048642030276047
67,48814,639,0,1,9037,120,1703,0.582,0.419,0,1,0,26,22,17433,32,4098,19,157406,0.1851275222779883,1.9288559415799955
50,52161,770,2,1,42700,24,1696,0.228,0.39,0,1,0,32,24,25727,3446,18402,14,258593,0.8186035811510295,0.6024917449240065
63,40726,462,0,3,18302,24,964,0.14,0.284,0,3,0,2,16,20596,11433,26129,20,191961,0.4493824735433496,1.1252800087417365
46,95261,629,1,2,164129,24,505,0.44,0.064,0,1,1,28,26,3481,14788,247697,19,120245,1.7229220465663118,0.0212087979041004
59,31626,554,0,1,54049,12,549,0.555,0.208,0,0,0,15,26,1960,7959,67091,0,5767,1.708951212571537,0.0362627197039778
27,25005,706,0,4,25820,36,1024,0.299,0.491,0,0,0,14,6,8641,896,8020,4,84597,1.032552187475006,0.3346500910111924
29,64088,754,1,3,94072,48,2416,0.259,0.452,0,2,0,42,4,49116,12135,130598,8,246065,1.4678337936307322,0.5221051736417464
59,45674,712,0,1,100366,60,354,0.208,0.093,0,3,0,29,34,34959,6114,98286,18,10889,2.197394636015326,0.3483116960754032
66,45462,741,0,2,79444,84,785,0.182,0.207,0,3,1,17,40,32245,11822,96150,22,-18090,1.7474429756065373,0.4058782805714645
66,26146,582,0,1,43833,60,757,0.316,0.347,0,3,0,20,34,17506,1536,31671,15,47041,1.676406471105672,0.399370351781722
34,68342,728,0,1,144305,84,351,0.035,0.062,0,3,0,42,11,34625,19858,271955,12,56786,2.111481790380873,0.2399415131733954
37,40294,623,1,0,7943,72,717,0.164,0.214,0,4,0,22,13,20881,3984,10549,15,79772,0.1971212309219506,2.628524672708963
23,256661,809,0,4,104857,36,5959,0.148,0.279,0,4,0,9,4,66417,43212,89915,0,876321,0.4085411942554799,0.6333994545003719
44,72287,762,0,0,124411,84,1259,0.072,0.209,0,0,0,26,24,34439,2243,157010,14,176133,1.7210463700752543,0.2768141336848535
41,60162,581,0,1,22353,36,1316,0.291,0.262,1,3,1,2,16,40100,1474,10791,2,198963,0.3715406479065206,1.7938623959917688
64,49982,751,0,1,86210,84,799,0.287,0.192,0,0,0,30,16,23612,10347,91597,11,120959,1.724786427385311,0.2738861630186403
71,102031,662,0,4,166822,24,4544,0.169,0.534,0,3,0,5,20,79002,19350,158865,5,168839,1.6349968637290262,0.4735677934097816
25,98746,698,0,3,103645,60,1873,0.098,0.228,0,4,0,12,2,16432,1552,33777,5,475981,1.0496015068812217,0.1585396445593655
35,58738,678,1,3,36865,36,1636,0.197,0.334,0,2,0,34,10,42154,15186,21534,14,201180,0.6276068710737329,1.1434383985243857
35,39975,690,0,3,41739,36,933,0.351,0.28,0,3,0,1,7,34601,11439,47899,10,68196,1.044101460876526,0.8289650215620508
57,35137,764,1,1,33460,84,1510,0.082,0.516,0,3,0,28,24,29067,1499,21191,1,59861,0.9522454322955204,0.868682944323242
26,49004,641,0,2,20832,12,807,0.317,0.198,0,3,0,25,3,25598,4452,8726,4,141005,0.4250994796449341,1.2287236595785531
46,33047,602,1,1,42854,120,1279,0.259,0.464,0,0,0,27,23,23096,7177,23936,4,108034,1.296719922536916,0.538933613347334
37,91594,794,0,0,188388,120,2069,0.235,0.271,0,3,0,31,18,60223,24581,104750,10,104587,2.056749822588569,0.3196736539819204
50,45938,677,0,1,8984,36,1003,0.524,0.262,0,1,0,16,14,1854,2496,14599,24,129755,0.1955636822743203,0.2063439065108514
21,98455,558,2,0,57768,12,2303,0.235,0.281,0,1,0,37,2,32604,6380,84296,0,305648,0.5867392540830422,0.5643857432186813
73,51772,589,0,3,43668,120,1107,0.031,0.257,0,1,0,11,25,4985,5594,41112,21,209333,0.843451219747745,0.1141542055004694
19,36484,728,0,2,43822,24,1617,0.468,0.532,0,0,0,16,0,17724,3393,19836,0,28916,1.2010963409620392,0.4044451543709924
37,32867,765,0,1,46080,12,1042,0.254,0.38,0,1,0,20,6,24710,5927,43815,3,87095,1.40197152245345,0.5362296825155705
44,62264,768,0,0,26781,84,1471,0.055,0.283,0,3,0,41,18,940,13069,42767,21,137525,0.43011322572874,0.0350982002837726
52,38383,631,2,0,58835,72,168,0.3,0.053,0,3,0,10,17,21804,3821,59117,17,97145,1.532800125052105,0.3705894350397715
73,32728,640,0,4,54159,60,1293,0.123,0.474,0,0,0,15,52,278,129,92707,24,55924,1.654770998197317,0.0051329394387001
55,72295,579,0,1,105745,48,1638,0.665,0.272,0,1,0,8,29,64576,10402,149780,1,81446,1.462667367489211,0.6106708527982145
62,62941,540,0,4,125776,12,928,0.22,0.177,0,3,0,41,43,35080,15380,141833,20,199147,1.998284134600108,0.27890631832529
65,95174,592,1,1,132429,24,3462,0.268,0.437,0,1,0,13,39,759,13288,178139,14,-88345,1.3914263199369583,0.005731329759118
69,86756,690,0,0,161687,72,1058,0.066,0.146,0,3,0,22,27,8505,2351,198591,20,23507,1.8636767062023811,0.0526013062193854
32,56718,605,0,4,45144,60,1036,0.086,0.219,0,1,0,31,4,26523,7965,87431,14,198488,0.795923764523352,0.5875069221397718
19,81989,656,1,3,52207,72,3418,0.209,0.5,0,0,1,19,0,20621,13366,50252,1,260109,0.6367483839492621,0.3949777811829604
63,61015,627,0,4,74845,60,626,0.733,0.123,1,4,0,30,23,10828,15371,51993,0,141573,1.226645470040645,0.1446703898671939
47,63634,740,0,4,89578,120,1118,0.341,0.211,0,4,0,2,14,40943,14640,147246,1,28119,1.4076844503810797,0.4570602484957412
66,62974,625,1,4,50642,84,938,0.072,0.179,0,4,0,19,34,55341,5163,84458,18,220368,0.8041603811036125,1.0927670161720278
42,140150,597,0,0,183744,120,4490,0.415,0.384,0,4,0,48,13,13716,23930,139428,18,134706,1.311043089239463,0.0746469291681406
66,18776,594,0,1,3285,48,279,0.369,0.178,0,3,0,21,42,4094,3121,1337,14,44413,0.1749480747723278,1.245891661594644
40,80837,615,1,2,128715,72,2468,0.052,0.366,0,2,0,10,8,3193,3776,211597,8,-119609,1.5922585912565872,0.0248065508561484
18,88082,574,1,0,23566,60,2170,0.045,0.296,0,2,0,21,0,73721,16223,28891,0,461394,0.2675431127459328,3.1281452879025755
49,36412,728,0,4,41947,72,393,0.494,0.13,0,4,0,39,13,21093,7822,26725,18,155779,1.1519786889297778,0.5028368456183847
18,18715,657,0,0,3392,60,439,0.291,0.281,0,2,0,11,0,12910,2892,5613,0,81901,0.1812353066894635,3.804892425582081
66,92776,577,0,4,183418,72,2405,0.025,0.311,0,0,0,35,29,14095,11960,306137,18,-178478,1.9769770525022363,0.0768459101837868
39,51557,603,0,1,53169,48,222,0.191,0.052,0,2,0,10,15,35901,1806,17713,10,205995,1.0312463633189806,0.6752115854805342
47,112371,522,0,4,98641,120,2421,0.212,0.259,0,3,0,2,13,38798,17196,44305,10,507866,0.8778076389136084,0.3933213032987976
31,42863,762,0,0,9871,84,1486,0.269,0.416,0,3,0,9,6,11949,5058,12821,9,28076,0.2302864874953341,1.2103930307941653
35,111376,732,0,4,225860,72,5020,0.114,0.541,0,1,1,16,12,92155,32806,178850,12,347372,2.027887265773005,0.4080164348869437
58,129196,657,1,3,35900,48,5900,0.409,0.548,0,4,0,35,31,62054,5276,22265,21,378779,0.2778702291848882,1.7284755299295285
43,97153,591,0,3,199734,24,950,0.197,0.117,1,2,0,39,22,13036,11368,106202,6,388592,2.055849476089507,0.0652664780834605
60,45468,702,2,4,87050,48,1678,0.276,0.443,0,0,0,45,21,3982,4275,133255,24,95037,1.9144911918010072,0.0457432999046535
66,52071,653,0,3,61018,60,1539,0.484,0.355,0,3,0,19,32,15336,10655,111594,6,68338,1.1718005838070364,0.2513315524672643
27,45403,664,0,1,79564,120,671,0.217,0.177,0,1,0,19,4,5676,4625,102632,7,127357,1.752356620562065,0.0713378998303274
48,35080,503,0,1,73960,120,866,0.075,0.296,0,0,0,35,10,9101,8302,49442,1,68113,2.1082637325047746,0.1230513378672543
70,22631,552,0,4,6384,48,917,0.069,0.486,0,4,1,7,37,9607,3244,10059,11,42540,0.2820784729586426,1.5046202036021927
21,81378,712,0,3,8713,24,1964,0.315,0.29,0,1,0,29,1,423,23480,12806,0,301803,0.107066933729832,0.0485425751663989
58,54491,611,0,1,76495,60,228,0.121,0.05,0,1,0,28,27,22246,457,33279,16,76552,1.4037840416941936,0.2908125915080527
64,30189,708,0,4,36660,48,179,0.501,0.071,0,1,0,7,38,7483,5737,72913,19,-14296,1.2143093739648891,0.2041133629742778
25,57595,686,1,1,59872,24,2578,0.414,0.537,0,0,0,38,3,41881,10260,104307,6,173705,1.0395166330995207,0.6994972692198487
27,41575,542,1,0,76198,72,795,0.492,0.229,0,4,0,40,8,16399,8395,112778,6,-41662,1.8327400423321147,0.2152127980682161
70,25567,491,2,1,46632,72,806,0.366,0.378,0,0,0,26,47,16305,3391,37795,13,97972,1.8238423028785984,0.349645101108657
67,61944,608,1,3,89953,36,1537,0.176,0.298,0,2,0,46,31,8078,4669,134555,24,107601,1.4521430301073532,0.089801454076528
44,73305,775,0,4,70759,24,689,0.362,0.113,0,3,0,26,18,31212,14304,115824,14,186209,0.9652552314953756,0.4410966647823629
55,20738,631,0,1,7875,84,164,0.044,0.095,0,0,0,38,23,6123,1453,10218,16,12767,0.3797193693042094,0.7774250888776029
27,26120,704,0,3,21750,36,709,0.383,0.326,0,2,0,42,6,4239,1312,20387,2,84223,0.832663374296543,0.1948875913751092
24,66259,693,0,1,12675,60,1256,0.266,0.227,0,0,0,18,5,9965,11035,18466,3,107928,0.1912918804708723,0.7861312716945409
30,49364,705,1,3,45206,36,2174,0.328,0.528,0,3,0,22,11,24794,12201,70682,1,201875,0.915750025321584,0.548454885305373
32,58384,841,1,3,107600,36,649,0.312,0.133,0,3,0,17,11,18757,843,74604,12,112916,1.8429391110730493,0.1743199412644863
49,47210,616,2,3,42487,12,1446,0.207,0.368,0,3,0,36,13,15762,8603,25063,19,93358,0.8999385736374997,0.3709753342120128
59,95457,725,0,0,116825,36,4266,0.448,0.536,0,0,0,18,15,2439,2522,227760,5,-110150,1.223836661149406,0.0208772019927071
68,80385,674,0,3,34846,36,478,0.108,0.071,0,2,0,23,26,18327,15213,27333,23,344400,0.433483442390466,0.5259276264814762
19,44967,660,0,1,43783,120,250,0.483,0.067,0,3,1,10,0,8812,5280,76651,0,-26950,0.9736479274150508,0.2012607345148913
56,72775,562,0,1,76665,36,1145,0.071,0.189,0,0,0,41,24,35249,7183,66409,17,264565,1.053437946575794,0.4597735632483761
75,38468,755,0,1,47282,72,570,0.33,0.178,0,0,0,31,24,23270,8553,79839,2,-17813,1.229093555850165,0.4921430535287524
47,53658,768,0,0,95545,72,776,0.171,0.174,0,0,0,18,16,24644,7566,173364,7,-65538,1.7805959857619411,0.2579281183932346
31,36068,587,1,3,50048,36,624,0.15,0.208,0,1,0,28,8,11925,9925,93798,9,-6081,1.3875627269954809,0.2382664988311454
23,63996,545,2,1,115896,24,2282,0.656,0.428,0,1,0,21,4,49367,2441,46909,5,61856,1.8109598887447849,0.4259558055859944
54,71126,701,0,1,72908,24,3253,0.307,0.549,0,1,1,19,15,37255,12806,139164,4,154712,1.025039717688079,0.5109794401239902
58,104011,651,0,0,132929,48,3397,0.294,0.392,0,1,0,20,27,15498,5977,262625,9,157469,1.278015998154059,0.1165876777251184
30,48092,617,1,4,8632,120,1809,0.109,0.451,1,2,0,0,5,39768,12722,3620,10,181708,0.1794855800220406,4.606509903857292
58,47653,639,2,1,98621,72,903,0.647,0.227,0,3,0,44,26,8866,10860,109290,13,138124,2.069521970873379,0.0898988055403459
44,141529,731,0,3,100783,60,2224,0.059,0.189,0,1,0,4,23,94642,33698,98870,22,681405,0.7120963753267858,0.9390577869503096
55,35981,558,0,1,58421,84,1400,0.134,0.467,0,2,0,0,36,7002,6979,38225,20,77503,1.6236173642376743,0.1198521105063161
67,47132,576,2,4,13308,72,1697,0.209,0.432,0,4,0,43,45,15806,4007,17488,20,224085,0.2823499458977786,1.1876174017582086
67,60260,638,0,1,22333,36,275,0.392,0.055,0,3,0,32,23,47411,100,15031,7,254512,0.3706045369310167,2.122817229336438
25,29665,701,0,2,47509,120,886,0.015,0.358,0,0,0,44,4,24960,7891,89419,3,14076,1.6014629542236904,0.5253630814565354
38,33631,717,1,3,13522,48,410,0.325,0.146,0,2,0,16,14,16174,9479,12063,8,155416,0.402057564224548,1.1960363824595135
68,72257,801,0,1,138087,120,1843,0.407,0.306,0,4,0,26,34,34189,8634,68709,3,46766,1.9110271527028149,0.247588494293494
28,50164,656,1,4,27813,48,546,0.052,0.131,0,4,0,33,8,40675,12318,22195,6,179920,0.5544303797468354,1.4623930394765223
49,68545,792,0,4,35468,36,2298,0.324,0.402,0,4,0,26,28,9461,14397,58865,3,178538,0.5174335482741517,0.2667399701147481
55,28142,762,1,1,48387,12,615,0.29,0.262,0,1,0,10,29,8133,1267,96591,5,-38674,1.7193262978360515,0.1680788625278994
67,23644,579,0,1,12576,60,731,0.337,0.371,0,3,0,18,17,16124,2135,7601,14,88458,0.5318672023683654,1.28202273992208
67,60395,765,0,0,109581,12,1833,0.32,0.364,0,2,0,23,21,18373,14215,155713,7,-74917,1.8143751241804091,0.1676643974375353
35,46275,602,0,0,58763,48,1077,0.605,0.279,1,1,0,43,16,19680,6484,65643,6,103765,1.269837496758579,0.3348989177047172
44,81732,746,0,0,134427,60,3490,0.435,0.512,0,2,0,45,11,25471,16128,254369,14,-127714,1.6447089914722328,0.1894768946945576
75,115207,621,0,4,34216,24,2205,0.201,0.23,0,2,0,5,46,57509,32667,63138,15,417767,0.2969932643566419,1.6807142648391151
63,48749,745,0,4,17565,24,955,0.212,0.235,0,2,0,39,16,2733,3287,24178,13,184910,0.3603076923076923,0.1555846521689627
38,131226,850,0,2,86932,72,1435,0.042,0.131,0,3,0,12,10,60450,16200,149465,11,74143,0.6624551349950849,0.6953630957173915
37,179814,757,2,2,363555,48,3919,0.489,0.262,0,1,0,12,16,146206,47628,719030,12,-13337,2.0218279898784863,0.4021553763381707
56,41623,721,0,0,32981,36,338,0.22,0.097,0,2,0,7,18,15320,5946,49995,3,32104,0.7923553719008265,0.4644957855800133
62,42024,812,0,1,43967,48,1645,0.434,0.47,0,0,0,11,39,27741,10089,57480,22,25217,1.0462105889351576,0.630936135371179
20,47547,687,0,1,52189,24,2035,0.544,0.514,0,0,1,5,1,26856,4857,39200,1,190559,1.0976066290906032,0.5145813374209619
28,61465,747,0,1,25916,24,657,0.25,0.128,0,0,1,27,6,23908,10659,36094,6,239146,0.4216314710571698,0.9224833121117412
31,34675,699,2,1,71705,72,1086,0.143,0.376,0,1,0,48,10,8017,7576,43861,8,105184,2.0678567308801474,0.1118037542186149
53,25828,754,0,4,23827,60,933,0.204,0.433,0,3,0,26,16,21700,4168,35843,2,30409,0.9224902241666344,0.91069330199765
50,65069,689,1,1,33534,120,1625,0.294,0.3,0,2,0,34,9,13428,8800,19621,24,183616,0.5153526970954356,0.4004174742806023
49,61349,739,0,1,63389,48,1969,0.312,0.385,0,3,0,12,13,46261,15183,87331,3,270914,1.033235533822331,0.7297838775832151
42,58623,689,0,1,72462,120,1533,0.273,0.314,0,3,0,23,9,38030,3586,62906,12,271667,1.236046670305677,0.5248195630873688
38,30770,641,2,1,24070,24,662,0.379,0.258,0,2,0,12,11,12470,2495,31338,0,69673,0.782230021773748,0.5180507664824893
23,114805,691,0,1,74261,60,2984,0.1,0.312,0,0,0,43,3,16347,24288,80547,0,136612,0.6468390153824713,0.2201260402359214
59,68512,512,1,4,73137,24,765,0.176,0.134,0,2,0,35,25,15650,12292,56406,21,190630,1.0674908411542334,0.2139790532965079
56,51416,649,0,0,79662,60,865,0.186,0.202,0,3,0,9,31,7518,14211,64951,9,163630,1.5493319330182624,0.094372544343045
26,72133,734,0,3,137421,120,1963,0.407,0.327,0,1,1,1,6,4126,2468,114512,8,14259,1.9050794354950509,0.0300243046964823
70,82253,691,0,1,34526,36,1436,0.168,0.209,0,0,1,37,43,56452,20916,57857,14,391830,0.4197485836555061,1.6350102818084398
62,81779,555,0,0,80621,60,2992,0.248,0.439,1,1,0,5,24,30265,23487,63223,11,98122,0.9858278307654684,0.3753938131031232
73,32982,755,0,4,5257,24,1433,0.335,0.521,0,1,0,31,27,22952,1370,2418,5,78210,0.1593851377982597,4.365157854697603
35,62331,730,1,2,50162,24,984,0.336,0.189,0,0,0,10,6,30077,8181,42116,1,68565,0.8047551819290252,0.5995853517532843
73,48736,684,0,4,74576,36,1405,0.38,0.346,0,1,0,47,35,3099,9587,24117,5,32784,1.5301721484703614,0.0415543666277806
75,37727,578,1,1,77303,84,249,0.404,0.079,0,2,0,40,24,11501,3024,43361,17,128085,2.048955682782019,0.1487762599606747
20,18793,692,0,3,7402,60,378,0.197,0.241,0,3,1,26,1,11466,5480,9333,0,35631,0.3938491007768436,1.5488315547750913
20,36562,654,0,0,65048,84,799,0.213,0.262,0,1,1,40,1,12913,3218,31458,0,35531,1.779066269179225,0.1985118910359882
34,95818,664,0,3,10289,24,4313,0.209,0.54,0,1,0,18,13,85154,27489,5798,13,288327,0.1073795385048894,8.275413022351797
57,58841,601,1,1,25318,48,2368,0.138,0.483,0,1,0,12,36,30787,10585,9980,2,64185,0.4302708949389892,1.2159642955882934
54,24499,850,0,3,3847,84,402,0.128,0.197,0,0,0,1,23,11096,4905,4551,12,57044,0.1570204081632653,2.883575883575884
61,23990,799,0,0,39493,84,382,0.202,0.191,1,1,1,35,20,3509,1953,40207,10,73520,1.6461589762827726,0.0888489390793538
74,186467,741,1,3,150119,12,5999,0.629,0.386,0,3,0,5,28,57622,17444,85202,4,875346,0.8050657485466676,0.3838395949906741
33,42256,514,0,3,42167,84,873,0.108,0.248,0,0,0,39,9,25982,3272,36281,12,49083,0.9978701753555624,0.6161544298994498
52,37858,610,2,0,12118,60,1363,0.213,0.432,0,3,0,19,21,24329,1425,12346,18,176932,0.3200824110515333,2.0075088703688424
55,26412,610,0,2,45185,24,521,0.299,0.237,0,3,1,17,34,5529,2698,28504,5,95824,1.7107106349146253,0.1223609082459168
51,50638,670,2,3,68273,12,494,0.091,0.117,0,0,0,17,23,6395,11782,64896,13,126363,1.3482296253875472,0.0936666959603948
48,57579,698,0,1,36305,24,2559,0.598,0.533,0,3,0,26,27,7676,7489,56676,10,216792,0.6305140673845085,0.2114251087974439
22,37600,696,0,1,9552,72,963,0.073,0.307,0,4,0,26,3,16967,5774,4919,0,193124,0.2540357969202946,1.776091280226107
71,74091,694,0,4,112593,60,2451,0.225,0.397,0,1,0,34,28,46967,13492,202688,8,160814,1.519637747665065,0.4171359042222498
67,39305,575,0,4,46427,12,925,0.266,0.282,0,3,0,18,28,24448,2367,21079,19,35812,1.1811682694753982,0.5265787886620144
58,99506,782,0,3,155775,72,3162,0.171,0.381,0,2,0,30,22,3159,14167,205066,21,260972,1.5654677560372636,0.0202791187345932
22,55583,623,0,2,96078,48,1903,0.531,0.411,0,4,0,11,2,29331,4812,143658,2,-55667,1.7285189982728844,0.3052800299753328
33,70583,781,0,1,140093,72,1435,0.305,0.244,0,3,0,22,8,44191,420,165893,3,110804,1.984769919528505,0.3154382057761217
54,30571,588,0,3,7354,60,217,0.542,0.085,0,1,0,43,12,17195,1978,2613,6,123041,0.2405469056653146,2.337865397688647
20,109292,666,0,0,64905,120,3869,0.431,0.425,0,4,0,8,1,25899,22986,88903,0,454063,0.5938623699596497,0.3990232027855668
74,88112,709,0,0,103525,60,3803,0.121,0.518,0,1,0,33,38,24602,10261,173963,20,105093,1.1749117610341266,0.237640785889535
69,109033,592,1,1,181114,84,2096,0.293,0.231,0,1,0,4,44,89395,25948,295782,11,-2399,1.6610781957921383,0.4935814261656958
47,31881,651,0,3,13538,84,1093,0.26,0.411,0,1,1,41,26,11621,1288,22690,23,105595,0.4246283169186374,0.8583351798508014
62,38012,695,0,3,27343,12,1562,0.576,0.493,0,4,0,7,28,22612,8903,27607,19,76545,0.7193065530213348,0.8269455822118198
74,52866,795,0,3,72613,12,1788,0.234,0.406,0,0,0,38,23,2096,4070,105639,1,35746,1.3735033196512,0.0288649571707935
46,67939,621,0,3,133673,12,911,0.444,0.161,0,3,0,36,25,27308,9118,237177,22,-33854,1.9675154548130704,0.2042880440474587
62,146881,661,1,1,194868,72,2952,0.571,0.241,0,1,0,36,25,127146,42238,337042,15,475912,1.3266976212197543,0.6524690946225413
74,34606,657,0,0,16340,72,936,0.121,0.325,0,0,1,35,42,6791,8918,8301,7,52748,0.4721588118010807,0.4155804418334251
49,41788,516,1,1,63211,60,1207,0.353,0.347,0,0,0,35,30,10947,9361,85221,21,127567,1.5126229390509465,0.1731791432006581
18,88281,774,0,1,62944,24,935,0.194,0.127,0,1,0,38,0,33211,13649,81511,0,103987,0.7129879250583357,0.5276193502263881
66,67782,351,0,3,118172,72,2313,0.258,0.409,1,2,0,25,28,12836,15908,141842,11,-78617,1.743386984937226,0.1086204124461594
48,33123,560,0,0,15414,12,1489,0.469,0.539,1,1,0,26,13,25745,925,7967,13,169465,0.4653423499577345,1.6701265001621797
18,110160,607,1,3,14344,36,1846,0.109,0.201,0,1,0,3,0,30612,27204,12372,0,583103,0.1302094207568921,2.133983966538864
60,101714,718,1,4,39292,12,4614,0.132,0.544,0,2,0,34,36,80085,12234,41706,5,371086,0.3862950400629209,2.0381492886773724
55,40438,644,0,3,18769,60,1488,0.238,0.442,0,3,1,24,25,16876,7413,21595,8,71391,0.4641311605133658,0.8990942994139585
49,59016,475,0,1,51214,24,1557,0.346,0.317,0,3,0,18,29,42286,6011,66603,4,221135,0.8677838588881169,0.8256565459338084
51,23410,687,0,4,18384,48,751,0.084,0.385,0,3,0,41,12,13586,3389,27444,14,67466,0.7852718807398231,0.7389719880337231
54,130172,740,2,4,94006,72,5950,0.274,0.549,0,3,1,28,10,38541,12342,121961,14,291984,0.7221620458927734,0.409980107864308
67,37880,709,1,0,16220,84,560,0.505,0.177,1,0,0,14,37,30463,7393,27912,14,125362,0.4281829941131438,1.8779976573577464
26,21314,608,0,3,38899,120,856,0.295,0.482,0,3,0,7,4,13962,5314,62287,4,11380,1.82495894909688,0.3589203084832905
43,39409,530,0,0,54776,12,754,0.31,0.23,0,4,0,35,8,10965,2329,66383,11,48449,1.38990104034509,0.2001752560381182
49,95339,764,2,3,144455,48,3304,0.585,0.416,0,1,0,32,18,45386,27481,255011,15,-99951,1.515156282777428,0.3141856343800188
40,41913,825,2,3,43727,72,1315,0.213,0.376,0,0,1,26,17,6125,2593,68642,15,74856,1.0432552369136805,0.1400704354189535
25,29176,724,1,3,31124,12,677,0.491,0.278,0,0,0,47,4,5968,7771,60161,3,-14167,1.0667306440004112,0.1917429718875502
52,134152,692,0,0,106507,36,4848,0.172,0.434,0,3,0,17,10,119686,27975,55122,17,365028,0.7939218653328662,1.123727795095204
34,54096,590,1,0,93834,72,817,0.228,0.181,0,4,0,29,13,14607,1950,128191,15,92376,1.734550899310498,0.1556668620450791
36,51543,544,0,4,7465,36,1927,0.108,0.449,0,0,0,28,15,39499,4286,13254,2,208003,0.1448277200062082,5.290517010447362
73,62014,704,0,0,10563,24,933,0.255,0.181,0,1,0,11,39,23177,3198,17578,22,288787,0.1703297589292913,2.1939606209769025
33,35799,658,0,1,48663,120,899,0.099,0.301,0,4,0,11,4,27673,8111,73331,1,26124,1.3593016759776535,0.5686544468190038
66,49896,738,0,1,33859,120,2204,0.183,0.53,0,2,0,18,23,25580,12703,61148,10,216870,0.6785778704130508,0.7554636739515652
64,43136,752,0,1,83728,60,986,0.313,0.274,0,0,0,40,32,25905,611,126072,7,-28915,1.9409787421471127,0.3093910114775048
70,33156,617,0,2,18062,36,715,0.072,0.259,1,0,0,15,17,16810,7620,31777,24,156490,0.5447416835057454,0.9306316780158336
18,115244,660,0,4,166610,48,3671,0.478,0.382,0,3,0,13,0,45884,23794,196271,0,300915,1.4457026335198924,0.2753959822580742
28,98283,811,0,1,40462,120,4396,0.044,0.537,0,4,0,17,9,36977,6088,78972,2,317017,0.4116845061251068,0.913847218446482
45,95508,635,1,4,168599,72,4221,0.267,0.53,0,4,1,29,16,55783,10302,84214,14,275683,1.7652681946204023,0.3308600237247924
57,84604,850,2,1,19266,60,3437,0.333,0.487,0,3,0,29,34,22083,2511,9087,24,136614,0.2277170380001182,1.146156640888566
51,24810,653,0,0,52331,120,306,0.313,0.148,0,0,0,45,17,4276,6595,59872,21,3591,2.1091854419410745,0.0817090881296338
35,117258,722,0,1,190784,36,4189,0.053,0.429,0,1,0,35,7,72896,25110,269324,9,378924,1.6270307609650432,0.3820845454307204
47,25312,728,1,1,47151,60,980,0.349,0.465,0,1,1,45,16,16039,5715,77292,19,-26494,1.862718761110892,0.3401552426196131
73,40811,710,0,2,50920,60,1808,0.219,0.532,1,0,0,27,45,14666,9759,77647,15,58698,1.2476722532588451,0.2880147679739204
45,52114,750,0,1,21427,48,2222,0.31,0.512,0,2,0,23,8,5851,2560,18672,4,67861,0.4111484217595701,0.2730539481052828
29,39236,678,2,1,19689,84,212,0.207,0.065,0,1,0,27,3,24882,2496,29679,11,19660,0.5017967734536279,1.2636871508379888
62,84555,354,0,2,16518,36,1918,0.543,0.272,0,3,0,30,31,23262,2750,13570,4,424886,0.1953498273333648,1.408196622071554
73,25625,534,0,4,5558,48,1169,0.176,0.547,0,3,0,40,43,5746,5093,7220,20,63921,0.2168890970108483,1.033639143730887
53,43737,605,1,0,88688,36,643,0.595,0.176,0,3,1,36,14,36746,12850,115263,10,145824,2.027710457725548,0.4143242115707697
18,20169,535,0,1,9026,24,344,0.147,0.205,0,1,0,30,0,14945,3902,11128,0,42393,0.4474962816063461,1.6555887891879917
24,61551,753,0,3,20819,12,363,0.154,0.071,0,0,0,28,3,16085,14126,9085,0,184345,0.3382343384455419,0.7725744476464937
23,54899,523,0,3,91690,72,691,0.38,0.151,0,3,1,1,3,44615,13190,108814,2,-23319,1.670127504553734,0.4865799260559924
18,41917,652,0,1,55912,72,949,0.149,0.272,0,3,0,37,0,12993,9520,20510,0,197498,1.3338422634667684,0.2323788743226083
59,100096,540,1,4,65202,72,774,0.451,0.093,0,1,0,1,25,57685,12967,69251,2,403335,0.6513881534911137,0.8846985568148705
46,50225,630,1,4,33121,12,648,0.345,0.155,0,1,0,5,17,24827,11618,14548,6,123626,0.6594393342093736,0.7495622245033512
32,81979,645,1,4,102825,120,2992,0.037,0.438,0,2,0,14,12,14996,5620,86175,5,161462,1.2542693339838986,0.1458386011320094
71,72955,703,0,3,21394,48,1814,0.144,0.298,0,4,0,7,17,63555,4257,42242,12,282706,0.2932452437085366,2.970553867726104
46,40247,803,1,1,53375,12,183,0.138,0.055,0,2,0,21,27,29127,5761,43293,15,144935,1.326152852315643,0.5456946942446043
75,68658,642,0,3,103898,84,347,0.469,0.061,0,4,0,1,21,37185,12701,171442,9,178620,1.5132466246231375,0.3578956486587936
68,92915,558,2,1,18101,120,1430,0.32,0.185,0,0,1,38,33,40118,10366,17258,4,195579,0.1948103663524043,2.2162192022980887
74,46036,684,0,3,6275,120,574,0.246,0.15,0,0,0,7,28,1141,2617,3046,23,63283,0.1363034081282446,0.1818036966220522
37,52952,576,0,0,88036,12,696,0.326,0.158,0,3,0,38,17,32275,9247,175976,16,-13257,1.6625309236492738,0.3666072219634926
50,40678,716,0,0,86816,24,1608,0.475,0.474,0,1,0,5,18,25873,9016,34457,9,196215,2.134172423117579,0.2980176693504728
73,82038,493,0,1,165043,84,2342,0.334,0.343,0,3,0,3,35,643,8092,71277,11,304565,2.011762698228891,0.0038959307820944
37,36189,844,1,1,67431,60,1006,0.291,0.334,0,0,0,5,12,26237,7080,122880,19,14754,1.863249516441006,0.3890882666983035
60,65530,754,1,4,113113,24,2833,0.29,0.519,0,0,0,9,16,42711,7796,51618,16,133233,1.7260990981367597,0.3775925172834485
55,55199,721,1,4,34790,72,1504,0.245,0.327,0,0,1,36,17,26261,4340,37055,12,150177,0.6302536231884058,0.7548216492771119
19,29809,608,0,1,33748,72,1331,0.122,0.536,0,1,0,26,0,7795,7456,25549,0,113625,1.1321033210332103,0.2309698065127855
36,59783,590,0,2,33909,84,1294,0.451,0.26,0,3,0,29,16,46877,8624,41579,1,251418,0.5671918908069049,1.3823945738720145
26,46458,733,2,1,82212,48,733,0.512,0.189,0,1,1,35,6,13681,3955,116833,5,1897,1.7695602574312834,0.166409205356817
43,32542,709,2,2,50852,48,346,0.181,0.128,0,1,0,46,24,8542,4326,59111,20,-16773,1.562609470546661,0.1679743574617033
22,84358,681,0,1,103081,36,3452,0.264,0.491,0,3,0,27,1,45845,5499,74240,3,301756,1.221932455339679,0.4447430201199045
51,48436,686,0,1,106158,48,2204,0.304,0.546,0,3,0,44,25,11951,7144,74877,1,155540,2.191671655965481,0.112576418391281
64,38020,714,0,0,63102,120,463,0.378,0.146,0,4,0,4,20,22126,9673,103842,9,108861,1.6596617658662318,0.3506330919290683
31,38643,749,0,0,47066,120,726,0.408,0.225,0,2,0,37,4,30251,2144,16178,12,55578,1.2179381016457924,0.6427220770391144
30,23873,556,0,0,33232,12,783,0.071,0.394,0,1,0,2,10,5203,1355,48171,12,-3650,1.3919745329647315,0.1565612493605753
67,65208,638,0,3,34374,84,1943,0.144,0.358,0,0,0,9,39,40919,4483,19388,14,278177,0.5271358248094589,1.1903709090909091
30,64427,523,1,3,136227,84,274,0.339,0.051,0,4,0,28,7,49544,3912,59733,11,172221,2.114406779661017,0.3636844114279003
36,50060,636,0,1,35254,48,494,0.231,0.118,0,4,1,29,10,22849,14343,27937,7,142030,0.704220850562314,0.6481066515387888
51,45075,708,0,1,12286,36,672,0.407,0.179,0,2,0,20,15,14463,11045,15579,2,137106,0.2725618954654361,1.1770977455847644
30,119998,734,0,1,53950,48,640,0.237,0.064,0,0,0,35,4,9597,7983,59934,9,353391,0.4495870798923324,0.1778836351504142
35,95523,542,0,4,160103,72,2655,0.262,0.334,0,3,0,40,16,57860,8274,157973,4,154330,1.6760499979062853,0.3613900964373157
46,72198,819,0,4,57340,24,1656,0.473,0.275,0,4,0,12,18,17228,2408,66393,8,5317,0.7941938253992438,0.3004481958807833
23,42091,586,0,4,45502,48,1307,0.014,0.373,0,0,0,43,2,16875,1207,82991,3,-17666,1.0810130191010168,0.3708546689229282
55,31247,681,0,1,46977,12,927,0.191,0.356,0,0,0,8,16,12343,8006,91387,8,-44755,1.5033602150537635,0.2627400059602367
31,178532,719,2,1,23397,60,1976,0.346,0.133,1,0,1,1,11,47472,1469,28430,0,284161,0.1310514022617667,2.028891358235746
53,38203,619,0,2,11814,84,357,0.06,0.112,0,4,0,40,14,13158,10681,19169,7,181715,0.3092346351167417,1.1136690647482017
49,68735,739,0,2,129011,84,2789,0.212,0.487,0,0,0,18,30,56057,7799,238974,2,104187,1.8769058426443204,0.4345099680649862
38,41064,731,0,1,18190,24,576,0.463,0.168,0,2,1,48,8,1059,11955,27723,6,125684,0.4429562888104225,0.0582156011214336
56,25236,621,0,0,7174,48,804,0.204,0.382,0,3,0,28,29,5463,4982,8941,4,68467,0.2842651662241946,0.7613937282229966
72,82274,651,0,3,61133,48,2186,0.292,0.319,1,1,0,7,36,41991,20526,42264,21,272694,0.7430325129140078,0.6868681911865737
27,64289,447,2,1,115284,48,1890,0.201,0.353,0,4,0,29,7,51549,10407,36506,9,230463,1.7931871208586094,0.4471440343496552
52,41025,610,1,3,57963,24,1224,0.426,0.358,0,1,0,24,23,33930,7237,73644,11,142136,1.4128357626870764,0.5853633289628045
19,80383,749,1,3,55052,24,2986,0.09,0.446,0,4,0,1,0,61933,7965,33011,0,307021,0.6848626592356688,1.1249704829891196
35,85023,625,1,4,179388,60,3056,0.302,0.431,1,1,0,2,5,37354,14681,308325,11,42878,2.1098513360933384,0.2082290441442897
44,36308,682,0,1,54837,24,1539,0.199,0.509,0,2,0,44,17,5321,2278,19393,4,44373,1.5102867057754277,0.0970312556986031
32,135576,675,0,4,282598,72,4489,0.452,0.397,0,0,0,30,7,16943,10239,347546,2,-138273,2.0844095974981007,0.0599542107367683
45,73911,520,0,1,41052,120,2768,0.353,0.449,0,1,0,44,13,37524,9865,73631,10,31567,0.5554172529494534,0.914037950941466
71,57027,747,2,0,32885,60,736,0.504,0.155,0,1,0,32,22,31561,5048,16055,7,51541,0.5766465595847654,0.9597092987897584
69,41797,677,0,4,87681,24,1679,0.346,0.482,0,2,0,46,30,7990,281,105939,12,78533,2.0977319488970765,0.0911247462421021
42,65196,650,0,0,15424,36,454,0.339,0.084,0,0,0,32,22,31925,6451,5234,5,272858,0.2365753025445956,2.06969205834684
23,92033,678,1,2,116567,12,2892,0.056,0.377,0,1,0,28,4,6206,23087,205252,2,26593,1.266564530499598,0.0532393109601262
55,53405,705,0,4,85427,72,233,0.125,0.052,0,3,0,3,27,13464,12321,165567,8,8320,1.5995768265737933,0.157606405394016
58,53857,676,0,0,96236,120,1493,0.242,0.333,0,4,0,36,33,44914,12700,99101,13,121109,1.7868468936833897,0.4667019961137608
21,34966,555,0,1,6524,48,951,0.355,0.326,0,1,0,36,2,13620,9910,10519,0,134845,0.1865759144336088,2.0873563218390805
48,22842,575,2,4,49006,24,951,0.239,0.5,0,1,0,30,15,6343,4194,42813,24,74663,2.145339929081119,0.129430489521905
60,82699,850,0,3,175767,12,3099,0.656,0.45,0,2,0,18,25,62088,15105,245832,19,153294,2.125356711003628,0.35323835965591
41,144095,552,0,1,66675,72,696,0.072,0.058,0,3,0,17,15,112266,24845,29713,12,773719,0.4627123584277148,1.683754274401584
66,141087,619,2,4,259142,120,3833,0.143,0.326,0,2,0,22,41,120625,5915,308388,1,119038,1.836740190519392,0.4654765901452094
52,59342,514,2,3,79023,84,1635,0.203,0.331,0,3,0,2,21,35088,15104,128845,2,169926,1.3316313634295536,0.444017007491395
19,40554,619,0,4,55702,24,457,0.123,0.135,0,1,0,20,0,32508,6251,59224,1,16708,1.3734927875724323,0.5835951385024146
68,72987,582,0,3,73879,84,1936,0.297,0.318,1,1,0,17,42,11878,16146,83614,20,201224,1.0122074861621089,0.1607742284786139
36,63546,678,0,1,110182,60,1616,0.444,0.305,0,3,0,32,13,18808,166,140510,15,107591,1.733866272207972,0.1706978390495811
24,50647,694,0,1,98496,24,2127,0.327,0.504,0,1,0,48,4,7224,14364,161618,5,22683,1.9447164744906016,0.0733423352995522
70,12434,677,0,4,10897,72,564,0.222,0.544,0,3,0,11,42,1535,3441,20259,5,34128,0.8763168476075593,0.1408515323912644
74,42414,796,0,4,75629,12,1439,0.298,0.407,0,3,1,9,42,8181,5892,149691,24,57624,1.783072026405753,0.1081713605712019
57,27674,688,1,3,48032,72,484,0.503,0.21,0,1,0,37,26,19956,6325,85012,1,-19608,1.7355736224028906,0.4154643682468303
67,100942,784,0,1,92559,84,1732,0.365,0.206,0,0,1,17,30,86533,17510,73574,5,90062,0.916943225384623,0.9348854796888504
20,52958,760,0,1,6080,60,877,0.49,0.199,0,3,0,36,1,37777,5046,9331,0,186925,0.1148057931607469,6.212300608452557
74,40376,639,1,3,71939,24,1229,0.165,0.365,0,2,0,45,24,30947,11876,26796,8,148838,1.7816826411075612,0.4301779260494857
60,95972,633,0,1,45005,48,580,0.075,0.073,0,2,0,25,31,44797,11965,62241,4,414610,0.4689339710126806,0.995356174732258
42,45995,712,0,1,71622,60,1007,0.196,0.263,0,3,0,7,12,553,4519,123470,8,-62925,1.5571354030785285,0.0077209834829593
58,70353,748,1,3,67346,48,1486,0.293,0.253,0,1,0,14,14,57434,17125,40814,14,322633,0.9572447906302414,0.8528071035086938
44,33142,680,0,3,6689,72,266,0.364,0.096,0,0,0,21,16,9164,5125,4160,8,43006,0.2018224059379054,1.3698056801195817
45,46942,552,0,4,60382,12,1805,0.268,0.461,0,4,0,0,11,3783,7718,51024,13,106399,1.2862833649319387,0.0626500836328105
57,132961,695,0,2,282056,36,790,0.138,0.071,0,2,1,48,24,16274,36325,556405,17,144473,2.121327898196477,0.057697557585878
62,34161,845,0,3,17990,24,598,0.098,0.21,0,2,1,7,40,28378,10200,25844,23,142235,0.526608512382179,1.5773442276693903
40,39598,769,0,1,21188,12,1245,0.242,0.377,0,2,1,38,9,12351,10277,21319,17,142295,0.5350640167681002,0.5828967860682429
49,58732,721,0,3,23478,48,1784,0.281,0.364,0,3,0,36,30,46871,12542,16367,4,266989,0.3997412017094308,1.9962945610971508
34,37921,685,1,1,56078,120,430,0.144,0.136,0,0,0,2,7,21040,7531,106897,16,67688,1.4787722166552395,0.375185006865315
21,46794,734,1,0,78980,48,1340,0.094,0.344,0,2,0,44,2,19599,4007,151400,0,83233,1.6877871567475158,0.2481482888289588
70,38078,654,1,4,72571,12,703,0.269,0.222,0,0,0,25,37,16743,797,137949,2,61339,1.9058010977179023,0.2307088133164306
60,27554,842,0,4,15664,48,729,0.346,0.317,0,3,1,48,14,16891,5261,10685,9,104171,0.5684630738522954,1.0782636450686245
74,53734,664,1,1,20476,36,1162,0.196,0.259,0,4,0,18,52,15752,11309,36190,3,23288,0.3810551781892621,0.7692533085901255
37,27775,724,0,1,35340,36,975,0.135,0.421,0,3,0,45,8,2408,7261,10686,17,36161,1.2723214285714286,0.0681361591352819
20,43392,585,0,0,89469,48,788,0.571,0.218,0,0,0,25,0,4555,8636,86593,1,66769,2.0618302491185214,0.050910919861406
69,42543,626,2,0,37344,120,1158,0.208,0.327,0,0,0,17,37,9084,2591,49887,12,38378,0.877773599097405,0.243245414379435
41,23462,654,0,3,14880,24,730,0.141,0.373,0,2,0,26,11,9063,3748,9369,4,25972,0.6341900012786089,0.6090316510987165
73,24545,552,0,3,24674,24,724,0.083,0.354,0,1,0,16,27,9714,4293,16148,9,101572,1.0052146989326165,0.3936778115501519
51,38802,620,0,3,59488,36,431,0.213,0.133,0,4,0,7,27,34253,9335,52243,12,57942,1.5330773393809758,0.5757871203079561
69,69931,823,1,4,151728,24,1870,0.51,0.321,0,2,0,38,40,55804,11914,46650,6,230430,2.169650517645713,0.3677873049977262
67,42248,644,1,4,88049,36,1178,0.092,0.335,0,2,0,46,33,36305,12080,81974,10,39586,2.084049326611281,0.4123225440090857
36,78861,456,0,1,81152,72,2882,0.139,0.439,0,3,0,34,14,55454,12648,65159,16,124953,1.0290380664959042,0.6833265560114845
42,55676,542,0,1,18411,48,1900,0.397,0.41,0,1,0,48,18,12175,8868,10792,2,48905,0.330675144134921,0.661253530306322
24,79127,713,0,4,110530,84,2451,0.117,0.372,0,1,0,25,2,46185,12184,35239,2,373075,1.3968506723283791,0.4178465769784042
55,67861,601,1,0,77464,72,591,0.389,0.105,0,2,0,32,27,43710,3881,47815,2,62265,1.1414930299725914,0.5642548247595688
55,87646,694,0,1,102539,120,2816,0.124,0.386,0,0,0,13,23,18784,14317,94727,0,238790,1.1699088388649923,0.1831870489565047
39,48432,506,0,3,67880,60,1620,0.373,0.401,0,0,0,5,6,42983,5621,28394,16,69678,1.4015237544649308,0.6332110605324023
65,47613,850,1,1,49985,120,1549,0.298,0.39,0,3,0,44,18,35123,8886,43916,21,38858,1.049796278405511,0.7026567438882887
27,52711,642,0,1,92955,120,426,0.016,0.097,0,1,0,13,5,22273,15380,52637,4,145148,1.76345044771589,0.2396079865742932
44,22261,676,0,4,8765,84,815,0.421,0.439,0,3,0,31,12,5139,4691,4808,4,31818,0.3937202407690234,0.5862422997946611
19,86936,680,0,3,147458,12,3493,0.286,0.482,0,0,0,24,0,53287,2095,270524,0,602,1.6961477851777724,0.3613682447324341
30,96169,585,0,0,160174,12,3538,0.35,0.441,0,1,0,42,7,27154,21484,72953,12,153219,1.6655297909951128,0.1695270797565163
74,58128,491,1,1,86673,84,985,0.041,0.203,0,4,0,22,41,37486,8226,41599,14,220887,1.491045777494882,0.4324941735699287
68,43712,642,0,0,55101,120,1493,0.269,0.41,0,1,0,13,23,33148,5335,67091,15,168288,1.2605174661999865,0.6015752604261189
21,87332,719,0,3,180476,60,2514,0.398,0.345,0,0,0,28,2,77214,14486,180399,1,70464,2.0665269714769905,0.4278329094566067
36,102779,607,2,1,39726,24,1932,0.192,0.226,1,3,0,0,9,6503,24396,16947,17,353893,0.3865148861646235,0.1636921992599491
38,62359,685,0,4,131896,60,794,0.292,0.153,0,3,0,32,6,37693,8022,90450,13,182231,2.1150737652341243,0.2857760221991402
25,58917,650,0,3,84477,84,1954,0.167,0.398,0,2,1,18,2,34390,8279,41131,4,163176,1.4338063070708442,0.4070882359904353
69,54057,689,1,1,72648,84,1651,0.237,0.366,1,3,0,34,46,42738,12968,140313,1,63743,1.3438898960375891,0.5882806370356096
53,46228,850,0,3,42741,60,1951,0.338,0.506,0,0,0,21,24,10277,1000,39944,22,26016,0.924549525189816,0.2404426559356136
26,63045,634,0,1,21788,48,689,0.388,0.131,0,3,0,48,5,14467,1984,15659,8,290521,0.3455889350632871,0.6639588783331039
56,43096,535,0,1,70394,12,229,0.122,0.064,1,3,0,13,18,5261,4045,26551,19,37612,1.6333851544191011,0.0747354215498259
51,25877,497,2,3,47768,120,575,0.542,0.267,0,3,0,21,29,15384,1533,21699,10,87795,1.8458922636988948,0.3220498649751931
64,29508,850,1,3,41166,60,1085,0.384,0.441,0,2,0,11,36,11837,3879,65413,5,69374,1.395032024128232,0.2875361333106614
60,33523,600,0,0,54648,36,1517,0.057,0.543,0,1,0,29,38,21659,6067,70638,12,7357,1.6301157379787614,0.3963293015425717
55,64307,848,0,1,102211,60,2911,0.521,0.543,0,1,0,46,26,37283,8603,148112,13,-20506,1.5893978976177148,0.3647614761476148
56,152806,663,0,2,62157,48,6968,0.086,0.547,0,1,1,38,29,22544,34724,20638,21,209448,0.406768014554307,0.362688632195373
30,50014,558,1,1,108305,84,895,0.074,0.215,0,3,0,36,11,40954,11294,150039,7,87341,2.1654503648905328,0.3781323287721825
51,49515,593,0,3,30661,72,212,0.531,0.051,0,3,0,28,25,8187,12179,16461,17,241512,0.6192139914371112,0.2670080229600156
36,20486,579,0,1,13751,12,713,0.376,0.418,0,3,0,19,10,5960,3096,9915,16,31623,0.67120613071704,0.433391506689936
66,23048,725,0,4,8983,12,785,0.358,0.409,0,1,0,1,25,17157,4483,12827,14,78635,0.3897349125775521,1.909728406055209
53,51152,452,1,0,35555,12,2059,0.161,0.483,0,0,0,24,13,42810,12854,17219,7,73346,0.695071647801693,1.2040161997975023
75,33269,727,1,3,65296,84,710,0.352,0.256,0,0,0,45,43,22085,6199,74759,11,70510,1.962608957018335,0.3382238081381993
36,39180,596,0,1,17242,84,1522,0.067,0.466,0,3,1,22,6,11714,10630,8242,13,154516,0.4400602332763329,0.6793481412747202
19,61024,827,2,1,87604,84,337,0.331,0.066,0,0,0,0,0,14185,3745,92325,0,214557,1.4355428103236378,0.1619199817362022
71,90429,614,0,0,93423,72,2479,0.109,0.329,0,0,0,37,17,54328,10144,39073,18,104058,1.033097423421431,0.5815208083575955
32,100379,626,2,3,86706,120,732,0.271,0.088,0,0,1,3,5,43535,10254,85393,1,239068,0.8637776449491931,0.5020932565998132
40,39917,645,0,3,39423,72,240,0.127,0.072,0,1,0,21,13,17354,2150,60474,18,132669,0.9875995791372312,0.4401887175324675
46,102809,636,0,2,181122,12,1827,0.23,0.213,0,2,1,9,15,77082,9401,70420,1,102814,1.761715786402101,0.4255781982409743
38,42401,631,0,1,22633,48,203,0.341,0.057,0,0,0,34,18,6104,9142,24910,18,199876,0.5337719918871752,0.2696827781214103
50,95142,815,0,4,62450,12,3478,0.157,0.439,0,1,0,2,26,19877,8843,94075,17,48240,0.6563803958252314,0.3182815327216537
59,39977,759,0,1,63497,48,911,0.267,0.273,0,2,1,18,21,23845,10184,87980,22,-33518,1.5882985642103156,0.3755236385397965
60,53142,618,0,4,66361,72,2140,0.407,0.483,0,1,0,7,13,34760,8731,121846,10,182456,1.248725137835651,0.5237937373798258
58,66110,501,0,4,115565,24,2330,0.625,0.423,0,0,0,9,16,5574,14243,67369,12,194538,1.7480449546974028,0.048232179014589
63,48371,713,0,4,23846,48,600,0.104,0.149,0,0,0,9,32,19814,4291,38072,3,54276,0.492971140329116,0.830880194573741
38,37084,658,2,0,19388,36,475,0.08,0.154,0,1,0,14,17,7467,7069,26942,17,92475,0.5227989753269516,0.3851152715457218
46,57716,542,0,3,31761,72,554,0.367,0.115,0,1,0,46,18,42252,10669,24985,23,85161,0.5502884765320443,1.3302688747559976
51,23616,506,1,1,41490,12,609,0.183,0.309,0,0,0,34,27,7113,391,70188,24,-33442,1.756785366473303,0.1714347689860451
38,87733,576,0,3,92254,36,1844,0.27,0.252,0,2,0,43,13,35600,13392,149061,16,-42721,1.0515193653543666,0.3858869437970841
32,56517,613,1,2,115181,84,438,0.307,0.093,1,0,0,15,12,7041,11164,169743,11,113350,2.0379525107045544,0.0611293431265301
39,66420,850,1,3,80733,24,1526,0.475,0.276,0,2,0,5,10,8356,2419,152743,2,-32879,1.2154740217702231,0.1035003839770109
58,30358,608,0,1,12657,24,243,0.359,0.096,1,3,0,6,33,19992,2153,9860,2,134321,0.4169109654468197,1.5793964291357243
49,106452,558,0,0,228065,84,2473,0.405,0.279,0,2,0,26,28,14604,21358,199679,2,30204,2.142400871746217,0.0640340953934387
55,31297,637,0,3,11497,48,1073,0.169,0.411,0,0,0,6,29,10932,4868,16038,24,86996,0.3673397661192408,0.9507740476604628
50,37033,839,0,3,44612,48,823,0.148,0.267,0,0,1,2,25,14551,6890,45698,0,108479,1.2046227790678836,0.3261605361665882
68,44425,690,0,0,14137,60,1741,0.352,0.47,0,1,1,0,18,33856,4831,11576,18,64633,0.3182145590420024,2.3946810015560898
49,59988,635,0,4,92500,72,1018,0.375,0.204,0,1,1,4,24,30635,8860,94376,12,37136,1.5419493573821867,0.3311856088042291
18,58150,616,0,2,33432,120,2111,0.081,0.436,0,1,1,23,0,41549,5409,33759,0,266901,0.5749170263624014,1.242754165046511
48,89910,790,1,3,70245,120,3391,0.21,0.453,0,1,0,9,27,72694,24885,129642,24,111743,0.7812725917852098,1.034848959371352
35,38427,718,0,1,78298,60,423,0.565,0.132,0,3,0,5,15,2265,656,153564,12,-30994,2.037524721557198,0.0289275725105046
54,39397,524,0,1,17295,84,1650,0.2,0.503,1,4,0,21,30,3331,3419,29099,8,17945,0.4389816741966597,0.1925878815911193
45,15891,509,1,1,9197,120,708,0.254,0.535,0,1,0,16,17,1047,100,11114,22,64206,0.5787188522527058,0.113829093281148
50,61998,567,0,4,123949,36,799,0.423,0.155,0,3,0,34,19,7481,2467,121328,16,-78840,1.9992096646720108,0.0603549818475191
74,132381,566,0,3,97563,24,3715,0.232,0.337,0,2,0,22,54,107457,38137,54845,22,598954,0.7369808584248614,1.1014001065966954
34,53215,605,0,0,109650,120,1742,0.087,0.393,0,3,0,44,11,13119,7027,76245,14,145135,2.0604705351773904,0.1196432317078731
62,89400,671,0,3,174962,120,755,0.273,0.101,0,3,0,35,36,15887,18683,266093,18,-31460,1.957047460319236,0.0908020552916902
38,40365,759,0,3,17326,24,199,0.178,0.059,0,3,0,25,16,7877,5042,18731,14,145989,0.4292226130902244,0.4546084146130317
63,39854,634,1,2,77633,72,906,0.353,0.273,0,1,0,2,42,24679,4054,130572,4,94983,1.947886087065613,0.3178890692222479
67,22354,736,0,0,43418,48,242,0.174,0.13,0,3,0,21,43,10674,1261,26149,5,95722,1.9422053231939165,0.2458370759344987
26,61303,665,0,1,123104,36,2699,0.13,0.528,0,4,1,8,6,31748,18090,70068,7,224795,2.00809082604724,0.2578936680069859
47,36263,743,1,4,6789,84,460,0.149,0.152,0,0,1,4,16,2415,3080,3834,20,118814,0.1872104566512243,0.3556701030927835
25,84670,471,0,3,112061,120,504,0.412,0.071,0,1,0,9,2,17912,15978,45041,2,231360,1.3234873805671363,0.1598400885224251
51,34149,702,0,2,44383,12,739,0.405,0.26,0,2,1,0,12,6094,3880,15031,0,156399,1.299648609077599,0.1373017303532804
64,41748,515,2,3,71824,84,282,0.398,0.081,0,1,0,29,37,26154,735,34464,20,59577,1.7203765359649332,0.3641350504698921
71,52713,516,0,3,20325,60,398,0.722,0.091,0,3,1,3,47,38431,195,29709,20,133870,0.3855711955078347,1.890731083341533
73,76947,501,0,4,166138,72,1041,0.143,0.162,0,1,0,38,23,27899,1889,86368,5,167106,2.1590944533970995,0.1679256526161828
61,29979,745,0,1,26059,48,893,0.117,0.357,0,1,0,25,31,8246,110,26547,13,-1984,0.869212808539026,0.3164236377590176
45,26371,668,0,4,38241,12,1036,0.38,0.471,0,3,0,27,22,1596,4529,71342,21,59371,1.4500606704080086,0.0417342189216045
59,34159,652,0,0,74388,72,507,0.079,0.178,0,3,0,4,33,11867,9336,52660,21,108959,2.1776346604215457,0.1595262740458939
37,102851,669,2,0,95710,36,2899,0.193,0.338,0,2,0,8,5,77716,27338,127574,8,375187,0.9305604169097343,0.8119860831043454
29,48773,773,0,3,89490,72,514,0.582,0.126,0,1,0,44,8,12180,3477,106919,7,13462,1.834789026940583,0.1361030718172777
26,53373,627,0,4,65983,36,1601,0.196,0.36,0,3,0,2,3,46246,1533,93860,4,75837,1.236238618053734,0.7008668768186227
66,72908,678,0,3,7785,36,508,0.114,0.084,0,0,1,18,18,35072,16999,4457,12,240896,0.1067769411183804,4.504495247880811
45,60963,821,2,1,45302,12,597,0.281,0.118,0,2,0,37,19,21365,2340,65709,18,232911,0.7430942851518929,0.4716023221420215
21,44925,656,0,0,65569,84,1087,0.091,0.29,0,1,1,6,1,861,2522,28690,3,97358,1.4594889373636646,0.0131310050327893
56,47319,847,0,0,33518,36,2046,0.38,0.519,0,1,0,17,34,22101,13433,44092,15,67964,0.7083262890955199,0.6593573793967601
46,119051,705,2,2,203906,84,2413,0.261,0.243,0,4,0,19,20,11090,7808,217001,8,23016,1.712747370896751,0.0543875394174795
71,32795,665,0,1,41347,60,1464,0.484,0.536,0,1,1,27,15,12791,2103,61471,24,31851,1.2607330162214905,0.3093499080971268
65,30606,702,0,1,17481,120,842,0.16,0.33,0,1,0,3,31,3194,2347,21307,19,125528,0.571143855980658,0.1827022079853563
43,122748,696,0,3,18198,48,5433,0.297,0.531,0,0,0,22,23,82384,29963,15805,21,223352,0.1482537535947339,4.526842134183197
64,47199,597,0,1,88086,72,206,0.802,0.052,0,1,0,38,31,20248,7124,82087,15,39116,1.866228813559322,0.2298636575204059
55,43732,715,0,1,95213,24,452,0.771,0.124,0,3,0,5,22,51,8465,157162,4,2447,2.1771431184688907,0.0005356355157854
60,62864,695,0,3,91159,72,1556,0.49,0.297,0,3,0,42,22,53340,18792,181539,9,112723,1.450075558736976,0.5851250548486178
73,113676,665,0,3,110233,84,1675,0.7,0.177,0,2,0,34,32,82594,19156,101190,16,378945,0.9697036339804884,0.7492606636790827
56,55242,631,1,1,90659,72,1788,0.489,0.388,0,0,0,36,32,16557,1001,79112,23,-19875,1.641094799341093,0.1826273990734613
42,62063,649,0,0,109966,48,2127,0.129,0.411,0,3,0,1,23,8831,17265,178582,21,-117529,1.7718161897396236,0.0803059099548046
22,60842,816,0,0,67174,36,1760,0.37,0.347,0,2,0,25,2,30731,3172,106822,2,143977,1.104054698157553,0.4574767398585783
24,54256,623,0,3,66239,48,2274,0.097,0.503,0,0,0,0,5,48154,2875,130118,4,-13167,1.2208378642387157,0.7269625603864734
48,105334,672,0,0,53923,120,2321,0.236,0.264,0,4,0,7,26,2601,16636,64984,10,354349,0.5119191152038733,0.0482345523329129
39,38258,644,2,3,21318,60,1021,0.132,0.32,0,0,1,26,13,31410,7364,25847,1,34905,0.5572022269269976,1.4733336460434354
59,36170,694,1,1,62435,48,1062,0.319,0.352,1,1,0,44,27,12574,6605,92576,1,-11373,1.7261065494456886,0.2013902235889551
60,59536,421,0,3,30728,72,1612,0.269,0.325,0,1,0,20,25,43681,768,38126,16,38635,0.5161160286880427,1.4214910996127437
74,48650,700,0,4,22137,48,1066,0.336,0.263,0,3,0,34,18,20557,13324,14079,15,74883,0.4550163408768576,0.9285843346282412
52,81750,723,1,1,8522,24,1881,0.235,0.276,0,1,0,4,16,1570,4790,15637,1,203042,0.1042433731697471,0.184207438695295
53,62023,534,0,1,69129,60,665,0.145,0.129,0,3,0,7,11,32443,3234,97416,7,75014,1.1145524313169095,0.4693042094604369
39,71097,708,1,3,106065,60,2410,0.425,0.407,0,0,0,22,13,2981,7424,172112,12,180827,1.4918141157275873,0.0281051420813455
63,79879,630,0,3,44746,36,3360,0.417,0.505,0,0,0,21,38,11762,4677,85588,12,45223,0.5601652478718077,0.2628556104319842
65,47894,733,0,4,58920,12,1840,0.164,0.461,0,2,0,17,35,8892,12860,105658,13,-14212,1.2301910429063576,0.1509139356086964
18,80846,647,2,3,65250,60,678,0.797,0.101,0,3,0,29,0,55155,5173,93420,0,144787,0.8070800400756986,0.8452744019248747
32,45281,657,0,2,65861,60,193,0.339,0.051,0,3,0,26,5,32599,4265,55696,10,62901,1.4544631420873635,0.4949591570252953
34,82508,673,2,0,33830,24,910,0.117,0.132,0,4,0,45,5,71935,647,39625,12,291944,0.4100158770558363,2.1263042771422658
41,27835,787,0,3,43990,84,259,0.326,0.112,0,0,0,10,18,5185,3297,42453,1,59021,1.5803276332806435,0.1178650178445591
66,102125,611,0,1,52722,36,1985,0.588,0.233,0,1,0,32,32,16706,8108,89138,21,127622,0.5162446389753833,0.316863607913055
45,95011,623,2,3,58728,72,493,0.244,0.062,0,4,0,4,21,43895,686,96535,21,334259,0.6181113964551846,0.747416097668954
44,49084,695,2,1,42757,60,1618,0.197,0.396,0,3,1,21,8,27894,7359,59260,12,209326,0.8710807782418254,0.6523691472940736
26,46962,568,0,3,12124,12,1581,0.11,0.404,0,0,0,1,7,3647,11461,17922,1,156511,0.2581606796840066,0.3007835051546392
28,60482,779,1,1,111689,12,494,0.386,0.098,0,3,0,3,4,42833,17302,141523,10,-26672,1.8466180579667013,0.3834989703644014
65,52198,522,0,1,95209,48,236,0.169,0.054,0,3,0,32,36,44080,11675,57616,21,41716,1.823962144868676,0.4629765780905367
44,57434,521,0,1,119562,60,787,0.099,0.164,0,3,0,35,16,24999,17173,116002,18,21130,2.081692347871507,0.2090864230573003
38,97037,470,0,3,18635,120,1493,0.26,0.185,0,1,1,26,9,42364,23310,30828,16,154069,0.192038170613574,2.2732345996995065
19,73187,632,2,1,7640,48,1389,0.25,0.228,0,0,0,37,0,17729,20566,8380,1,317843,0.1043886976006995,2.320246041094097
32,76454,632,1,3,107009,84,2837,0.376,0.445,0,0,0,38,5,59573,9661,72618,4,303380,1.399633771499575,0.5567049808429119
66,33321,732,0,1,19682,60,951,0.349,0.342,0,4,0,18,42,14434,2900,23464,2,43466,0.5906608246803914,0.7333231722806482
37,63523,642,0,1,102683,24,687,0.12,0.13,0,1,0,43,8,2460,10682,175627,9,82642,1.6164441785781751,0.023956994273694
55,97744,734,0,1,203922,60,1477,0.039,0.181,0,3,0,39,14,17278,29225,98077,12,34395,2.0862652821116168,0.0847280591203542
42,83132,604,1,1,144878,24,1536,0.28,0.222,0,4,0,28,10,51747,3881,79679,12,260671,1.7427255121311631,0.3571739175449858
65,82103,738,0,1,60168,36,510,0.25,0.075,0,4,0,21,29,25000,13121,52121,5,154262,0.732826658871675,0.4154963519420299
65,76039,587,0,4,98350,12,1730,0.191,0.273,0,3,0,33,28,57270,2397,151473,1,163988,1.2933982114676486,0.5823021626623014
67,114171,443,0,0,68997,48,2889,0.245,0.304,0,3,0,8,44,28332,5864,50723,18,132062,0.604325053428161,0.410620597698484
59,64472,659,0,4,81542,72,935,0.56,0.174,0,2,1,36,36,40717,2525,161221,20,72842,1.2647464830239017,0.4993316409747004
24,106817,698,0,0,88740,24,955,0.465,0.107,0,1,1,11,2,71054,16962,35006,3,137142,0.8307588608661461,0.8006896474008632
57,70263,667,1,1,26880,12,2697,0.133,0.461,0,3,1,22,29,23184,7681,45023,3,270937,0.3825572127974496,0.8624679141400989
56,35749,649,0,4,75573,84,992,0.275,0.333,1,3,0,12,14,12428,2057,71352,9,53940,2.11393006993007,0.1644480906131738
44,47252,850,0,3,28844,120,1054,0.528,0.268,0,0,0,40,11,12246,11920,32778,20,44325,0.6104162698664635,0.4245449817992719
56,33812,609,1,0,39468,120,862,0.748,0.306,0,1,0,25,15,8467,147,66337,7,29803,1.1672433679354095,0.2145227900377511
35,90357,611,2,3,59155,84,3699,0.11,0.491,0,0,0,12,9,78100,12882,86255,12,102767,0.6546736315544833,1.3202380147406856
43,35461,791,1,1,61259,24,364,0.268,0.123,0,3,0,7,9,19482,3091,119996,21,-21219,1.727454740285376,0.3180215475024486
56,33781,776,1,1,60836,72,1445,0.188,0.513,1,3,0,4,16,23906,8170,22217,23,27729,1.8008406843881355,0.3929516577083025
61,70242,687,0,3,101910,36,2104,0.261,0.359,0,0,1,19,14,39875,15941,116809,9,117892,1.450820722349558,0.3912727772271884
29,68395,625,0,1,19219,72,1590,0.33,0.279,0,1,0,24,3,43288,17114,20304,2,354343,0.2809959646762968,2.2522372528616024
63,73042,559,0,3,18557,24,1134,0.453,0.186,0,2,0,19,24,3525,3559,35324,18,235635,0.2540558301274592,0.1899450371807307
55,85926,554,2,4,124026,60,2767,0.111,0.386,0,4,1,43,29,38257,9751,140830,22,-23772,1.443387992132857,0.3084570295177662
41,64283,769,0,1,34836,60,683,0.121,0.127,1,1,0,18,17,57535,8934,11887,17,327023,0.5419077842075789,1.6515486408129287
69,34575,569,0,1,38379,48,645,0.216,0.224,0,3,1,4,43,3605,5139,37514,20,-9794,1.1099895881536326,0.0939291297550807
48,73154,735,0,4,40027,24,2424,0.331,0.398,0,1,0,17,9,14801,9876,72433,12,77499,0.5471533046271615,0.3697661636854202
49,40905,669,0,1,7248,12,1554,0.263,0.456,0,2,0,9,13,31879,4725,4040,13,55186,0.1771867207744585,4.397710028969513
44,53088,659,0,1,60110,60,861,0.442,0.195,0,3,1,9,19,32123,8603,18636,9,73777,1.1322496185650512,0.5343947031325381
65,67701,441,0,3,105436,72,1670,0.661,0.296,0,0,0,18,42,43758,14919,49888,12,190801,1.5573542879087767,0.4150156017337367
71,26674,680,1,1,46579,48,943,0.201,0.424,0,3,0,1,26,20866,7271,42834,18,112550,1.7461668228678535,0.4479604980678403
48,33585,621,0,1,12935,12,1240,0.695,0.443,0,3,0,6,29,21624,4497,19144,13,95234,0.3851307092240814,1.6716141001855287
63,56996,694,2,4,99105,24,666,0.199,0.14,0,1,0,7,16,31675,11976,103912,20,65906,1.73877572503816,0.3196072891651363
22,34659,740,0,1,46346,84,266,0.432,0.092,0,1,0,4,2,10542,400,66466,3,61862,1.3371609924985577,0.2274580879021296
68,36343,709,1,4,10513,48,1375,0.038,0.454,0,4,0,38,20,23046,7607,10884,23,189374,0.2892637023992956,2.191934563439224
44,35030,726,0,1,69809,120,1524,0.243,0.522,0,1,0,47,17,28735,9141,52569,10,101429,1.992777825354686,0.4116172468127775
19,78712,502,0,0,108982,120,2436,0.134,0.371,0,0,0,9,0,24765,6115,200194,0,9690,1.3845489309262764,0.2272372755383867
74,53091,656,0,0,13509,84,1830,0.176,0.414,1,2,0,2,35,37052,9944,14089,2,149805,0.2544451141414902,2.742561065877128
30,43962,830,2,0,52313,24,1311,0.329,0.358,0,2,0,2,7,30260,3273,55813,10,153466,1.189932443190865,0.5784302481171388
71,33712,570,1,0,58075,48,189,0.294,0.067,0,1,0,42,34,17529,8952,61954,9,34051,1.7226292528104885,0.3018286383359735
63,29906,616,1,3,19440,12,651,0.319,0.261,0,2,0,7,19,3693,8019,7699,4,89076,0.6500150466445983,0.189959364230235
25,47924,676,0,0,14557,24,2179,0.19,0.546,0,0,0,4,3,36039,10670,12785,5,210581,0.3037454355764215,2.4755460914960845
36,73562,724,1,1,87535,60,3024,0.431,0.493,0,1,0,40,6,56755,9656,70033,16,197378,1.189932438861928,0.6483618168524949
57,47209,663,0,1,94128,84,1747,0.306,0.444,0,3,0,13,38,15428,1005,148229,7,84823,1.9938148697309888,0.1639027292332862
49,91274,687,0,3,11542,72,2132,0.516,0.28,0,0,0,39,29,52722,14798,15048,4,246796,0.1264530265680635,4.567443472234254
46,59943,729,0,2,96204,84,1675,0.304,0.335,0,2,0,34,15,25843,9466,112649,11,160110,1.6048979047110636,0.2686242918767216
57,30861,595,0,1,47398,120,1370,0.118,0.533,0,1,0,7,22,18113,3193,94280,14,-16900,1.535804549283909,0.3821388636891074
48,36729,582,0,4,4207,24,638,0.315,0.208,0,1,1,0,22,21585,5897,4870,0,75278,0.1145385243670024,5.129515209125476
61,55995,616,0,4,96811,60,2246,0.577,0.481,0,1,1,38,21,41643,8346,82025,4,25916,1.7288913493820988,0.4301429574846093
73,50701,709,1,1,6517,60,1441,0.366,0.341,0,1,1,16,31,14504,14245,11253,6,255071,0.128535363496509,2.22522246087757
51,15893,594,0,3,15212,12,151,0.226,0.114,0,1,0,6,12,1742,2083,7262,16,14512,0.9570907260601484,0.1145073292578715
69,44119,676,1,4,40267,48,887,0.481,0.241,0,2,0,12,39,15565,11232,66684,5,-16061,0.9126699909338168,0.3865352140657594
33,71063,656,0,3,79303,48,546,0.273,0.092,0,3,0,45,6,56958,18434,115304,12,163995,1.1159377462568951,0.718223544840109
63,143044,802,0,1,195818,24,1162,0.548,0.097,1,3,0,27,27,109147,37752,81840,4,643419,1.3689258624908245,0.5573871789765038
18,121723,608,2,1,118132,72,4499,0.111,0.444,0,1,0,24,0,59950,19537,216879,0,-74811,0.9704906181196806,0.5074788585746574
59,72543,850,0,0,48623,12,845,0.342,0.14,0,0,0,42,26,23545,10216,27270,5,361522,0.6702552933392149,0.4842258966765383
62,50075,516,2,1,52741,24,2276,0.291,0.545,0,3,0,34,17,40254,2711,24428,13,77317,1.0532191069574248,0.7632247544651322
72,135293,571,0,1,85367,48,645,0.496,0.057,0,0,0,5,22,10066,38009,78273,8,69610,0.6309740269339364,0.1179130353293974
44,67911,502,0,1,122561,60,657,0.306,0.116,0,2,0,22,9,56350,17419,142385,16,199235,1.8047031452467897,0.4597673014474306
60,141574,756,0,1,290992,60,2656,0.299,0.225,0,0,1,47,26,45679,27963,228644,16,341681,2.0553911354405794,0.1569762846528954
35,95050,722,0,0,205594,24,3030,0.278,0.383,0,1,0,18,7,15028,16512,212276,9,-70981,2.1629861863631104,0.0730951628201074
28,56348,614,1,1,122039,48,955,0.095,0.203,0,1,0,9,4,14959,13775,58291,0,13647,2.165770466201707,0.1225745657161586
35,35154,720,0,3,56784,48,1105,0.077,0.377,0,1,0,25,15,9670,8590,80960,9,-31139,1.6152467643293984,0.1702914502069208
53,97185,715,0,2,118763,120,4195,0.345,0.518,0,0,0,4,34,37398,960,118419,0,70396,1.2220175745477744,0.3148934020410225
41,62795,711,1,1,129427,84,944,0.238,0.18,0,1,0,20,11,40550,8746,57011,13,71659,2.06107076883878,0.3133016039805915
59,53247,601,0,1,87175,120,429,0.341,0.097,0,4,1,28,35,40576,14811,159809,3,117382,1.6371506911057692,0.4654492062035422
56,25801,772,0,1,11497,24,225,0.397,0.105,0,3,0,4,24,8782,5460,18392,14,106865,0.4455856135183319,0.7637850060880154
52,65283,690,0,4,100347,120,2349,0.378,0.432,0,3,1,29,10,17712,17474,114226,21,77712,1.5370841247472582,0.1765057599553553
50,39812,850,0,1,52085,48,893,0.169,0.269,0,0,0,48,16,13783,6810,78985,22,76425,1.3082410268002913,0.2646200514533656
64,58328,747,0,0,100495,60,2274,0.107,0.468,0,2,0,38,40,42892,9340,160928,10,81091,1.722899415385143,0.4268030568380831
45,41382,834,1,4,16619,12,676,0.113,0.196,0,4,0,13,9,25051,12406,6273,0,78051,0.4015900248894473,1.507280385078219
39,37756,767,1,0,39158,60,322,0.255,0.102,0,1,0,30,14,14069,8541,33339,2,47591,1.0371057022538868,0.3592788375596925
22,25792,712,0,2,17102,24,376,0.525,0.175,0,3,0,13,1,9568,5003,32211,0,42852,0.6630481138293335,0.5594340174238438
52,51307,584,0,3,6166,120,249,0.384,0.058,0,0,0,12,28,6764,14819,9136,15,173124,0.1201761908474312,1.0968055780768606
32,101932,776,1,3,138812,12,2228,0.293,0.262,0,2,0,6,4,66548,20200,66555,3,464269,1.3617964741545918,0.4794075482843826
69,70797,832,1,3,144459,12,1337,0.387,0.227,0,0,0,34,50,33788,4604,271428,24,87760,2.040438995451849,0.2338917347362591
46,67897,605,1,3,73930,60,648,0.279,0.115,0,3,1,22,19,52193,5389,83720,7,94528,1.088839141064538,0.7059690792766228
50,39941,660,2,4,64151,120,221,0.318,0.066,0,3,0,47,23,20845,6385,57611,22,63048,1.6061038505833458,0.3249314128943759
19,114718,742,2,1,58622,120,4401,0.503,0.46,0,1,0,46,0,15050,17301,78814,0,79133,0.5110051517185471,0.2567251761254115
43,114974,653,1,3,224750,48,1065,0.357,0.111,0,0,0,11,24,67060,17074,302176,4,156281,1.954772776690585,0.2983746457190401
23,65797,665,1,3,63209,84,532,0.237,0.097,0,1,0,0,1,42981,10524,84906,5,219947,0.9606522994619896,0.6799715234931182
59,49081,710,0,3,14824,72,330,0.739,0.081,0,0,0,40,27,26073,3268,6379,23,234302,0.3020251823479076,1.7587183811129847
59,36176,640,2,4,36824,72,1336,0.181,0.443,0,1,0,20,24,21478,7239,70864,19,50119,1.017884291124195,0.583245078071962
34,60696,696,0,3,52234,36,1395,0.054,0.276,0,1,0,28,15,52047,5511,17994,6,265951,0.8605697151424287,0.9964008806355892
70,45884,579,1,3,92962,84,912,0.13,0.239,0,3,0,23,42,31307,6285,62489,9,109449,2.0259779884493843,0.3367683917257403
25,39310,702,2,3,53347,72,1240,0.177,0.379,0,3,0,39,5,2508,9259,75493,6,1805,1.3570501895143854,0.0470120716802879
66,55585,739,1,3,13887,72,1813,0.098,0.391,0,3,0,18,26,44850,6940,6752,18,261613,0.2498290936566761,3.22940668202765
43,66029,755,0,3,44135,60,1440,0.222,0.262,1,0,0,46,9,5178,17316,50337,20,225108,0.6684082992579131,0.1173191952147906
48,164253,646,1,1,241787,60,5887,0.148,0.43,0,1,0,48,16,25134,12843,256802,4,362330,1.4720311225297404,0.1039505682664152
67,51741,673,0,0,53590,84,1619,0.137,0.375,0,4,0,31,45,13014,12421,45986,16,109800,1.0357156661899425,0.2428392827153813
46,50822,620,0,1,37145,36,444,0.222,0.105,0,3,1,1,27,17485,8009,27917,13,47364,0.7308698817464534,0.4707101706778657
70,67194,850,0,0,8378,24,1849,0.294,0.33,0,2,1,47,28,38140,3987,10626,16,185040,0.1246818959744028,4.551855830051319
59,84692,714,1,3,160995,60,2783,0.203,0.394,1,4,0,3,27,53998,20895,274951,4,-82399,1.900924515603415,0.3353996372580685
46,32359,658,1,3,44952,48,182,0.422,0.067,0,4,0,19,19,19716,8429,55032,10,108221,1.3891223733003708,0.4385914177029342
67,23240,507,0,2,15240,48,977,0.35,0.504,0,1,0,12,23,4922,1099,25003,9,60583,0.6557377049180327,0.3229446886687225
27,95274,560,1,4,79477,48,2028,0.395,0.255,0,1,0,9,7,24522,17812,113723,8,179464,0.8341852532143794,0.3085382118322051
33,39617,574,0,1,33991,36,993,0.239,0.301,0,0,0,1,7,28670,10081,55353,10,145731,0.8579686001312534,0.8434337491174394
34,78526,791,0,2,150302,24,3400,0.33,0.52,0,1,1,33,11,37281,13408,191371,14,-62718,1.914016834973958,0.2480389612981776
33,87853,612,0,0,94921,60,2118,0.327,0.289,0,4,1,27,10,38023,4724,154699,1,160813,1.080440275912309,0.4005709951328459
55,32547,820,0,4,64539,48,1068,0.212,0.394,0,3,0,11,35,25877,2245,77629,23,60206,1.9828868133218631,0.4009451502943911
32,67202,525,1,0,138923,84,1220,0.275,0.218,0,3,0,20,8,25950,11407,126916,6,-54256,2.067214261268098,0.186792778785523
63,31428,692,0,0,46969,12,407,0.17,0.155,0,3,0,6,17,17196,920,71977,8,75135,1.4944478029845047,0.3661060251224186
74,49638,581,0,1,68213,84,295,0.102,0.071,0,3,0,10,48,35237,4091,48845,9,194794,1.374181591087653,0.5165655144105316
33,57725,680,0,1,63738,72,1731,0.173,0.36,1,3,0,15,11,4977,3451,104544,8,-30389,1.10414717804802,0.0780840615635639
48,67950,610,0,4,25055,24,1697,0.267,0.3,0,4,0,6,26,41921,2520,45508,11,263139,0.3687215787847125,1.6730922733077906
40,44627,717,0,0,14738,36,296,0.189,0.08,0,3,0,27,12,7385,4414,9460,13,55499,0.3302411042394909,0.5010516317253545
75,46390,546,0,2,49297,60,2074,0.362,0.536,0,1,0,43,52,10010,379,52917,3,38986,1.0626414606281391,0.2030508337052213
40,91957,569,2,3,121245,48,3154,0.539,0.412,0,4,0,0,14,42818,18923,241718,4,97866,1.318482350638335,0.3531497946324002
41,57928,724,0,2,35437,120,2375,0.42,0.492,0,3,0,2,14,40718,14729,49627,0,82546,0.6117316024788966,1.1489926068062533
50,29713,608,2,4,43058,84,146,0.051,0.059,0,1,0,26,25,7582,1829,62147,22,-13263,1.4490812411657803,0.1760839777979052
68,32212,602,2,0,36941,72,331,0.51,0.123,0,1,0,0,27,6569,3649,53554,1,47050,1.1467730419395896,0.1778192842834713
45,67236,549,1,3,48345,12,1007,0.285,0.18,0,4,0,28,26,47026,16130,51012,24,68496,0.7190237518033226,0.9726968104910436
63,25669,577,0,4,50775,24,417,0.335,0.195,0,3,0,15,20,1154,2944,46257,11,45436,1.9779898714452668,0.0227272727272727
30,49723,592,2,1,74752,120,1770,0.131,0.427,0,3,0,44,6,35572,13117,85662,11,141052,1.5033384281232405,0.4758605005819164
42,58639,600,0,3,23707,120,1786,0.088,0.365,1,1,0,45,7,22501,5189,43807,21,122310,0.4042803547066848,0.949088915134132
39,115313,641,0,0,167508,60,1737,0.297,0.181,1,2,0,32,20,74435,849,53802,6,414310,1.4526250065039803,0.4443641834170104
56,82871,733,0,1,132865,72,3048,0.23,0.441,0,0,0,25,33,48014,21372,172957,4,-56574,1.6032556231296458,0.3613716074842322
49,30920,530,0,1,65558,12,1192,0.168,0.463,0,4,0,38,26,5012,5074,34833,6,71443,2.120177225833576,0.0764502204121478
22,55763,690,0,0,92585,12,1992,0.432,0.429,0,2,0,8,3,25681,9240,122912,4,177114,1.6603005523276666,0.2773745490678936
66,45876,663,0,2,41347,12,1400,0.256,0.366,0,3,0,36,46,33395,4781,23186,7,199214,0.9012577108354948,0.8076569604333946
71,60873,564,0,1,25915,24,1117,0.448,0.22,0,2,1,36,23,49488,12340,28731,14,268973,0.4257154121628281,1.9095539435098008
34,30400,601,2,1,58063,24,916,0.259,0.362,0,0,0,6,15,4180,4105,79953,1,40529,1.9099042794644916,0.0719895287958115
67,63845,772,0,1,101018,60,2422,0.403,0.455,0,2,0,47,21,50031,6756,133092,0,179785,1.5822134511167496,0.4952632673061503
30,89958,661,0,3,94780,36,926,0.026,0.124,0,0,0,42,5,65503,9065,116103,9,82797,1.0535910803810624,0.6910984268999061
56,27131,539,0,1,36429,60,669,0.335,0.296,0,1,1,30,18,2174,7082,43967,17,95490,1.34265811587793,0.059676091133681
60,39387,736,0,4,73758,60,576,0.191,0.175,0,1,1,24,25,5046,18,25883,6,47760,1.8726007921194272,0.0684119904011713
44,165738,621,0,3,79216,72,4075,0.178,0.295,0,3,0,13,17,147802,41389,157298,4,446664,0.4779563047924749,1.865786384235707
50,38250,670,1,1,56723,120,1042,0.227,0.327,0,0,0,11,18,26317,9558,105176,23,46897,1.4829154793338737,0.4639482406036245
25,72147,670,0,3,93166,36,1649,0.39,0.274,0,2,1,42,5,5842,8768,72799,6,9143,1.2913178466485558,0.0627046057080296
28,45145,642,0,1,34503,48,1690,0.178,0.449,0,2,0,39,3,11763,11462,58776,10,128662,0.7642537544854472,0.3409169951309993
36,40798,791,0,4,37532,36,1162,0.167,0.342,0,1,0,18,11,32575,1715,28348,15,201181,0.9199245079536263,0.8679029121040152
71,65824,642,1,1,71759,120,2908,0.658,0.53,0,1,0,3,42,35981,17130,75523,11,12298,1.090148120015192,0.501407469342252
57,46970,655,0,3,34157,84,1366,0.19,0.349,0,0,0,19,36,5263,13685,62169,14,162192,0.7271933746354133,0.154078107617542
35,55862,738,0,0,112665,24,2503,0.343,0.538,0,1,0,1,14,28319,9215,51803,0,263930,2.0168089791096078,0.2513535583050787
43,63065,790,0,0,62614,84,2875,0.363,0.547,0,3,0,5,17,32357,9702,111418,10,240711,0.9928329052104145,0.5167611594665815
22,71159,597,0,3,69347,60,1315,0.672,0.222,0,0,0,5,1,29552,10177,126432,0,244574,0.974522203485104,0.4261406240987483
54,44468,700,0,4,13564,120,1854,0.508,0.5,1,1,0,15,16,21647,4704,20525,5,172612,0.3050214756347118,1.595798009583487
75,46110,655,2,3,60857,72,807,0.516,0.21,0,1,1,36,23,14993,483,110186,23,-18172,1.3197935416711848,0.2463603799007525
65,71814,641,1,3,141715,120,1611,0.21,0.269,0,1,0,12,44,27282,7285,203345,1,-105607,1.9733342616445035,0.1925117841316435
36,88526,712,2,3,116419,84,1076,0.035,0.146,0,3,0,44,7,79572,8467,61781,15,301711,1.3150677194528222,0.6834908091393231
28,43174,576,2,1,9373,36,384,0.176,0.107,0,4,0,34,6,30679,2070,10369,2,160381,0.2170932252460914,3.2727757627480263
48,49914,621,1,4,70705,48,1052,0.234,0.253,0,2,0,41,24,9022,2472,24764,3,64568,1.416508063708304,0.1275987893530959
49,100406,583,0,3,25131,36,2455,0.473,0.293,0,0,0,6,25,58169,27580,10421,2,291803,0.2502913143505931,2.314539232850549
74,120113,636,0,1,153916,84,3855,0.132,0.385,0,0,0,14,36,38487,13986,186006,10,251237,1.281415988144596,0.2500503518129901
65,94647,780,0,4,129984,120,2541,0.237,0.322,0,3,0,10,14,41427,21110,198982,16,308339,1.3733412222128307,0.3187060045389853
56,33786,715,2,0,45640,120,310,0.518,0.11,0,3,0,25,28,28329,616,30128,5,78343,1.350815402373694,0.6206919217370347
75,73196,655,0,4,40470,24,2074,0.164,0.34,0,1,0,35,52,22741,9961,75725,1,14008,0.552891511947211,0.5619085270934744
22,44206,713,0,3,27715,12,1897,0.044,0.515,0,0,1,31,3,24534,8750,9543,2,82246,0.6269369104440473,0.8851926684947323
29,54258,563,1,3,51082,12,2243,0.297,0.496,0,3,0,9,9,31581,15335,15762,8,246486,0.9414475017969368,0.6182291564708415
73,37238,619,0,0,18812,60,1408,0.288,0.454,0,1,0,24,25,25756,2715,32915,2,42623,0.5051693117430651,1.369053314197629
22,106512,501,1,1,17759,120,576,0.506,0.065,0,4,0,47,3,61737,10441,33295,2,294012,0.1667308215898529,3.4761824324324326
61,63391,762,2,1,27171,24,1930,0.158,0.365,0,0,0,15,21,38482,3517,22908,15,142898,0.4286187531549722,1.4162373031061386
72,76238,587,1,0,54459,12,1669,0.179,0.263,0,4,0,43,27,43579,13461,23834,22,366255,0.7143194428048637,0.8002019831068674
66,73172,581,2,0,9659,48,704,0.323,0.115,0,3,0,15,33,51894,11471,17522,2,276617,0.1320022412638541,5.372049689440994
43,73956,707,0,3,31336,24,1845,0.629,0.299,0,1,0,42,20,60601,7675,10310,18,184883,0.4237056668063875,1.9338481667038965
34,43890,623,0,3,51514,60,469,0.285,0.128,0,1,0,4,12,26828,7116,89948,2,33201,1.173680253354902,0.5207803552363389
72,48239,746,0,4,92325,60,1111,0.199,0.276,0,2,0,15,49,30377,3912,152930,11,74653,1.91386815920398,0.3290189112492689
52,78087,569,0,1,110799,36,3478,0.259,0.534,0,2,0,19,17,31507,14851,68140,12,53281,1.418899190656695,0.2843592057761733
27,69257,642,0,3,8607,24,2994,0.452,0.519,0,3,0,23,8,27302,2392,14381,6,153918,0.1242744520488607,3.171700743494424
62,48261,664,0,0,20016,120,1649,0.165,0.41,0,4,0,7,14,28929,5986,11952,2,160826,0.4147362314035887,1.4452215616725783
44,71109,515,0,0,61567,24,2914,0.46,0.492,0,0,1,22,17,19212,14168,82365,2,202527,0.8657994656166502,0.3120452182952183
41,74936,696,0,1,120927,120,991,0.299,0.159,0,3,0,7,13,38934,16269,226146,13,78189,1.6137155210376717,0.3219601746493781
25,36539,617,0,1,72932,120,867,0.455,0.285,0,3,0,39,3,18285,4012,41540,5,130496,1.9959496442255065,0.2507095553453169
71,47610,758,2,1,19448,48,1140,0.181,0.287,0,1,0,5,42,8750,4164,14356,22,76871,0.4084770326185125,0.449894596123194
33,141075,603,0,0,212857,120,6131,0.014,0.522,1,0,0,44,9,116743,756,248069,12,-17323,1.5088108537242335,0.5484548384368922
62,61092,494,0,0,99949,72,1420,0.228,0.279,0,1,0,6,17,5909,15342,193161,15,-32710,1.6360139459512546,0.0591195597798899
59,52852,650,1,3,87706,72,280,0.162,0.064,0,1,0,18,13,22978,9272,130473,16,-174,1.6594327663519572,0.2619859304274459
37,50187,613,0,0,100302,36,646,0.41,0.154,0,2,0,47,5,25412,7184,99052,15,150605,1.9985255439547305,0.2533523424025203
73,31869,624,0,2,17044,72,523,0.089,0.197,0,3,0,42,54,2191,9499,30147,1,93939,0.5347976153122058,0.1285420944558521
31,59830,654,0,1,42324,24,1849,0.195,0.371,0,2,0,41,8,24625,3333,50093,12,41364,0.7073924888435761,0.5818074424099232
34,34687,496,1,3,56762,36,983,0.034,0.34,0,0,0,7,11,6412,6852,24886,12,60052,1.6363583948339484,0.1129609076334936
45,48083,736,1,0,34842,36,239,0.315,0.06,0,1,0,4,13,12258,1592,27377,12,61764,0.7246069378587472,0.3518066756593864
64,46036,780,0,1,46851,48,918,0.255,0.239,0,4,0,38,38,18600,12329,86944,7,139210,1.0176814301540065,0.3969947921113293
59,66416,606,0,1,140472,60,444,0.254,0.08,0,3,0,42,23,7240,299,72676,15,231104,2.115000677537377,0.051540153623828
19,75876,620,0,1,51920,36,408,0.319,0.065,0,3,1,10,0,49491,21347,95876,1,184551,0.684265324143021,0.953198127925117
25,86695,620,1,3,13737,84,1002,0.348,0.139,0,1,0,24,3,70009,21226,12983,7,478829,0.1584502168496816,5.096011064201485
22,39369,665,0,2,64282,84,187,0.117,0.057,0,1,0,20,2,31915,6308,99401,0,73778,1.632766065532131,0.4964765178974223
25,79086,757,0,0,154435,120,3367,0.326,0.511,0,1,1,35,2,57312,16336,227872,5,-55586,1.9527229506745736,0.3711051827294154
42,52493,647,0,0,95616,24,867,0.606,0.198,0,1,0,8,8,36897,8300,155701,2,134050,1.8214653103211795,0.3858832634364182
26,52572,488,0,4,31440,120,313,0.044,0.071,0,2,0,18,2,8096,2247,43762,5,182157,0.5980256024955776,0.2574981711777615
48,40486,821,0,3,54652,120,803,0.358,0.238,0,2,0,22,14,21146,10310,47659,13,167716,1.349865388890261,0.386913801621137
48,28599,606,0,0,54827,48,660,0.195,0.277,0,0,0,5,13,12348,6652,71843,5,57964,1.917027972027972,0.2252133946158896
19,29056,814,0,4,24316,72,334,0.242,0.138,0,3,0,11,0,3696,2437,25317,0,118936,0.8368379392229067,0.1519924332771312
22,40729,781,0,1,87486,12,457,0.072,0.135,0,1,0,28,3,18176,1276,151816,3,16268,2.1479499140682545,0.2077565809777452
73,96181,665,0,4,145939,12,1213,0.109,0.151,0,3,0,16,29,4338,25490,145353,15,348353,1.5173213283150693,0.0297245443332876
68,48556,588,0,0,94939,12,576,0.355,0.142,0,2,0,44,23,11003,8617,167696,18,77947,1.955207282163231,0.115894248999368
45,25172,740,0,1,24113,12,244,0.027,0.116,0,4,0,34,22,5998,1715,32997,6,66067,0.9578913915703332,0.2487351745873766
61,38806,573,0,1,58414,60,635,0.279,0.196,0,1,1,3,28,30241,5961,52616,4,75790,1.5052438992965187,0.517692373534195
38,117019,507,0,2,73900,84,3183,0.047,0.326,0,0,0,21,8,23998,22507,43825,17,433169,0.6315159801743292,0.3247317357004641
58,35172,712,0,1,19709,72,617,0.098,0.211,0,3,0,9,15,20439,5545,7630,16,141611,0.5603445824922526,1.036986301369863
38,120699,550,0,1,36010,24,4845,0.53,0.482,0,3,0,24,8,69110,23275,24916,16,178491,0.2983429991714996,1.9191358196106745
49,73868,717,0,1,31991,84,3314,0.33,0.538,0,0,0,6,10,30829,17478,54618,0,66270,0.4330774749895084,0.9636471617904476
34,92724,790,0,1,10576,12,3556,0.443,0.46,0,1,1,32,12,80704,8303,15690,15,300808,0.1140576974925856,7.630140871702752
69,32752,637,0,4,67027,36,1201,0.315,0.44,0,2,0,31,50,17952,1214,94667,12,73328,2.046438494183739,0.2678283702333353
74,54694,795,0,0,18224,72,2408,0.213,0.528,0,1,0,17,23,45420,704,30516,21,99389,0.3331931620806289,2.492181069958848
18,47836,706,0,1,59047,72,763,0.201,0.191,0,2,0,20,0,5959,6238,52623,0,-13046,1.2343374375483411,0.1009178973038883
21,57670,613,0,0,112361,120,897,0.347,0.187,0,3,0,16,2,6225,1113,128413,0,86471,1.9483102425829275,0.0554012922518289
39,66986,591,0,3,100203,120,2850,0.282,0.511,0,3,0,35,18,59709,18290,160524,18,-32016,1.495857405168167,0.5958744161909704
21,56953,797,0,1,16181,36,1436,0.158,0.303,0,0,1,36,0,17209,8622,18054,3,168141,0.2841064718895951,1.0634655790384375
57,82539,520,0,0,43028,84,1757,0.388,0.255,0,0,0,21,23,36862,5278,75072,9,248420,0.5212987642355221,0.8566780543354482
54,40601,792,0,0,55789,84,224,0.367,0.066,0,1,0,2,25,27237,11444,98732,3,46231,1.3740456135165755,0.4882057716436637
26,35637,657,1,2,35198,24,519,0.215,0.175,0,0,1,14,3,2174,720,39819,3,-976,0.9876536281497278,0.0617631182704054
37,55052,712,0,3,30237,48,346,0.335,0.075,0,0,1,39,5,11025,10561,34865,16,100857,0.5492343741485478,0.364607447582512
26,67361,661,0,1,128685,24,2744,0.587,0.489,0,3,0,6,5,32744,709,202084,7,-52223,1.9103500489890444,0.254448813390734
59,37685,534,2,1,24074,24,294,0.107,0.094,0,4,0,25,34,18070,8296,42025,20,81978,0.6388048612216738,0.750571131879543
60,35258,785,0,3,42443,84,542,0.286,0.184,0,1,0,15,35,5271,4505,60110,4,80910,1.203749397316997,0.1241871642635001
50,25974,600,2,4,16748,24,221,0.507,0.102,0,0,1,42,15,20683,4592,15331,1,92694,0.6447738209817132,1.234879694310108
49,45489,743,2,0,94225,48,1205,0.406,0.318,0,0,0,32,21,20264,13030,60942,11,186919,2.0713343591998243,0.2150574151508076
47,25652,740,0,1,24809,48,427,0.261,0.2,1,1,0,41,26,18990,911,25884,7,30973,0.9670993645967332,0.7654171704957679
62,58677,465,1,2,60574,60,2483,0.178,0.508,0,0,0,33,38,8324,9464,83332,7,29438,1.032311939738914,0.1374164259182831
64,149930,578,0,1,95072,60,6648,0.494,0.532,1,0,0,4,42,120298,38614,49988,24,521290,0.6341050216432893,1.265322436443575
55,11204,516,2,4,19798,84,57,0.394,0.061,0,0,0,32,26,7587,2948,27321,18,-7313,1.7668897813476128,0.3832011717763523
56,76636,551,0,1,40909,36,2014,0.562,0.315,0,2,0,6,20,62185,11942,51833,15,269111,0.5338022104205541,1.520043999022244
58,86478,817,0,1,130145,12,1758,0.205,0.244,0,2,0,9,12,55975,4931,192518,11,6330,1.504931833161808,0.4300938945491986
64,37365,693,0,1,21755,12,237,0.686,0.076,0,3,0,4,14,27975,9471,9495,12,101052,0.5822137772306375,1.2858521787093216
44,48498,596,0,0,33275,12,884,0.171,0.219,1,1,0,0,21,34688,9159,50579,15,146283,0.6860966205488773,1.042432984733742
73,36283,635,0,1,8644,60,1072,0.228,0.355,0,0,0,13,46,21489,279,4496,13,141020,0.2382317274831882,2.4857142857142858
44,90244,698,2,0,31354,60,774,0.39,0.103,0,1,0,22,12,77238,19550,50680,21,485931,0.3474319906920051,2.4633391803540103
69,16123,725,0,1,11775,84,104,0.5,0.077,0,3,0,33,36,9395,4441,8863,15,31862,0.7302778466881668,0.7978091032608695
26,47809,560,0,1,79198,48,643,0.261,0.161,0,3,0,37,6,22354,2265,138739,5,-60525,1.656515373352855,0.2822510385232137
74,11549,724,2,4,22604,12,419,0.313,0.435,0,1,0,7,19,7371,3016,22361,5,20677,1.9570562770562767,0.326078301260783
36,41440,613,0,0,5815,36,1520,0.427,0.44,0,1,1,30,13,22622,12393,1749,9,170515,0.1403199729736251,3.889614855570839
54,83572,638,1,1,122855,48,2055,0.67,0.295,0,1,0,28,17,46560,14992,232152,0,123312,1.4700321874289544,0.3789802695839031
30,28717,673,1,1,24193,12,978,0.131,0.409,0,2,0,48,9,14722,8485,12931,2,39789,0.8424333170833623,0.6084979747044722
59,49451,595,1,3,31274,120,1816,0.344,0.441,0,1,1,35,29,32466,12927,10031,17,239732,0.632411227048451,1.0380815347721823
31,31752,714,0,3,32881,36,558,0.378,0.211,0,0,0,30,11,5293,3718,42817,11,88431,1.035524202437565,0.1609695274010096
74,120494,748,2,1,24269,84,4917,0.206,0.49,0,1,0,29,48,45138,21327,12887,1,338009,0.2014108469231088,1.8598269468479605
36,48684,476,0,4,9578,36,492,0.133,0.121,1,2,1,35,8,6081,4532,10398,15,238459,0.1967341070144808,0.6348261822737238
70,61818,562,2,0,9664,60,322,0.569,0.063,0,3,0,29,50,32877,2069,15294,7,94919,0.1563273427263462,3.4016554578375584
75,144115,606,0,1,128655,12,1427,0.233,0.119,0,3,0,5,17,97481,7930,119690,13,200618,0.8927183657609148,0.7576871657754011
64,108794,649,0,0,62949,24,4063,0.174,0.448,0,0,0,17,27,76240,28150,121440,13,149050,0.5786019578105611,1.211119936457506
63,86877,850,2,2,74368,24,1378,0.149,0.19,0,1,0,9,39,13175,5761,142339,6,285584,0.8560049724901586,0.177157148812005
51,165817,694,1,4,241922,60,4307,0.212,0.312,0,0,0,30,32,98388,22335,303084,5,327873,1.4589610295625324,0.4066913852754802
19,36858,562,0,0,50770,84,815,0.417,0.265,0,0,0,16,0,11516,7957,61928,0,7071,1.3774112157139369,0.2268223986133816
53,75040,625,1,3,126583,120,1416,0.471,0.226,0,3,0,13,27,36068,18887,213809,24,136,1.6868511880172172,0.2849333249067812
56,58897,552,1,4,74537,60,1434,0.425,0.292,0,3,0,0,13,12724,3896,106154,19,58507,1.2655268430167408,0.1707048753655853
49,27142,577,1,1,28116,120,999,0.143,0.442,0,3,0,9,19,10880,211,40724,6,102394,1.0358471797516855,0.3869545115054948
72,29069,603,0,4,50199,24,915,0.363,0.378,0,1,0,33,17,15862,1166,57748,15,2977,1.7268317853457171,0.3159760956175299
30,47116,625,1,0,89359,120,1337,0.165,0.341,0,1,0,9,4,12768,5496,167847,9,20372,1.8965341596451384,0.142882721575649
43,35688,761,0,1,71129,72,314,0.198,0.106,0,0,0,5,9,13617,1007,136308,11,56642,1.9930230603267116,0.1914382117250105
58,145715,598,0,0,62896,72,1281,0.489,0.105,0,2,0,25,26,38311,31497,107177,15,324722,0.4316341376375964,0.6091069526368508
18,43808,677,0,0,54191,120,581,0.307,0.159,0,1,1,47,0,20240,5205,71647,0,61383,1.2369832682782076,0.373486861529377
49,35587,795,0,0,77075,48,331,0.173,0.112,0,0,0,44,30,29572,9249,62122,22,10390,2.165758120714848,0.3836732575639628
69,78083,590,0,3,102408,24,618,0.296,0.095,0,3,0,29,23,42607,18119,149777,15,255844,1.3115106808052863,0.416047417707428
20,54915,623,0,1,99748,72,1531,0.437,0.335,1,0,0,8,1,3964,10092,148249,0,-66501,1.816374098623352,0.0397397467643785
69,87092,723,1,3,69350,72,835,0.218,0.115,0,1,0,3,15,40822,10579,125858,16,258162,0.7962752460014008,0.5886288589926605
31,51877,612,0,1,67479,84,1544,0.072,0.357,1,1,0,31,9,12952,10967,123860,4,110833,1.300724777362273,0.1919383521043272
29,54355,593,0,3,100064,24,1335,0.478,0.295,0,3,0,46,6,4444,13256,88937,0,164130,1.840900728530429,0.0444111327637035
61,46042,571,2,4,50395,36,1994,0.68,0.52,0,2,0,23,42,24426,13403,85999,13,111905,1.0945203396824708,0.4846813239145964
53,188718,627,1,1,350237,120,7220,0.408,0.459,0,1,1,48,19,37737,21626,532865,4,2933,1.8558650692299128,0.1077467322220889
52,48256,513,2,4,105768,48,959,0.071,0.238,0,0,0,6,17,920,7435,43547,1,121461,2.191764925295812,0.0086982007960744
52,67672,778,0,2,52627,84,2089,0.461,0.37,0,4,0,6,31,33401,15748,95812,6,229009,0.7776661297711052,0.6346621570266778
21,53422,583,2,1,86276,120,630,0.163,0.142,0,3,0,43,1,11484,9530,143873,0,-46592,1.6149598487542818,0.1331061580722556
19,68961,662,1,0,71783,60,1438,0.392,0.25,0,3,0,18,0,10459,8464,58114,0,197914,1.040906586235898,0.1457009918644823
24,64021,662,0,4,132604,60,1309,0.475,0.245,0,3,0,39,3,51863,3423,59018,6,200214,2.071225516228796,0.3911089325440217
34,97884,555,0,3,199898,48,978,0.374,0.12,0,3,0,31,15,68962,19728,185980,14,78098,2.0421719364560453,0.3449842170295999
57,105004,572,0,1,136743,84,3358,0.407,0.384,0,4,0,42,26,38543,856,142432,9,190222,1.3022522737012523,0.2818624583162698
23,36037,681,0,1,27304,36,880,0.399,0.293,0,3,0,0,2,26944,6430,46749,3,131842,0.7576447083633941,0.9867789782091192
68,20199,549,0,3,33379,36,267,0.288,0.159,0,3,0,32,28,12431,959,60826,6,33505,1.6524257425742577,0.3724086279209107
38,90881,777,1,1,20782,12,1855,0.298,0.245,0,3,0,33,14,61962,18189,40871,17,241279,0.2286701437028234,2.9813790116922485
63,68289,666,1,1,38809,60,2107,0.283,0.37,0,1,0,3,28,48309,3111,27977,18,333326,0.568296968809489,1.2447565060551404
21,53399,773,2,3,104940,12,1077,0.313,0.242,0,3,0,30,1,36445,5116,74489,1,73435,1.965168539325843,0.3472903822147683
39,167392,593,1,1,329173,120,2614,0.354,0.187,0,4,0,27,7,149917,27381,248568,14,355627,1.9664681318812616,0.4554339042573229
30,132575,737,0,4,99647,84,1732,0.375,0.157,0,2,0,1,6,70118,3387,76149,7,314611,0.7516217113202993,0.7036568721901092
50,61200,566,0,2,94936,36,1179,0.172,0.231,0,2,0,41,13,48343,17841,36932,3,283250,1.5512164833907942,0.5092113717517933
39,53967,654,2,4,17009,120,1486,0.298,0.33,0,0,0,17,20,22474,8188,10686,11,67298,0.3151682478505781,1.321222810111699
66,48121,705,0,4,39757,12,1391,0.176,0.347,0,3,0,30,37,35864,12134,22681,13,165868,0.8261709820871951,0.9020574475577242
66,35864,663,0,0,49116,84,1515,0.198,0.507,0,1,0,21,44,15769,8380,21377,9,63337,1.369468841488917,0.321049738379787
71,97001,669,0,1,40186,72,937,0.28,0.116,0,0,0,26,39,52129,16547,57536,23,224466,0.4142801179357127,1.2971607733844277
63,47052,604,1,4,96379,48,1215,0.345,0.31,1,2,1,28,42,14772,893,51776,22,105932,2.048307228019468,0.1532683129279933
74,49443,699,0,1,99816,72,1740,0.393,0.422,0,1,0,25,29,7445,2947,32063,8,61485,2.0187687080333307,0.0745864932827073
49,75270,774,2,0,83581,48,1057,0.355,0.169,0,4,0,30,26,3755,18225,50282,8,74169,1.110401084082847,0.0449259409920796
23,29780,795,0,0,35914,24,654,0.498,0.264,0,1,0,22,3,14558,8000,31412,0,87174,1.205936671031866,0.4053459557288041
33,97342,555,0,0,131551,84,3169,0.375,0.391,0,3,0,7,14,73226,29086,210822,11,16951,1.3514171537758235,0.5566315981513014
54,58322,614,1,3,7544,120,359,0.263,0.074,0,1,0,34,26,40225,11531,9785,23,149578,0.129348627471152,5.331345261762757
49,100170,662,0,4,115026,72,4032,0.437,0.483,0,2,0,28,30,8949,9065,70193,11,377877,1.1482964131335416,0.0777991254227268
62,46037,662,0,4,4869,24,1219,0.096,0.318,0,3,0,41,27,22490,2188,3733,4,144327,0.1057604587514661,4.618069815195072
31,39526,705,0,0,46268,12,489,0.489,0.148,0,0,0,8,6,34801,3099,65165,1,100933,1.170541655071217,0.752145064730165
44,25378,527,1,0,20735,48,1093,0.23,0.517,0,1,0,17,24,13098,5687,26862,5,78971,0.8170140667480988,0.6316550925925926
35,69097,637,0,1,112706,84,1156,0.371,0.201,0,4,1,10,5,38321,5800,132483,13,-37854,1.631103649888564,0.3400055009892908
25,93370,529,0,4,57168,72,877,0.505,0.113,0,0,0,37,5,33019,15653,101897,6,143351,0.6122671921688747,0.5775682625198971
35,38862,686,0,0,26024,12,389,0.439,0.12,0,1,0,0,8,133,11398,47038,5,128436,0.6696343565859558,0.0051104707012487
22,42371,657,0,1,24409,36,1237,0.433,0.35,0,1,0,40,2,35630,4605,17848,1,212188,0.5760643821391485,1.4596476853748463
66,53592,667,0,0,38460,24,282,0.378,0.063,0,0,0,38,25,6030,1744,71501,0,-12775,0.7176310339036814,0.1567821949507293
35,49844,658,0,4,18820,60,822,0.483,0.198,0,2,0,32,10,39917,12945,26940,14,86942,0.3775704684522018,2.1208756176611234
42,38164,485,0,4,36455,84,905,0.356,0.285,0,1,0,32,17,1934,1328,47591,15,143191,0.9551945499803484,0.0530502523590081
41,24139,721,0,4,52946,24,370,0.198,0.184,0,0,0,24,14,736,1361,96672,3,-24,2.1932891466445734,0.0139006931459761
21,27827,490,0,1,39293,36,1011,0.402,0.436,0,3,0,33,1,11900,449,37336,0,90723,1.4119951128359924,0.3028452180994553
55,73976,584,0,0,153502,12,1903,0.474,0.309,0,4,0,44,12,28110,9925,175036,24,-23489,2.0749962826283843,0.1831234568705497
55,52097,692,0,3,57398,24,651,0.308,0.15,0,2,1,4,14,37046,8145,34874,19,249171,1.1017313524511498,0.6454119409745814
68,29760,848,0,0,16054,120,1124,0.25,0.453,1,0,1,42,36,20172,3285,27372,19,33441,0.5394307986962804,1.256431018374338
51,39394,740,0,1,52012,120,1744,0.404,0.531,0,0,0,7,26,18605,10969,90928,7,5382,1.3202690696788932,0.3576990367792667
20,87715,647,0,1,28033,84,1995,0.147,0.273,0,0,0,43,1,45235,1100,18571,1,337441,0.319588216516941,1.6135763715488336
40,37549,723,0,1,26976,48,193,0.06,0.062,0,3,0,4,18,6978,6566,35809,2,61335,0.7184021304926764,0.2586647885235571
52,67009,634,0,3,55054,48,1693,0.089,0.303,0,1,0,34,17,38118,4095,106437,0,62862,0.8215788688255484,0.6923621832712742
36,73795,758,0,3,113618,72,3297,0.236,0.536,0,3,0,40,15,2586,22095,208426,10,154841,1.5396227437801506,0.0227602777704433
27,32505,709,0,0,18027,48,1367,0.445,0.505,0,3,0,7,3,27242,7457,15690,4,124228,0.5545745400849074,1.5110938540048813
69,87746,683,0,1,181633,120,1849,0.542,0.253,0,1,0,44,25,14829,5461,238908,12,129638,2.0699625058406554,0.0816422035521983
71,91588,791,0,1,140661,24,1534,0.274,0.201,0,3,0,30,25,70405,26661,268126,13,89615,1.5357848649947046,0.5005260838037281
49,51460,442,0,3,110775,84,919,0.134,0.214,0,2,0,15,9,24049,547,211757,19,-84923,2.1526009988146364,0.2170957608146168
58,53912,762,0,3,95620,24,801,0.185,0.178,0,0,0,1,30,43133,6286,168374,6,9195,1.773598204514681,0.4510829211156545
44,22402,461,0,3,48797,120,637,0.604,0.341,0,3,0,6,24,6437,3450,23555,5,25120,2.1781457840467797,0.1319111438993401
20,44543,773,0,1,37174,24,540,0.252,0.145,0,2,0,21,1,20976,6075,66329,0,118581,0.8345456178160919,0.5642501681237391
28,106277,676,0,4,59358,36,2274,0.264,0.257,0,1,0,15,8,86527,1692,107947,8,68949,0.5585163439281884,1.4576896511059825
22,54793,646,0,0,24996,48,365,0.368,0.08,0,3,0,11,3,19415,2761,26516,0,43746,0.4561813337226704,0.7766932031843822
50,37654,779,0,1,20362,120,351,0.046,0.112,0,0,1,42,31,21457,10089,11266,14,205923,0.5407515602177666,1.0537248931886265
65,52623,671,2,1,32174,24,1303,0.499,0.297,0,0,0,17,16,4339,8327,17471,9,29449,0.6113940407418669,0.1348562548562548
61,108790,729,1,3,204609,72,1837,0.301,0.203,0,3,0,21,13,64808,494,279526,1,-60741,1.88075300346536,0.3167391623087826
66,53343,602,0,4,61045,84,1542,0.368,0.347,0,4,0,32,29,36879,11114,106714,15,133181,1.144364877024595,0.6041182059430593
19,27448,600,0,3,49250,84,515,0.176,0.225,0,2,0,29,0,5588,324,47119,0,17595,1.794236584210718,0.1134596251852754
30,77034,591,0,3,108853,36,1805,0.185,0.281,0,2,0,31,6,10430,12829,113276,9,204421,1.413033036931265,0.095816414647142
66,36410,665,0,3,62619,48,971,0.439,0.32,0,0,0,25,37,6068,6121,20396,4,35576,1.7197824833154816,0.096901948259342
40,25791,669,1,1,22819,84,863,0.2,0.402,0,3,0,7,19,13223,812,27375,15,80059,0.8847316997518611,0.5794478527607362
57,160855,494,1,1,305894,84,910,0.214,0.068,1,1,0,42,35,86056,4112,335067,24,7445,1.9016635997413835,0.2813252913581457
51,39473,653,0,1,22941,24,357,0.396,0.109,0,3,1,4,18,2963,1942,25600,9,150973,0.5811673506611947,0.1291517740388806
25,51180,689,1,3,71488,12,1847,0.731,0.433,0,0,0,1,6,11961,15318,111849,1,66293,1.3967683319982025,0.1673124536642
37,27018,655,0,4,3750,72,594,0.247,0.264,0,0,0,21,14,17206,4525,5372,13,64499,0.1387912209926348,4.587043455078645
60,39689,481,2,1,31342,60,963,0.575,0.291,0,0,0,7,38,32629,7955,51506,14,72153,0.7896699420508945,1.0410298950323835
18,32895,722,0,1,45923,12,193,0.078,0.07,0,2,0,37,0,22411,1802,89428,0,-5512,1.396005593385214,0.4880019162093894
18,137564,700,0,4,85324,12,4226,0.16,0.369,0,1,0,44,0,24265,14572,63504,0,139991,0.6202449751026787,0.284383240550835
25,44072,675,2,1,88350,120,1905,0.49,0.519,0,1,0,21,4,7800,9122,48304,3,902,2.004628684228439,0.0882842299464635
39,109322,695,0,4,213972,60,609,0.497,0.067,0,3,0,2,18,81881,14344,69560,9,395736,1.957245959221756,0.3826697760932454
30,62195,713,1,0,20135,48,2477,0.162,0.478,0,4,0,13,3,19260,13158,34885,9,133571,0.3237346453148112,0.9564958283671036
58,54317,362,0,3,72534,60,1072,0.114,0.237,0,0,0,9,36,31649,11193,116005,14,118654,1.3353584447144593,0.436327290273661
41,87681,634,1,0,176408,12,540,0.192,0.074,0,1,0,36,20,24215,22071,255526,18,-53190,2.0119066627129856,0.1372662392508318
64,81845,693,0,0,58867,36,3525,0.308,0.517,0,0,1,5,37,64562,3708,51262,13,140328,0.7192410136109278,1.096724875993749
73,34974,700,2,2,48352,72,632,0.291,0.217,0,4,0,14,30,9093,10150,24775,12,32496,1.3824731951393854,0.1880545157487643
71,144290,698,0,1,287988,12,4726,0.438,0.393,1,1,0,48,35,2066,37169,506695,17,100782,1.995883319125933,0.0071738851136675
50,48899,799,2,4,20751,84,1413,0.72,0.347,0,2,0,13,13,18822,1975,24765,17,175435,0.4243558282208589,0.9069969159599076
29,38831,456,0,1,25981,24,975,0.618,0.301,0,3,1,7,7,32943,11179,48081,9,36148,0.6690615986814998,1.2679162497113383
60,71040,576,1,1,68619,24,435,0.105,0.073,0,3,0,30,14,16599,17816,127548,18,189835,0.9659070114440956,0.2418974060040804
70,78410,651,0,1,73708,60,961,0.219,0.147,1,4,1,15,46,56586,12083,138384,10,167456,0.9400211704990372,0.7676945827510887
30,41790,613,0,4,16878,120,1481,0.437,0.425,0,1,0,1,11,29673,6408,27521,10,215580,0.4038668612859228,1.7579832928491024
36,65738,639,0,1,111975,60,1776,0.049,0.324,0,1,0,29,9,30719,4493,149976,16,-6224,1.703326792315064,0.2743355719082661
18,52313,760,0,3,113550,24,1783,0.158,0.409,0,2,0,34,0,8638,392,186156,0,48489,2.1705470810872804,0.0760715449445623
75,23963,580,0,2,48779,24,983,0.377,0.492,0,1,0,11,33,2347,3409,94125,12,-45393,2.035511600734435,0.0481139811398114
73,49763,731,0,1,34105,72,2043,0.16,0.493,0,2,0,23,26,13242,3011,16641,0,142745,0.6853347801623664,0.3882601301823726
62,97939,649,0,2,102586,24,3599,0.197,0.441,0,3,0,2,41,81996,28826,203382,16,-42875,1.0474372064529305,0.7992825601684423
60,41658,707,0,1,74129,24,417,0.278,0.12,0,4,0,33,14,32469,8664,31348,23,102460,1.779423413908159,0.4380008093889114
43,41838,669,0,4,40308,12,452,0.501,0.13,0,4,0,35,19,21509,6067,57842,13,92080,0.9634073472119314,0.5336029174626014
51,55783,850,1,3,21690,48,2105,0.099,0.453,0,3,0,14,32,38588,107,34391,24,196249,0.3888211673598164,1.778986676501775
31,38036,664,0,4,12116,36,1529,0.41,0.482,0,1,0,26,4,6621,7583,23746,8,93176,0.3185319557273181,0.5464223817776678
57,33481,850,0,3,52946,72,592,0.151,0.212,0,4,1,4,22,12351,1686,25864,1,115180,1.5813272803297294,0.2332710068559125
62,64504,740,0,3,34676,48,1672,0.113,0.311,0,3,0,45,32,12572,13402,13645,15,116967,0.5375707309510891,0.3625457796233814
51,56443,644,0,4,74016,12,2398,0.404,0.51,0,0,0,15,18,46492,11553,95393,19,83542,1.3113174119481257,0.6281259710607022
45,97929,636,0,0,19910,84,624,0.404,0.076,0,0,0,41,19,20496,20980,9101,3,383540,0.2033084856530174,1.0293807443121892
50,61284,694,0,2,53284,48,2090,0.143,0.409,0,4,0,43,30,9325,14912,89165,6,116182,0.8694460308395203,0.17500234587595
50,57974,585,1,4,38092,24,397,0.168,0.082,0,2,0,39,18,10367,8363,43981,3,210290,0.6570418283742993,0.2721497387971543
47,62443,613,1,3,129450,120,2726,0.113,0.524,0,0,0,48,9,50955,13883,201185,3,11167,2.073057459483697,0.393623842226016
31,62089,491,0,2,40685,120,1169,0.39,0.226,0,1,0,42,9,50864,10592,44102,8,117729,0.6552584957320019,1.2501597601140442
73,57971,768,0,3,8717,120,789,0.467,0.163,0,0,0,8,48,12542,12350,10856,19,271291,0.1503656937832057,1.4386327139252122
68,95223,678,0,4,184111,12,4066,0.239,0.512,1,3,0,24,47,14426,20227,353821,4,93584,1.933451650844325,0.078354479881811
70,45406,754,0,4,93416,60,427,0.391,0.113,0,0,0,35,35,28923,4463,105820,21,121965,2.057303939921157,0.3096117409036899
46,127682,553,0,2,27569,48,4671,0.349,0.439,0,3,0,24,17,109479,27426,49136,23,379417,0.2159175457970129,3.970946681175191
44,67912,591,1,0,91792,60,1262,0.104,0.223,0,1,0,32,13,17344,3784,128440,18,132235,1.3516116207500772,0.1889468695870055
52,32665,703,0,1,31996,120,594,0.39,0.218,0,3,0,24,16,8193,5973,39776,10,36472,0.9794893773342314,0.2560552551801731
71,47298,767,2,0,68698,120,1122,0.159,0.285,0,3,0,42,42,25517,9206,115376,12,-40945,1.452419712890336,0.3714318985720316
31,31858,788,1,3,54152,72,1194,0.23,0.45,0,4,0,7,10,1412,1104,99602,10,-74389,1.6997394770708434,0.0260742710468487
70,43486,465,0,3,88889,120,1022,0.297,0.282,0,4,0,10,45,21827,6657,172988,2,-98839,2.0440361487341043,0.2455506806164923
51,82917,751,0,3,115999,84,2178,0.152,0.315,0,2,1,6,20,21383,10671,124459,9,75939,1.398960418726935,0.1843362068965517
46,55616,666,1,3,92216,24,1314,0.109,0.284,1,4,0,24,22,43882,2426,78518,10,389,1.6580541920635776,0.4758558617174707
53,82946,635,2,1,179606,36,3563,0.232,0.515,0,0,0,22,14,57502,16908,295942,10,-179949,2.165310378916657,0.3201545596775181
26,82087,765,0,1,92835,48,2274,0.21,0.332,0,0,0,41,5,58250,21489,126558,5,291951,1.130920475587175,0.6274505579732
22,70025,606,1,1,24746,48,603,0.628,0.103,0,1,1,13,1,48376,9147,23004,3,206485,0.3533830291605975,1.9548228068048648
37,43284,630,0,4,64539,60,625,0.13,0.173,0,4,0,37,13,2740,12667,109958,14,117192,1.4910246043664086,0.0424542919119925
22,52255,737,0,2,100449,36,1647,0.199,0.378,0,0,0,18,3,19046,2417,150826,4,74180,1.9222481628903856,0.1896067695370831
53,82831,604,2,2,28448,72,1071,0.087,0.155,0,1,0,40,21,52511,621,32880,6,347754,0.3434421479621402,1.845794228268129
31,149776,695,0,0,223516,72,4971,0.175,0.398,0,1,0,32,5,9848,17621,351816,11,309265,1.4923252568818977,0.0440592885552329
69,29363,605,2,0,26501,48,839,0.206,0.343,0,3,0,10,16,3388,7352,47556,8,-6410,0.902499659446942,0.1278394083465399
30,39401,802,1,3,84920,24,220,0.182,0.067,0,4,0,37,3,4112,6583,138065,7,-97041,2.1552205471803463,0.0484214740759058
25,24655,689,1,3,3920,72,256,0.301,0.125,0,0,0,26,6,17739,139,6592,7,57716,0.1589876703439325,4.524100994644224
26,35752,770,0,4,54275,72,768,0.134,0.258,0,0,0,46,3,4866,2359,33113,7,30925,1.518054428998965,0.0896528852531505
34,58058,538,1,2,6778,48,841,0.118,0.174,0,0,0,38,11,27030,138,3900,7,81529,0.1167433128369417,3.9873137630919016
50,88093,587,1,0,88667,84,2998,0.067,0.408,0,2,0,34,27,50920,4431,136274,22,281924,1.0065044157377347,0.5742770785401723
69,62118,649,1,0,122671,36,1795,0.24,0.347,0,3,0,20,45,45943,14443,77170,6,105247,1.974774223667477,0.3745190426503195
63,32546,680,1,1,3531,12,926,0.226,0.341,0,1,0,44,30,28755,1350,2395,4,61435,0.1084892616831044,8.14127972819932
39,22571,809,1,1,26289,60,361,0.22,0.192,0,2,0,11,6,13562,6676,14039,16,56996,1.1646730462519936,0.5158615443134271
42,40635,674,0,1,88203,84,414,0.329,0.122,0,0,0,7,11,19646,693,111691,14,73290,2.1705630475440496,0.2227336628724321
56,37826,512,0,4,81863,120,630,0.234,0.2,0,2,0,37,25,11595,666,58693,13,66764,2.164142014962857,0.1416373497508062
55,42071,656,1,1,48270,48,1076,0.331,0.307,0,3,1,32,23,35792,8577,58916,24,95151,1.1473188819167142,0.741480391953761
29,73658,690,0,3,28085,120,1128,0.59,0.184,0,2,0,24,7,40538,852,41160,9,251298,0.3812840250342796,1.4433525599943031
38,86049,668,0,4,183502,24,867,0.607,0.121,0,1,0,32,9,68319,8652,295663,13,178865,2.132504357931435,0.3723045399802728
68,56086,637,0,1,27232,84,2398,0.422,0.513,0,1,1,2,26,48805,10986,49875,16,286112,0.4855314065648011,1.792127198619322
65,49993,652,1,2,12495,72,1309,0.297,0.314,0,1,0,18,29,1019,1926,22363,13,57602,0.2499299915989918,0.0815460947503201
59,81145,689,1,1,52936,120,1553,0.047,0.23,0,3,0,31,14,29340,15339,18176,8,391181,0.6523550144184557,0.5542437236715341
65,92204,481,0,1,112729,24,896,0.165,0.117,1,0,1,47,18,19730,3895,190636,20,25244,1.2225909657827667,0.1750199591945356
33,46023,704,0,0,89417,84,1457,0.331,0.38,0,3,0,36,14,26437,2698,105625,10,9508,1.9428341734747088,0.2956563555436265
64,205806,684,0,1,83692,24,5278,0.258,0.308,0,3,0,35,28,161626,39227,83959,11,361042,0.4066528349375871,1.9311770398958097
72,46396,651,0,4,15023,60,546,0.12,0.141,0,3,0,22,34,10769,12211,8463,9,141931,0.3237924865831842,0.7167864749733759
62,65774,716,2,0,31438,72,1105,0.168,0.202,0,2,0,23,34,33064,2269,18782,13,90923,0.4779627518053972,1.051687394637234
48,161560,633,0,4,68462,12,4009,0.266,0.298,1,1,0,4,10,109763,38648,134506,22,575129,0.4237532572836266,1.6032455486905337
47,113768,640,0,1,203657,60,3889,0.24,0.41,0,0,0,0,10,23795,28668,91226,5,202959,1.7900922043790488,0.1168380323876302
36,116285,658,1,3,224917,60,2605,0.457,0.269,0,1,0,30,12,3973,28368,109591,5,410514,1.9341709234129645,0.0176642154029468
46,49103,663,2,1,103476,72,1719,0.199,0.42,0,3,0,46,10,23916,10335,31125,21,246816,2.107282502443793,0.231123824618031
46,27457,761,0,4,59532,36,303,0.303,0.132,1,2,0,12,24,16392,7083,113295,21,-72756,2.168111297253988,0.275343087027363
39,85285,617,0,1,23683,60,3635,0.805,0.511,0,0,0,27,18,36287,22842,7860,4,435114,0.2776891869708979,1.5321313967235264
57,28755,770,2,3,52302,72,213,0.137,0.089,0,0,0,37,15,12700,3825,37794,13,25445,1.8188204200862428,0.2428158996615873
57,35878,731,1,0,3677,84,928,0.573,0.31,0,0,0,18,16,1413,1185,4414,6,65002,0.1024833468045374,0.3841761827079935
24,28747,504,0,1,60340,72,937,0.248,0.391,0,3,0,12,2,16624,4546,60586,3,50196,2.0989286211214693,0.2755009032001458
41,91298,662,0,4,185402,24,1989,0.258,0.261,0,1,1,2,19,12455,9014,238467,15,89590,2.030712275052301,0.0671779852537445
55,33147,615,0,4,8369,72,1347,0.203,0.488,0,3,0,25,32,1367,5006,14691,14,18023,0.2524737540726439,0.163321385902031
29,133459,850,0,1,186887,84,1441,0.254,0.13,0,2,0,7,8,10952,35743,117934,8,62765,1.40032219391578,0.0586019434099567
75,54333,692,1,1,42505,72,2337,0.394,0.516,0,2,0,14,21,456,11059,62822,24,149964,0.7822910148341738,0.0107278972380369
34,47809,606,0,3,86592,48,326,0.083,0.082,0,1,1,45,15,29695,9819,65565,2,125902,1.8111692114620368,0.3429261025718014
41,65407,543,1,4,76567,84,303,0.631,0.056,0,4,0,15,17,24679,1302,148420,11,-85973,1.170606042074364,0.3223148051405287
27,22472,726,0,0,6532,120,824,0.472,0.44,0,4,1,6,6,16967,3999,12058,7,117097,0.2906599029947047,2.597122302158273
51,67001,690,0,1,119239,12,2107,0.249,0.377,0,1,0,21,16,47916,9587,68542,19,277253,1.7796334437777976,0.4018450184501845
25,51679,463,0,1,24386,60,2194,0.505,0.509,0,2,0,27,4,35115,4821,39421,3,254402,0.4718653250773993,1.4399065075655062
34,56318,680,0,4,71613,24,471,0.227,0.1,1,2,0,17,13,23897,1199,42341,12,18094,1.271560219464124,0.333691736252688
52,31601,719,0,3,27418,36,672,0.301,0.255,0,2,1,14,14,8588,2594,15514,5,83652,0.8676033162458072,0.3132134651154309
61,145283,509,1,4,212767,60,6099,0.186,0.504,0,1,0,15,17,22673,22735,362837,13,-87424,1.4644902398061728,0.1065620770040607
63,58613,741,0,0,52025,120,1911,0.366,0.391,0,2,0,15,25,11087,12773,82153,18,72585,0.8875865834101068,0.2131049859685541
69,21638,594,0,1,21363,120,348,0.218,0.193,0,0,0,33,26,13011,3221,33322,23,-278,0.9872452516290032,0.6090151656993072
40,54974,695,0,1,118560,36,2119,0.446,0.463,0,0,0,30,21,42581,9229,62372,16,88185,2.1566166439290586,0.3591484552255801
64,63481,537,1,4,27581,48,1124,0.26,0.212,0,1,0,3,33,22132,2196,15636,5,286892,0.4344696134337292,0.8024073671234864
63,90147,658,1,4,196110,60,3157,0.321,0.42,0,1,0,25,19,56013,17445,227453,10,220642,2.1754226383280826,0.2856188587075686
23,47828,742,1,3,63281,36,1809,0.097,0.454,1,3,0,24,1,11250,9783,77931,4,6895,1.3230675949737607,0.1777756708068645
45,31039,656,2,0,14507,120,1172,0.376,0.453,0,3,0,33,12,13290,2376,24020,23,48361,0.4673646907216495,0.9160463192721258
54,36152,664,2,1,38487,60,1025,0.218,0.34,0,3,0,10,12,29854,6157,47013,20,102691,1.0645589577628412,0.7756703388069008
52,36520,726,0,1,46483,48,1133,0.232,0.372,0,3,0,29,31,19587,4433,51174,6,81498,1.2727745680567344,0.4213707942517856
44,58062,750,0,3,57864,48,1139,0.313,0.235,0,3,0,35,13,30803,2213,75793,15,100572,0.9965726882868609,0.5323252397822518
18,54572,464,0,0,15386,48,1258,0.408,0.277,0,1,0,44,0,1168,14867,8849,0,95208,0.2819342898502923,0.0759082342236953
30,67331,468,2,4,110357,72,1350,0.124,0.241,0,0,0,42,4,8381,10817,80694,2,86554,1.638997801936672,0.0759437467152358
56,54024,606,1,1,118093,12,326,0.441,0.072,0,2,0,30,33,25038,447,63372,3,168325,2.1858954187875983,0.2120175453452334
47,44211,660,2,3,14838,84,1654,0.387,0.449,0,3,0,39,25,25760,11759,5086,11,228219,0.3356102415633764,1.7359660354471325
38,58680,630,0,0,87419,120,920,0.099,0.188,0,0,0,28,9,30172,5362,46388,19,203900,1.4897326221434537,0.3451384122626401
18,62494,704,1,4,37130,72,1695,0.058,0.325,0,0,0,12,0,36917,9421,35962,0,44786,0.5941275302024162,0.9942366216907704
40,40704,845,1,4,31282,72,1652,0.148,0.487,0,0,0,26,8,19599,7665,18665,18,141374,0.7685050976538509,0.6265064092318512
27,69163,598,0,4,110305,72,765,0.213,0.133,0,0,0,27,8,39205,6122,157504,6,184218,1.5948325718581922,0.3554203760448208
58,15362,701,1,0,6675,72,97,0.141,0.076,0,3,0,38,31,1434,862,6270,1,8886,0.4344854520601445,0.2147992810065907
46,54985,823,1,0,13220,72,858,0.117,0.187,0,2,0,29,16,34622,2017,23540,0,87047,0.2404248354126505,2.618712654110884
58,88375,673,1,3,126591,120,2040,0.299,0.277,0,3,1,32,35,3083,13476,206478,11,8164,1.4324137774961527,0.0243538296258847
68,29103,716,0,4,49735,12,163,0.676,0.067,0,0,0,6,23,14073,1942,41751,24,-667,1.7088716327652556,0.2829539971047128
45,63626,684,0,1,122044,84,679,0.124,0.128,0,1,0,14,22,5664,6214,181509,1,85422,1.9181165228597925,0.0464091113933385
44,91017,698,1,3,87863,120,1225,0.199,0.162,1,1,0,1,17,29823,435,168769,8,213441,0.9653365268408448,0.3394222889920786
19,20054,787,0,0,14923,84,185,0.155,0.111,0,2,0,42,0,6986,2014,28709,0,63176,0.744103714784343,0.4681050656660412
61,78457,713,0,3,112722,48,1768,0.615,0.27,0,4,0,37,20,33836,20666,98002,17,-1810,1.4367177343291953,0.3001694419062658
45,68272,649,2,3,56644,36,1933,0.234,0.34,0,3,0,28,26,52430,15691,59197,13,151080,0.8296691224935187,0.9255891958690088
42,33245,732,1,2,40650,120,1031,0.147,0.372,0,0,1,39,11,10876,5089,44778,1,32359,1.2227034831257897,0.26754569383287
42,46742,804,1,4,76918,60,444,0.472,0.114,0,0,0,30,9,486,6696,112488,21,-30288,1.6455512055281003,0.0063183348717482
25,29514,603,2,3,46501,48,1153,0.203,0.469,0,2,0,12,3,24596,4829,82410,2,92537,1.5755039810265967,0.5289234871618425
52,84368,650,0,3,121844,12,1144,0.107,0.163,0,1,0,40,29,14127,20994,113526,3,289700,1.4441797342625846,0.1159423858180475
43,44625,596,0,3,53976,48,1570,0.272,0.422,0,4,0,32,9,31303,2089,103181,8,63469,1.209519114417604,0.5799321933416085
38,57918,625,0,1,66650,72,844,0.139,0.175,0,1,0,36,14,18341,5826,84632,17,26455,1.1507450059565945,0.2751796672217971
48,32951,734,0,2,43506,48,519,0.199,0.189,0,1,1,37,11,6438,6503,20465,6,55330,1.3202840495265842,0.1479761877399039
32,70343,717,0,1,8991,12,1330,0.15,0.227,0,3,0,27,8,37026,1214,9956,14,284302,0.1278147389969293,4.117660142348755
55,14365,576,0,1,3065,24,109,0.476,0.091,0,2,0,21,16,12654,4007,5305,12,23019,0.2133509675622998,4.12720156555773
63,49245,627,0,3,18804,48,1813,0.183,0.442,0,3,0,27,38,41116,2348,11949,17,246180,0.3818381188319864,2.186439776655145
33,86928,801,0,1,130317,84,3254,0.372,0.449,0,1,0,28,6,4806,16334,180716,0,156058,1.4991199714709706,0.0368790190150247
38,62735,685,0,3,102256,72,2134,0.255,0.408,0,3,0,18,12,36630,6240,82182,16,75621,1.6299413414945167,0.3582150855198177
36,78385,549,1,0,121427,36,610,0.56,0.093,0,0,0,9,6,68292,3945,171018,17,19899,1.5490903987957032,0.5624073525051883
33,29643,464,0,4,11380,12,1019,0.258,0.412,0,1,0,41,5,23428,5278,7168,0,64302,0.3838888139252462,2.0585185836042528
57,83696,613,0,1,75703,24,1770,0.474,0.254,0,2,0,2,16,15470,18150,80178,24,219883,0.90448881082954,0.2043485152699989
26,101205,591,0,1,74587,60,3512,0.197,0.416,0,0,0,44,2,78650,5691,28585,6,424739,0.7369819971147956,1.0544591623317423
49,76070,699,0,0,41492,60,2581,0.028,0.407,0,0,0,20,26,54937,19696,60281,23,70229,0.5454378146731343,1.3240064589207818
59,136187,736,0,2,150892,120,1869,0.179,0.165,0,1,0,6,27,11182,4326,168406,12,427929,1.1079683966281904,0.0741054919711318
30,38768,687,1,1,5124,84,1036,0.119,0.321,0,2,0,6,5,2751,3965,4700,12,162297,0.1321674533776986,0.5367804878048781
30,54737,501,1,4,118282,60,693,0.147,0.152,0,1,0,22,4,11126,1529,62167,12,153673,2.1608754430194748,0.0940625449134702
42,40331,747,1,4,28349,36,744,0.235,0.221,0,2,0,0,9,11558,1783,10443,19,35864,0.7028910046613112,0.407689594356261
28,17911,494,0,0,8013,12,362,0.21,0.243,0,4,0,39,4,14840,2012,6329,7,62769,0.4473537293434569,1.8517594210132269
68,19583,771,0,3,29827,72,883,0.247,0.541,0,1,1,34,23,11459,5327,13617,17,41001,1.523029003267974,0.3841692369585624
63,52058,604,1,1,47419,120,1550,0.717,0.357,0,3,0,1,29,6980,12649,68105,19,50870,0.9108703586315526,0.1471952762547448
38,67812,789,0,4,130912,48,1812,0.622,0.321,0,3,0,38,11,31035,1992,173276,5,93654,1.9304853051774733,0.2370658376173489
58,42336,814,0,2,62738,120,1678,0.207,0.476,0,1,0,32,18,32807,1355,75639,18,43459,1.481871648912299,0.5229123830472274
62,31289,675,0,0,19603,24,1216,0.467,0.466,0,1,0,34,15,17417,9123,37112,1,14192,0.626494087567913,0.8884411344623546
41,61434,723,0,0,26651,72,1096,0.449,0.214,0,3,0,47,8,54878,16153,8515,13,340040,0.4338080898510621,2.059057481614888
19,77015,618,0,4,165580,48,2679,0.186,0.417,0,0,0,24,0,51484,6789,194926,0,14080,2.1499428690142306,0.3109293940729914
75,183946,663,0,4,107678,120,4591,0.331,0.299,0,3,0,25,40,36883,54445,47664,20,318726,0.5853751352291693,0.3425273265910716
49,64092,533,0,3,66043,24,312,0.235,0.058,0,1,0,11,12,10423,14362,85922,15,76061,1.0304245393412697,0.1578190297377505
75,42565,470,0,1,89390,84,1542,0.321,0.435,0,3,0,46,56,21273,1359,64484,22,77613,2.10003289010008,0.2379769775480753
55,106029,549,2,4,144354,60,1971,0.492,0.223,0,1,0,30,25,20531,19250,158861,8,329977,1.361444874092238,0.1422257628762425
41,34305,744,0,0,52685,48,523,0.13,0.183,0,2,0,13,17,25450,9605,74156,22,88647,1.5357371888299425,0.4830505257563679
33,119731,634,0,3,260734,24,4635,0.495,0.465,1,1,0,26,13,68592,14353,477842,9,-102664,2.177646744395817,0.2630717011525111
48,29869,738,1,0,36316,84,153,0.412,0.061,0,2,0,21,10,10534,3466,43250,20,23654,1.2158018078339472,0.2900569981000633
67,65186,713,0,0,30330,72,2459,0.207,0.453,0,3,0,10,20,26481,122,58753,14,72237,0.4652768189976529,0.8730671590122318
67,106035,606,0,4,214723,60,2512,0.216,0.284,0,0,0,7,20,15138,2129,296083,7,-152042,2.0250009430759364,0.070499804400067
31,81643,517,0,1,26116,24,2635,0.056,0.387,0,1,0,43,10,23455,22765,8261,9,108670,0.3198765371613346,0.898074051384156
35,21550,607,2,1,3438,48,977,0.275,0.544,0,3,1,20,5,9390,5271,1441,3,115931,0.1595285601596213,2.7304448967723176
55,65317,590,0,4,70750,36,1893,0.151,0.348,0,1,0,30,31,24732,10290,79944,13,50882,1.0831623748430754,0.3495639637602295
23,80681,674,1,1,57351,72,549,0.501,0.082,0,4,1,16,2,38425,1008,97176,2,240831,0.7108276939094221,0.6699853536058028
35,55222,831,0,0,32175,12,1065,0.096,0.231,0,1,0,27,7,35370,1544,64037,7,74708,0.5826376690871558,1.0992665340626553
75,26770,501,1,3,3934,12,316,0.327,0.142,0,3,0,2,52,1868,5502,6951,23,38668,0.1469500578984722,0.4747141041931385
75,66949,721,1,2,69175,48,613,0.477,0.11,0,0,0,17,53,59980,10367,34846,8,262189,1.0332337565347274,0.8670637215219151
74,53631,818,2,4,5613,60,802,0.355,0.179,0,2,0,20,39,2701,44,5142,8,83652,0.1046576670644391,0.4811186319914499
37,58012,721,0,1,7737,12,823,0.484,0.17,0,4,0,15,5,15242,10070,6982,8,244137,0.1333666591970765,1.969759627810804
50,28653,829,0,3,58835,36,750,0.11,0.314,0,4,1,5,21,17456,1167,79450,6,20139,2.053290989041669,0.296689101910395
47,29689,728,2,3,22656,12,1357,0.17,0.548,0,1,0,37,21,25541,6653,41080,9,20883,0.7630852138767261,1.1272895793794413
52,40760,745,1,4,31636,48,1610,0.279,0.474,0,2,0,29,13,17850,5875,19169,1,179066,0.7761340497043743,0.5642127888232134
19,112300,793,0,1,101525,84,2904,0.455,0.31,0,3,0,12,0,92046,7727,132364,0,355219,0.9040435971184584,0.9066249039654868
24,52665,541,0,1,81838,60,1840,0.31,0.419,0,0,0,43,4,8158,10697,69808,3,-2406,1.55390574564235,0.0996835249697577
59,59376,726,0,1,41521,12,2164,0.199,0.437,0,4,0,3,18,37860,2902,15500,6,180335,0.6992774980211193,0.9118057897018448
50,54183,663,0,4,13103,48,2002,0.426,0.443,0,3,0,19,15,26013,9506,11393,20,226031,0.2418241547320242,1.985119047619048
29,66612,782,0,4,50787,72,2202,0.348,0.397,1,3,1,20,8,32501,773,47584,1,166410,0.7624187470914086,0.6399346302276129
44,128662,498,1,3,49283,24,5802,0.101,0.541,1,3,1,37,20,76595,31502,50001,19,673942,0.383039413040268,1.5541555068582096
70,54242,551,2,0,92377,84,1187,0.574,0.263,0,3,0,38,49,10204,15973,135243,5,128765,1.7030215880390096,0.1104592002424819
70,75455,560,1,2,136519,36,1707,0.139,0.271,0,0,0,6,49,31542,3535,74212,15,256004,1.809253074639525,0.2310430706123644
70,72119,654,0,2,34287,36,2608,0.247,0.434,0,0,1,24,25,10987,18092,22170,20,145804,0.4754159733777038,0.3204328044797013
31,34494,686,0,3,35737,72,922,0.448,0.321,0,0,0,3,6,3375,9487,44969,5,64797,1.0360052181475576,0.094437293637025
32,29256,756,0,3,59146,12,1289,0.413,0.529,0,1,0,27,8,10874,4969,24068,9,51158,2.0216016679768942,0.1838470252083791
32,75377,714,1,1,81879,48,3260,0.376,0.519,0,1,0,12,8,43859,1111,152432,13,99726,1.086245323569211,0.5356497313141182
26,37323,571,0,4,64563,36,1062,0.138,0.341,0,2,0,6,5,23700,10185,85362,7,69575,1.7297985210588362,0.3670776283997274
23,44225,779,0,3,48914,120,774,0.231,0.21,0,1,0,0,4,2697,12347,96179,4,59616,1.1060009948898837,0.0551364612082183
52,52563,765,1,3,37543,60,630,0.594,0.144,0,3,0,28,24,18832,3793,44489,10,81014,0.7142340765542957,0.501598124866823
18,16355,614,0,1,26108,48,696,0.439,0.511,0,3,0,11,0,3653,2320,11925,0,22666,1.5962337979946195,0.1399134398100271
35,13832,544,0,3,11381,60,75,0.634,0.065,0,2,1,2,13,11628,980,9532,7,40679,0.8227427166919685,1.02161307327359
47,29122,843,0,2,28576,120,780,0.299,0.321,0,3,1,6,22,9426,596,9627,16,93979,0.9812175943412424,0.3298456800923819
58,119756,828,0,1,14558,48,3864,0.275,0.387,0,3,0,41,16,93071,21450,16779,6,306226,0.1215628314002521,6.392678068548664
43,57814,730,1,1,80459,120,1614,0.165,0.335,0,1,1,6,12,8603,14862,97084,2,206052,1.3916630632188878,0.1069226945065871
61,61633,719,1,3,8870,120,631,0.212,0.123,0,1,0,48,21,43726,2740,3588,16,166077,0.1439140734010448,4.929094803291624
32,46080,801,0,1,51737,24,403,0.238,0.105,0,0,0,15,4,32454,3583,46267,7,217615,1.122740391918578,0.6272758900614636
26,57705,622,1,1,82133,84,1205,0.338,0.251,0,0,0,45,5,41707,12059,113820,7,94842,1.4233008699268708,0.5077921445442813
35,48747,760,1,0,69358,72,2008,0.587,0.494,0,0,0,18,9,42945,5120,116753,9,90207,1.4227865758595224,0.6191698265545927
41,42324,586,0,3,54625,84,719,0.324,0.204,0,4,0,19,16,1125,4726,101996,19,47577,1.29060838747785,0.0205945886574158
55,52894,682,0,2,14410,60,1855,0.368,0.421,0,3,0,29,25,35560,6668,12340,4,246310,0.2724265053407694,2.4675595031573105
46,41386,634,0,4,22794,36,210,0.446,0.061,0,1,0,9,10,31245,823,16254,2,193561,0.550752651798874,1.37069532792279
59,45827,781,2,3,31067,84,642,0.193,0.168,0,3,0,21,17,27946,2336,25477,6,231319,0.6779043379593261,0.8995107506115617
52,52935,818,0,4,47174,12,997,0.263,0.226,0,1,0,38,25,5870,5568,66436,2,101542,0.8911515792655282,0.1244303126656067
59,41499,521,0,1,24099,24,309,0.182,0.089,0,0,0,26,30,27082,8527,40253,15,36960,0.5806987951807229,1.123734439834025
44,47537,659,0,4,36113,36,530,0.136,0.134,0,3,0,30,22,24262,11367,65185,1,90898,0.7596659514493668,0.6718170238688598
67,94630,676,0,4,169177,12,2654,0.303,0.337,0,1,0,37,27,70651,28186,79786,22,286696,1.7877545413236675,0.4176134012696686
40,45824,671,0,3,67817,12,250,0.337,0.065,0,3,0,31,15,1338,7382,60060,2,23129,1.4799127114020731,0.019729275413607
50,41101,557,2,3,42134,24,744,0.118,0.217,0,0,0,45,10,23871,11814,51590,8,91600,1.025108267237604,0.5665361338554645
33,62533,558,0,3,104645,72,2685,0.11,0.515,0,1,0,11,9,2294,16388,182463,14,5696,1.6734096651421626,0.0219215259063891
51,47642,640,2,2,10560,72,310,0.668,0.078,0,0,0,11,11,1997,6658,3908,19,211190,0.221648510799068,0.1890919420509421
20,34919,630,1,0,58563,72,686,0.57,0.236,0,0,0,44,1,10806,9197,109753,0,21571,1.6770618556701031,0.1845160849668738
44,87472,763,2,1,190448,72,3754,0.131,0.515,0,0,0,28,13,58085,2043,274838,18,-60169,2.1772203994375405,0.3049897872921359
38,107221,628,1,0,90442,48,4584,0.578,0.513,0,3,0,23,18,47062,28583,100380,10,452926,0.8435022663259406,0.520349833596851
48,33122,662,2,4,54344,120,747,0.254,0.271,1,0,1,0,22,3092,5946,100213,15,-47271,1.6406726443860762,0.0568957585794461
53,50234,634,1,3,39532,60,1573,0.437,0.376,0,0,0,10,21,7106,8486,76106,20,51213,0.7869413755349856,0.1797485644904257
28,43454,720,0,0,69147,48,411,0.203,0.113,0,1,1,13,4,2077,9825,132998,7,54182,1.5912323092854677,0.030037022039683
28,54586,646,0,1,107105,60,857,0.042,0.188,0,1,0,34,5,45679,7639,173680,9,55771,1.962097202630663,0.4264840438444158
30,133887,610,0,3,196499,24,4139,0.536,0.371,0,1,0,42,4,103053,10968,209401,12,121901,1.467637129541109,0.5244427480916031
55,37110,563,0,4,43914,48,1368,0.119,0.442,0,2,0,17,25,16273,8084,61056,10,134485,1.1833149201045512,0.3705567573721963
40,26789,670,1,1,6269,36,148,0.174,0.066,0,3,0,35,14,2011,6705,4058,2,114102,0.2340052258305338,0.3207336523125997
51,57483,760,0,4,22814,72,1107,0.277,0.231,0,4,1,14,13,21526,2234,14530,8,73626,0.396875652355438,0.9435020819636204
62,70084,623,0,0,78618,84,2220,0.398,0.38,0,1,0,24,27,49824,5826,50606,15,106691,1.1217521580937433,0.6337399356389677
62,43065,717,0,1,78393,12,1435,0.372,0.4,0,2,1,18,38,13248,11417,54258,19,5308,1.8202990758370872,0.168992524938133
59,74609,734,0,1,82170,36,1497,0.085,0.241,0,3,1,25,12,60402,10679,156702,18,53505,1.1013268998793728,0.7350768519307298
34,22098,688,0,3,34583,12,1006,0.145,0.546,0,1,0,27,12,14581,3542,45051,16,47906,1.5649124394768994,0.4216111496645848
72,126599,711,0,1,259180,120,2897,0.208,0.275,0,2,0,16,26,13872,28212,450222,14,151062,2.0472353870458138,0.0535224418456599
68,47266,572,1,3,40499,12,497,0.501,0.126,0,2,0,38,16,6376,1140,70398,24,6559,0.8568134216260817,0.1574320987654321
26,93968,806,0,2,121193,120,742,0.726,0.095,0,2,1,34,5,9338,27173,177629,7,291745,1.2897125647820025,0.0770500189778371
57,167839,656,0,4,225480,84,5288,0.07,0.378,0,3,0,43,35,77883,13254,346517,16,-62321,1.3434223069590083,0.3454082605629742
33,23349,621,1,3,42052,60,521,0.049,0.268,0,1,0,5,10,3145,3539,36012,10,37351,1.8009421841541755,0.0747865788409863
32,26778,568,0,0,48576,72,462,0.202,0.207,0,2,0,28,8,6153,5808,91061,11,49694,1.8139586989805443,0.1266648825575889
46,66097,755,0,4,137033,48,423,0.046,0.077,0,3,1,36,15,21017,11684,207195,13,121209,2.0731792187358167,0.1533706963235401
74,47718,836,1,3,70542,84,1882,0.134,0.473,0,1,0,19,23,19734,7141,73296,22,148662,1.478279092185503,0.2797442694526743
53,181175,474,0,0,149896,48,4399,0.678,0.291,0,1,0,43,30,68180,84,73609,10,770280,0.8273502009096128,0.4548456606870051
65,43499,625,0,4,48512,72,1345,0.474,0.371,0,4,0,27,27,16241,2836,33214,4,63923,1.1152183908045976,0.3347762455424319
69,88789,471,0,0,12456,84,2009,0.525,0.272,0,1,0,16,39,55083,21297,18045,19,432366,0.1402860682509291,4.421851168017982
39,76953,468,0,4,40284,72,858,0.28,0.134,0,1,0,28,14,17174,6240,66145,7,226116,0.5234815604127141,0.4263125232716892
52,126230,596,0,3,208489,60,2627,0.197,0.25,0,0,0,38,12,30554,10557,335806,24,152056,1.6516465844364696,0.1465489951556429
65,48082,731,0,0,10520,12,1999,0.281,0.499,0,0,0,45,37,41976,10566,8606,14,228646,0.2187883451531726,3.989734816082121
56,41474,693,0,3,41359,36,899,0.128,0.26,0,0,0,7,15,34838,3048,59246,0,143546,0.9972031344183244,0.842311411992263
29,77501,607,0,0,21682,48,3465,0.309,0.537,0,0,0,7,9,25913,12790,40588,8,93997,0.2797605223091017,1.1950837061292257
37,88964,794,0,4,43456,60,3089,0.296,0.417,0,2,0,41,10,55570,17110,75308,14,397565,0.4884617546226044,1.278735301562464
31,173883,624,0,1,325230,60,1890,0.104,0.13,1,4,0,17,9,155801,48582,152800,11,490282,1.8703848542706631,0.4790472002976346
30,58211,688,0,4,43023,60,2182,0.391,0.45,0,2,0,1,7,2213,1078,65856,2,114620,0.7390744176458462,0.0514364075864633
56,31721,647,2,1,14892,24,361,0.339,0.137,0,3,0,34,14,2340,1615,24212,5,128707,0.4694533762057878,0.1571207950043644
26,61105,722,1,3,51060,12,2766,0.377,0.543,0,1,0,34,6,16471,5793,100508,4,8525,0.8355971590351193,0.3225749593623313
72,72112,795,1,4,9311,48,3275,0.165,0.545,0,3,0,29,31,32539,13524,17337,10,288529,0.1291168027956124,3.4943084192439864
54,44712,773,2,4,41439,36,684,0.088,0.184,0,3,0,10,35,7527,6624,36032,2,92736,0.9267774472748418,0.1816361003861004
61,44915,844,1,4,23321,72,1902,0.429,0.508,0,1,0,45,20,13746,7654,21505,22,109069,0.5192136432451687,0.5894005659891948
49,41284,698,0,4,46398,36,1813,0.112,0.527,0,3,0,11,25,20443,1006,90489,9,-37434,1.1238464333292963,0.4405913920558633
51,76978,407,0,1,82005,36,2803,0.345,0.437,0,2,0,7,24,4436,10287,85261,23,17295,1.0652905337819405,0.0540936029071043
48,50466,674,2,3,8302,60,2170,0.327,0.516,0,2,0,33,9,9618,1501,14418,18,107332,0.1645035369647492,1.1583764904251477
71,91846,743,2,3,184514,84,1733,0.568,0.226,0,1,0,40,46,3092,14217,327549,8,-188379,2.0089278909490784,0.0167574451941576
61,85875,579,0,1,81011,36,541,0.288,0.076,0,1,0,38,36,6657,8225,95352,16,31058,0.9433485490707532,0.0821730114057176
18,54883,408,0,2,13278,72,2063,0.152,0.451,0,2,0,24,0,10084,11920,11937,0,179815,0.2419284308723853,0.7593945327208375
59,85117,850,2,4,24476,36,670,0.061,0.094,0,1,0,48,37,73662,16053,29944,15,250051,0.2875537489132733,3.009437431057728
67,52646,600,0,0,13589,24,1834,0.204,0.418,0,3,0,19,29,34637,11536,15465,4,262781,0.2581153721959466,2.548712288447388
20,111695,830,0,3,231907,60,1464,0.263,0.157,0,2,0,21,1,64545,27020,365473,0,47236,2.076233705772812,0.2783215757972989
56,73724,579,0,0,108469,24,1711,0.261,0.278,0,0,0,8,25,55455,6865,106581,11,288630,1.4712648355374702,0.5112473494975569
21,41578,669,0,1,40420,84,1076,0.404,0.311,0,4,0,32,1,14934,3842,55406,0,54651,0.9721253517400612,0.3694614185695554
24,47520,549,2,3,11815,48,695,0.192,0.176,0,2,0,45,3,22513,5205,22764,4,51151,0.2486269228341154,1.9052979011509816
19,65308,632,1,1,133656,60,1550,0.135,0.285,0,3,0,36,0,34470,2272,246212,0,-149034,2.046517325330353,0.2578989502981512
25,55241,576,1,0,103503,36,1367,0.334,0.297,0,4,0,40,3,14038,10478,75344,7,98377,1.8736287607255349,0.1356276085948369
75,35368,689,0,1,13718,120,830,0.146,0.282,0,3,0,14,38,29418,7982,11086,20,78091,0.3878537702507846,2.1443253881478244
49,188764,705,0,1,249525,84,2677,0.518,0.17,0,1,0,10,25,13465,14390,200913,13,637718,1.3218817047651843,0.0539623125445845
38,42633,699,0,3,48228,36,1134,0.307,0.319,0,3,0,13,10,33643,1956,54075,18,50963,1.131209832528029,0.697567853366232
24,142411,648,1,0,293543,12,6331,0.376,0.533,0,2,0,1,2,86819,40454,360832,4,-25100,2.0612237732775327,0.2957614531382007
59,45765,569,0,4,42736,36,2065,0.594,0.541,0,4,0,26,29,7322,8869,25145,0,190470,0.9337936459380326,0.1713269532255422
44,214596,780,1,1,213569,72,3362,0.351,0.188,0,2,0,9,15,25150,47948,366521,8,-136312,0.9952096254840468,0.1177599850166221
71,38150,671,0,3,31322,36,723,0.574,0.227,0,3,0,39,19,33393,8330,31314,4,198451,0.8210007601373489,1.0660856239823773
55,125143,615,0,3,91804,84,3855,0.312,0.37,1,1,0,21,31,110593,34744,134613,24,585019,0.7335869078821198,1.2046511627906975
48,44585,619,0,1,77838,12,932,0.184,0.251,0,2,0,26,17,11607,7511,145350,14,-77787,1.7457946440586731,0.1491154819563458
20,40564,669,0,1,54773,12,176,0.366,0.052,0,1,1,6,1,32619,4136,73921,1,149207,1.350252680882534,0.5955197721546719
57,15988,621,1,0,21161,120,179,0.134,0.134,0,3,0,9,24,9826,2037,38692,6,7966,1.3234723872662455,0.4643228428314904
70,33227,639,0,2,5491,72,1062,0.405,0.384,0,3,0,7,30,13616,496,2857,23,32943,0.1652521969423377,2.479242534595776
26,107182,519,0,2,16567,48,2087,0.317,0.234,0,3,1,45,7,88579,1926,31341,2,166198,0.1545674220725301,5.346390632544664
40,25548,575,2,4,31111,36,927,0.262,0.435,0,2,1,25,13,20551,2222,53457,19,18185,1.2176993228697797,0.6605489843147339
35,41845,620,0,3,40098,72,1730,0.294,0.496,0,2,1,17,5,31634,3880,28595,3,121941,0.9582277876021604,0.7888974787401182
74,59467,709,0,1,48896,12,2500,0.116,0.504,0,1,0,20,45,6847,13280,31718,7,193811,0.8222237169570189,0.1400290406364398
75,54766,509,0,3,86248,48,1095,0.456,0.24,1,4,0,47,35,21759,6194,108105,20,131947,1.574816951814049,0.2522811858688216
69,47937,596,0,1,78918,120,1966,0.153,0.492,0,3,0,10,42,1268,108,103281,14,127825,1.6462514080687556,0.0160671067803697
18,64251,850,0,0,131355,48,1182,0.379,0.221,0,2,0,5,0,18701,760,161597,0,-58281,2.0443721596214903,0.1423688297451201
56,33043,679,0,3,12070,84,1022,0.428,0.371,1,4,0,43,24,5254,7491,15366,7,44903,0.3652705483597627,0.4352580564990473
18,55441,638,2,3,24017,24,723,0.426,0.156,0,0,0,34,0,28573,156,31002,0,123644,0.4331914433101259,1.1896494295944708
72,122717,635,0,3,251169,12,2451,0.134,0.24,0,1,0,46,49,102097,26526,454955,1,-233457,2.046716863051875,0.4064856471712386
43,50684,605,0,0,87408,48,2233,0.52,0.529,0,1,0,32,15,8594,4001,51883,14,11308,1.7245338857650192,0.0983193950279719
31,207839,763,0,4,339318,120,4741,0.391,0.274,0,2,0,42,9,13718,22824,261657,5,294556,1.6325923787528869,0.0404280337971053
38,155438,675,0,3,100300,12,2036,0.159,0.157,0,1,0,12,14,108319,3525,123521,15,83318,0.6452692052831014,1.079939382458799
30,89930,706,0,2,37574,24,1886,0.222,0.252,0,4,0,6,5,10336,11569,73353,9,153984,0.4178092092826723,0.2750765136393879
68,44566,647,0,1,62453,12,1747,0.065,0.47,0,3,0,29,20,25734,7456,109197,22,-30570,1.401328337110418,0.4120472667883562
67,115658,717,0,4,170702,84,1795,0.109,0.186,0,1,0,13,24,28512,26300,147821,23,99666,1.4759076250010807,0.1670269415300258
43,61463,747,0,4,128070,120,1672,0.54,0.326,0,1,0,40,8,25150,1307,222397,11,-126817,2.0836587270597424,0.196375447993691
21,48185,697,2,1,13264,84,963,0.237,0.24,0,0,0,40,1,10216,3839,9705,0,179634,0.2752666749678329,0.770147003392386
52,100161,617,0,4,142518,84,807,0.117,0.097,0,4,0,25,14,60808,20420,260370,11,26827,1.4228749425929994,0.4266659182284467
55,35968,575,0,1,22413,84,1312,0.261,0.438,0,1,0,23,17,25861,5153,34845,10,154973,0.6231199088103645,1.153787811189435
35,71060,772,1,2,65323,48,970,0.449,0.164,0,2,0,28,9,20808,6637,117447,3,164696,0.9192524732272274,0.3185353009613618
39,138721,727,0,2,38424,36,1063,0.07,0.092,0,1,0,0,14,117906,24411,58843,3,540257,0.2769856259281152,3.0684710474951205
73,47934,787,1,2,46487,12,786,0.054,0.197,0,0,0,41,49,7890,10567,62783,6,2292,0.969792427245228,0.1697212183789365
69,40750,813,0,1,67376,120,1776,0.386,0.523,0,1,0,21,48,16001,11693,82943,0,84928,1.653358199798778,0.2374846015702688
37,20034,596,1,0,34287,36,87,0.261,0.052,0,4,0,2,16,14670,52,13709,14,85879,1.7113551285250812,0.4278464769015399
26,49252,802,0,1,22874,12,1074,0.552,0.262,1,0,0,32,2,14479,14064,22014,7,34351,0.4644184110612551,0.6329617486338798
42,29420,664,0,1,35493,60,382,0.173,0.156,0,0,0,36,19,9992,2479,56833,5,94615,1.2063831956765576,0.2815123682875979
69,85377,536,0,4,103143,120,1598,0.249,0.225,0,1,0,35,28,11359,14969,185776,2,243503,1.2080746796598656,0.1101275886139765
44,37583,666,0,4,32137,120,1085,0.293,0.346,0,2,0,10,19,7969,1787,11603,22,121684,0.855071306939123,0.2479619142448192
57,28090,657,2,2,3178,48,173,0.015,0.074,1,3,0,11,30,24229,7713,4995,15,76804,0.1131323199601295,7.621579112928594
57,35844,717,1,1,12029,36,449,0.299,0.15,0,0,0,17,25,991,212,22137,19,11010,0.3355837634258613,0.0823773898586866
24,26550,850,0,0,54927,36,428,0.361,0.193,0,1,0,5,3,18784,6293,84770,1,23351,2.068735640842153,0.3419749490241771
24,33521,673,0,2,56074,12,348,0.243,0.125,0,3,0,3,3,16355,6948,111182,2,-39665,1.672752222421097,0.2916629514043691
58,104840,636,0,1,36601,72,1174,0.511,0.134,0,3,0,9,14,69944,22798,69805,6,106544,0.3491096040671111,1.9109338287525277
42,11436,552,0,1,13907,120,64,0.042,0.067,0,0,0,9,13,3282,1204,14877,9,5345,1.2159657252776075,0.2359792924935289
41,29999,689,0,1,3771,120,509,0.731,0.204,0,1,0,21,19,9844,5712,7197,15,77539,0.1257,2.609756097560976
50,76271,677,2,0,157678,36,1585,0.212,0.249,0,3,0,33,21,7259,5424,47673,16,341028,2.0673117264526955,0.0460365679640281
37,36149,776,1,3,34467,120,842,0.035,0.28,0,3,0,29,11,10526,4688,39505,11,118623,0.9534439834024896,0.3053847046535917
65,26338,454,0,4,17027,36,864,0.411,0.394,0,1,1,34,42,7492,4465,16078,9,106543,0.646455825961502,0.4399812074230679
58,56988,756,0,0,47381,60,2051,0.099,0.432,0,3,0,34,32,43311,8396,17020,20,138727,0.8314060608187545,0.9140812966949474
30,86154,696,0,3,163261,24,1215,0.054,0.169,0,2,0,35,8,40600,9671,160939,6,114972,1.8949683709593172,0.2486800357707243
39,37903,755,0,2,55395,24,1576,0.178,0.499,0,1,1,44,8,15038,9003,23923,0,184118,1.4614552553820177,0.2714636435843743
39,82192,627,2,4,122262,24,353,0.457,0.052,0,2,0,16,16,18967,13995,185877,8,151774,1.4874989354324577,0.155132787515438
22,103998,604,0,1,99407,36,1139,0.111,0.131,0,3,0,25,2,19858,9028,116799,4,231721,0.9558457292858584,0.1997625945597939
45,142196,633,1,4,183726,72,1378,0.269,0.116,0,4,0,15,12,79364,26839,291573,14,94697,1.2920525749488383,0.4319669945081561
59,54614,639,0,2,114104,24,1986,0.512,0.436,0,1,0,28,40,37752,7415,42800,4,116702,2.0892428819921265,0.3308531615617194
32,58102,607,0,2,88692,120,1598,0.08,0.33,0,1,0,46,6,44809,8795,119424,4,-21772,1.5264616284873411,0.5052146167115782
65,110795,612,0,3,220998,84,4723,0.13,0.512,0,2,0,27,29,3960,9563,416204,2,-191209,1.9946387956243907,0.0179186331159869
65,50468,680,0,3,29951,24,946,0.27,0.225,0,0,0,31,21,32101,13862,37902,20,217871,0.5934534070419465,1.0717481303418803
26,52983,664,0,1,62730,48,2080,0.1,0.471,0,0,1,15,6,10969,15212,30382,8,72452,1.1839423222104786,0.1748577258452758
64,53267,608,1,1,41298,120,292,0.422,0.066,0,4,0,42,44,34581,3592,40602,21,26315,0.7752872268528948,0.8373326230659338
70,126173,540,0,3,190152,60,4927,0.1,0.469,0,2,0,0,50,19511,23301,328361,10,33160,1.507061676732132,0.1026068481696318
65,74078,568,0,1,98049,84,619,0.399,0.1,1,1,0,35,33,35547,2383,122231,1,267231,1.3235734823634229,0.3625395206527282
31,54171,533,0,0,26692,60,1107,0.261,0.245,0,4,0,5,8,44925,4503,13541,10,214759,0.492726869969726,1.6830255123065971
22,36972,777,0,1,68772,12,1236,0.095,0.401,1,3,1,9,1,22179,6827,45245,4,155002,1.8600600438157573,0.3224957468774083
31,63392,560,0,3,33713,60,1490,0.093,0.282,0,1,0,32,7,46667,11535,31119,8,145004,0.5318095057813954,1.384202408494987
63,23479,524,1,2,26922,12,1031,0.642,0.527,1,3,0,38,17,1994,2733,42696,19,-3569,1.1465928449744462,0.074063068751625
53,76477,666,2,3,134501,84,1492,0.433,0.234,0,1,0,24,29,13407,15064,267816,3,-51452,1.758688773241978,0.0996788151849043
63,51043,678,0,2,25891,72,478,0.386,0.112,1,1,0,30,30,43769,12926,36532,18,130162,0.5072290572839119,1.6904449250733815
41,38059,638,0,0,82214,72,1613,0.144,0.509,0,0,0,3,9,7851,9407,120199,5,-44297,2.160115606936416,0.0954935230797299
70,66430,801,1,0,93285,48,1402,0.774,0.253,0,1,0,23,51,35753,14602,141518,6,-15055,1.404238984811308,0.3832622258431061
44,27354,655,0,1,43351,120,1136,0.415,0.498,0,0,0,30,22,1366,6196,27160,2,48933,1.5847559861085725,0.0315095035984499
34,47098,723,0,1,100851,60,2050,0.45,0.522,0,0,0,15,7,17066,4118,35576,5,28896,2.141255652986263,0.1692182604212112
25,108959,743,0,1,171148,72,4589,0.37,0.505,0,1,0,32,3,67339,10046,209883,6,276478,1.570741556534508,0.3934524887670976
57,85291,665,0,0,181280,48,2561,0.411,0.36,0,2,1,47,34,66796,3974,346909,24,-64299,2.1254044928012004,0.3684666346721388
61,41005,648,0,4,53974,84,198,0.485,0.058,0,4,1,24,28,22278,2304,60498,7,7038,1.3162464029654195,0.4127466419638722
26,55582,582,1,1,60960,24,742,0.147,0.16,0,3,0,30,4,41253,5396,119714,5,93952,1.0967382113236062,0.6767113400370729
52,41235,758,0,3,36057,24,1101,0.62,0.32,0,1,0,1,24,3138,6497,58600,2,26885,0.8744058589581919,0.0870264573742304
48,122975,721,0,0,144569,12,5518,0.136,0.538,0,0,0,41,15,100146,25839,188093,19,169913,1.1755871064272705,0.6927163311890434
48,71050,777,0,3,145043,24,891,0.15,0.15,0,3,0,8,20,15412,16824,87624,16,197847,2.041392802353239,0.1062574115440831
18,67868,798,0,4,15707,60,2164,0.07,0.383,1,3,0,44,0,28564,9388,27119,0,117017,0.2314311394009046,1.818436465495289
37,16389,649,0,1,18110,24,537,0.295,0.393,0,1,0,31,12,6441,404,13730,10,33484,1.104942037827944,0.3556402186516482
41,28568,610,0,3,37384,12,557,0.787,0.234,0,4,0,5,15,14995,5252,52087,17,93802,1.3085512268542827,0.4010966965360438
44,32033,686,0,4,56894,60,613,0.241,0.23,0,3,0,39,25,16314,1316,88318,6,29005,1.7760504464006992,0.2867387292380701
29,53870,818,0,1,23170,12,655,0.111,0.146,0,3,0,40,10,18824,14933,42515,11,163295,0.430101538861354,0.8123948038496397
42,86135,480,0,4,106657,72,2161,0.213,0.301,0,2,0,30,18,53843,14156,154671,1,189047,1.238239528187982,0.5048191415552513
53,67499,619,0,3,118051,84,575,0.539,0.102,0,4,0,45,11,6813,12392,44620,15,99883,1.7489037037037036,0.0577118557923626
36,43393,585,0,1,89772,120,1255,0.154,0.347,0,1,0,45,6,12265,7723,46121,8,153369,2.068765267087616,0.136622369754826
61,35355,630,0,0,13199,60,1388,0.103,0.471,0,0,1,25,38,14482,4905,18943,0,113327,0.3733171173209639,1.0971212121212122
27,106138,458,1,4,92292,24,1475,0.344,0.167,0,3,0,43,7,70671,22189,41628,5,352247,0.869539000744307,0.7657243777967994
46,73914,578,0,4,77467,48,2211,0.13,0.359,0,4,0,13,16,32951,19268,69824,23,168621,1.0480551985388622,0.4253498218619301
40,64104,622,1,1,9462,72,437,0.343,0.082,0,1,0,36,20,26932,3163,4112,9,158082,0.1476015911395367,2.846031913769418
35,57680,760,0,0,61521,48,1489,0.249,0.31,0,2,0,10,11,49635,13190,85196,9,63508,1.0665730483174702,0.8067845648711031
33,166032,747,2,3,206075,60,2901,0.149,0.21,0,1,0,23,11,61320,43338,402885,13,103226,1.2411689242499986,0.2975601234496011
38,53676,737,1,1,94404,84,1700,0.495,0.38,0,2,1,42,7,37447,15365,38238,4,46671,1.7587421055573151,0.3966633123245591
22,41878,685,2,1,89249,12,1874,0.144,0.537,0,0,0,45,2,25548,5599,167452,1,29705,2.131115833711407,0.2862521008403361
54,84092,515,0,1,109133,72,3671,0.421,0.524,0,4,0,0,24,44997,16283,181499,12,93049,1.2977655690723366,0.4123096376931112
41,69847,709,0,4,147423,60,1022,0.138,0.176,0,0,1,7,22,26389,18562,50865,9,84540,2.110625930592143,0.1790007054482309
36,58554,572,0,3,87905,60,2013,0.271,0.413,0,4,1,24,17,42788,9095,28657,2,215578,1.5012381521646316,0.4867472072441016
71,43011,722,0,0,89089,48,1214,0.168,0.339,0,3,1,22,39,360,4930,125911,9,82422,2.071259183483679,0.004040857559771
69,60482,655,2,1,77458,120,1552,0.079,0.308,0,3,0,4,27,3099,2719,145355,21,-92375,1.2806573747995305,0.0400082624356111
42,42557,524,0,4,17494,60,938,0.151,0.264,0,3,0,20,21,34369,6518,15878,13,186170,0.4110625499318577,1.9645041440411544
25,116471,612,2,1,112459,48,3994,0.079,0.411,0,3,0,42,6,4502,28643,60967,4,426766,0.9655453671268632,0.0400320113818246
73,26314,700,1,3,57881,84,957,0.239,0.436,0,1,1,13,23,11848,6062,89093,21,-52158,2.19954398631959,0.2046923050343803
25,70232,618,0,3,18546,72,385,0.348,0.066,0,0,1,37,3,4278,4573,33218,3,248800,0.2640639015847251,0.230657249150806
71,113132,755,0,0,246194,24,4789,0.416,0.508,0,4,0,44,46,96394,29444,302381,1,-92712,2.1761466592417773,0.3915351652145657
19,41476,597,2,0,71705,48,1145,0.109,0.331,0,3,0,34,0,2504,8070,22928,0,136123,1.728789449574463,0.0349203692856943
61,142232,731,0,1,311443,72,700,0.174,0.059,0,2,0,4,15,118012,20138,359630,3,227396,2.1896676579977923,0.3789188425527542
57,40021,801,0,1,70884,72,1576,0.04,0.473,0,0,0,38,28,1357,6673,43295,22,100638,1.771125880765579,0.0191436834309092
37,56822,562,0,1,31673,12,390,0.545,0.082,0,4,0,32,18,21204,16190,53763,16,60993,0.557397532689228,0.6694449706383785
49,19665,675,0,1,13198,24,93,0.204,0.057,0,1,0,18,30,13230,3126,16625,17,52273,0.6711074951693278,1.0023486627774831
73,88133,646,0,2,189464,72,667,0.284,0.091,0,4,0,39,24,52293,16086,144494,9,27227,2.149726552749222,0.2760034834929934
75,16259,672,1,0,3942,60,215,0.149,0.159,0,3,0,39,38,3031,4136,5950,20,20033,0.2424354243542435,0.7687040324625919
37,41716,758,1,4,7042,36,1643,0.314,0.473,1,2,0,41,10,10304,11758,9948,15,143106,0.1688040846657238,1.4630129206304132
47,27066,782,0,0,46579,48,856,0.319,0.38,0,3,0,3,23,16152,3599,74550,4,-14685,1.7208778217017031,0.3467582653499356
50,42913,566,0,3,61467,60,1079,0.377,0.302,0,1,0,37,11,17469,1781,25005,20,152988,1.4323297758307312,0.2841966551701698
64,42016,595,0,0,40713,36,233,0.122,0.067,0,0,0,8,14,28210,4847,38111,2,178464,0.9689649427612632,0.6928820553126689
37,29090,751,1,1,50331,12,275,0.33,0.113,0,3,1,1,8,20669,6572,61296,1,68208,1.730122718366505,0.4106532623380752
45,72006,572,1,1,149507,36,2320,0.15,0.387,0,3,0,5,25,6921,3588,262869,24,82575,2.076284250142347,0.0462918372261016
23,71275,536,1,0,124686,24,1875,0.169,0.316,0,4,0,9,3,38006,9379,116556,5,151181,1.7493405915034514,0.3048112473633979
55,56648,608,0,1,99852,120,900,0.323,0.191,0,4,0,41,20,8931,4633,96469,23,138624,1.7626436477254674,0.0894414789740919
23,66480,579,1,4,23338,48,1248,0.276,0.225,0,4,1,34,2,1773,7120,11995,2,313757,0.3510476677546968,0.0759672650927631
72,53387,639,0,1,33605,12,1157,0.427,0.26,0,1,0,36,35,16647,15993,43639,22,184760,0.6294485652206488,0.4953579717907516
47,31902,742,1,0,64983,48,1195,0.2,0.449,0,2,0,2,18,23814,3984,80505,6,8139,2.036893082155283,0.3664594361689031
29,53679,663,0,0,50178,120,1118,0.261,0.25,0,2,0,34,10,32820,6587,27154,6,231136,0.9347615499254844,0.6540584706749836
45,65184,718,0,0,71004,48,1007,0.272,0.185,0,1,0,7,16,43119,12854,81302,6,267648,1.0892690036051238,0.6072670938666291
21,66749,687,1,1,133170,72,698,0.24,0.125,0,4,0,35,2,30335,4667,265357,2,51383,1.9950561797752808,0.2277898341230448
54,58493,553,1,1,113394,36,711,0.442,0.146,1,1,1,31,16,21303,14993,173841,8,105257,1.938557800800082,0.1878654261651748
28,32397,658,0,3,49722,84,170,0.218,0.063,0,3,0,28,4,10358,4515,26474,9,137584,1.5347243657015863,0.2083140598918005
41,106382,631,0,3,168635,84,1990,0.314,0.224,0,1,0,12,10,66983,202,105567,22,17584,1.5851686829662637,0.3972046300908465
57,58202,717,0,0,24829,36,2158,0.236,0.445,0,1,0,10,15,27907,6165,40061,6,49650,0.4265931309382678,1.1239226741844544
21,23319,724,2,4,31891,60,451,0.61,0.232,0,3,0,14,1,8612,1452,10103,0,82830,1.3675385934819897,0.2700363727580585
60,42623,646,2,4,44370,48,1767,0.373,0.497,0,4,0,39,19,421,8040,74380,5,62733,1.040962837837838,0.0094881792161546
66,33049,536,0,4,64013,60,1046,0.596,0.38,0,1,0,4,35,2236,6264,87536,18,11058,1.936853252647504,0.0349298590933233
61,53827,684,2,1,28421,48,1697,0.552,0.378,0,2,0,48,33,11436,14806,45341,15,47388,0.527996581704689,0.4023643656322567
49,86422,679,0,4,76361,24,944,0.033,0.131,0,0,0,16,18,53354,19903,131440,17,173683,0.8835726600557722,0.6986983054398784
23,33042,611,0,2,51069,48,592,0.433,0.215,0,2,0,1,2,26418,4692,88305,3,91887,1.545531580062343,0.5172899941257099
18,57402,760,0,3,76564,24,931,0.078,0.195,0,3,1,13,0,13256,414,106333,0,172332,1.333797885127955,0.1731339384836413
29,43339,601,0,1,89059,48,1735,0.435,0.48,0,0,0,48,9,16732,1296,152265,6,-68952,2.054891555145362,0.1878733438131596
67,58531,662,0,0,95905,48,279,0.333,0.057,0,4,1,33,45,31356,17530,69869,5,200927,1.6385054329255793,0.3269451337768231
41,25580,494,0,4,48853,72,1037,0.286,0.486,0,1,0,24,13,22167,2910,28902,8,81203,1.90973769594621,0.4537397142506243
18,62461,573,1,4,39448,36,2098,0.333,0.403,1,3,0,8,0,36650,8186,67510,0,90745,0.6315519836060325,0.9290476311186596
53,49605,784,0,1,60384,60,2091,0.364,0.506,0,1,1,3,19,25378,626,89399,1,101344,1.2172721041809458,0.4202699345864039
55,74988,556,0,0,42330,120,582,0.059,0.093,0,3,0,35,21,13343,16017,22210,9,66601,0.5644827908093187,0.3152063499562968
21,28472,565,2,0,6315,36,1231,0.082,0.519,0,1,0,19,1,13323,8164,10748,1,91334,0.2217890633231482,2.109404686510449
54,20928,619,0,1,24140,48,573,0.042,0.329,0,1,1,45,25,16166,4441,25948,0,44947,1.1534234793826748,0.6696491446087569
70,116307,702,0,3,55668,72,1077,0.348,0.111,0,0,0,13,35,23076,8043,73705,22,176465,0.4786257179213811,0.4145215470010239
69,34681,513,2,1,51021,24,1377,0.368,0.476,0,1,0,11,37,18465,925,19802,21,61954,1.4711089325875093,0.3619027086354905
53,61107,479,1,3,111622,24,662,0.154,0.13,0,1,0,9,26,38900,11635,77105,6,100034,1.826634810499444,0.3484944859034428
55,30279,627,1,1,42440,84,1140,0.136,0.452,0,2,0,20,23,8327,5537,42359,7,115529,1.4015852047556143,0.1962017860088122
25,30624,611,0,3,10315,84,454,0.539,0.178,0,4,0,43,5,17135,2631,10189,2,117455,0.3368163265306122,1.6610120201628538
28,76898,612,1,3,124492,48,1618,0.17,0.252,0,0,0,9,7,58036,11500,191535,3,136926,1.6189027165502805,0.4661788212991895
29,35379,711,0,2,60939,60,508,0.044,0.172,0,4,0,16,10,30557,10527,62369,10,64781,1.7224137931034482,0.5014276337381031
35,17381,515,0,3,10321,48,290,0.272,0.2,0,0,0,28,6,12103,549,15469,1,49351,0.5937751697157979,1.172544080604534
54,40315,631,0,1,65795,84,646,0.441,0.192,0,0,0,5,29,15725,1100,30660,0,113487,1.6319823395178092,0.2389962915678764
34,28222,585,0,1,22336,84,891,0.268,0.379,0,3,0,26,11,23725,3509,18837,15,49895,0.7914112603195975,1.062139051797466
19,29273,604,2,1,58756,84,1161,0.271,0.476,0,3,0,44,0,11437,1499,37812,0,3983,2.007105281136845,0.194649148186599
73,142613,677,0,1,91264,60,5763,0.434,0.485,0,4,0,15,30,35516,11780,36098,2,487136,0.6399371730685627,0.3891524680874377
64,63556,765,0,0,103226,120,2444,0.395,0.461,0,1,0,8,45,33261,7762,74041,20,127276,1.624148402221628,0.3222122119212997
23,70224,647,0,2,73570,24,578,0.266,0.099,0,0,0,17,2,9504,6738,40110,3,168017,1.047632609469562,0.1291813350369031
21,81436,734,0,2,46843,24,3599,0.165,0.53,0,1,0,3,2,14608,15363,82553,1,252901,0.5752053734788856,0.3118435658782341
28,32190,850,2,2,55105,60,277,0.251,0.103,0,1,0,23,7,23866,1026,19559,5,160010,1.7118138610170544,0.4330925851994338
37,121425,531,0,0,34713,60,2977,0.27,0.294,0,0,0,11,12,38884,33070,29711,1,553575,0.2858778185890995,1.120124445468687
73,63068,736,1,0,72419,60,1080,0.317,0.205,0,0,0,13,23,26679,10690,90185,16,166631,1.1482503290047408,0.3683927091963546
57,40600,736,0,0,22139,12,1466,0.339,0.433,0,0,0,32,37,14082,6186,13945,18,30014,0.5452821359079826,0.6360433604336043
36,85081,818,0,1,136547,48,787,0.246,0.111,0,1,0,4,14,39928,19774,206433,18,-101896,1.604887050139865,0.2924099950200662
47,119350,630,1,4,38076,72,3591,0.378,0.361,0,2,1,3,20,60726,21673,14358,17,636149,0.3190253956816449,1.5948210205635949
44,41105,731,0,1,48173,72,844,0.283,0.246,0,0,0,27,25,26962,9792,86097,24,149179,1.1719213740086605,0.5596794951633661
18,77270,826,0,0,104466,72,3158,0.358,0.49,0,0,0,45,0,17241,1793,176730,0,185315,1.3519431610824242,0.1650377631213684
41,41488,549,0,2,20548,120,229,0.373,0.066,0,1,1,21,13,35910,701,19309,5,130797,0.4952638048639398,1.7475302934449366
59,31260,396,1,1,20717,120,1004,0.186,0.385,0,2,0,33,34,7052,5246,39100,18,129105,0.6627107258245097,0.3403803455932039
75,75650,685,0,0,160839,36,1106,0.282,0.175,0,3,0,37,24,10707,16760,261783,3,24198,2.1260657492961097,0.0665692613777667
58,81779,567,0,3,30760,60,3086,0.098,0.453,0,3,0,34,34,21881,8477,56831,21,169003,0.376131083394473,0.7113227788433406
20,65185,728,1,4,116293,60,325,0.467,0.06,0,1,0,35,0,5171,16606,130603,1,73465,1.7840180406835824,0.044464890708033
52,125258,722,0,4,144998,12,4883,0.283,0.468,0,1,0,5,28,99788,11629,207045,14,491446,1.1575854828794738,0.6881978496403424
42,46649,726,1,1,7800,48,1490,0.464,0.383,0,0,0,8,10,2205,1487,13723,0,29334,0.1672025723472668,0.2826560697346494
25,47265,533,0,0,76630,84,1572,0.274,0.399,0,1,0,12,5,21584,11064,133450,2,-52295,1.6212499471078576,0.28166146859626
25,42325,693,0,1,6887,84,1295,0.221,0.367,1,2,1,25,5,8837,3006,3182,5,120734,0.1627132259131503,1.2829558652729385
46,30753,780,0,3,7749,84,588,0.234,0.229,0,3,0,19,25,3243,7037,2364,1,85016,0.251967223775769,0.4184516129032258
56,41371,611,0,4,55971,48,855,0.059,0.248,0,0,0,48,31,35052,8823,19356,2,106366,1.352871507299623,0.6262416922747088
44,31441,694,1,4,8708,72,1205,0.228,0.46,0,2,1,14,8,16174,2966,17230,21,157700,0.2769543922142357,1.8571592605350784
33,66642,584,0,3,8071,84,2949,0.53,0.531,0,0,0,4,7,31328,15564,9168,12,352588,0.1211079933376348,3.881070366699703
37,24523,613,2,1,22206,36,880,0.404,0.431,0,3,0,24,8,6762,3737,41366,2,26429,0.905480345783722,0.3044985815283469
32,42706,624,0,2,4698,48,1929,0.422,0.542,0,2,0,27,7,6624,1698,4625,9,100518,0.1100053855339874,1.409661630134071
31,110279,608,0,1,139689,12,4169,0.114,0.454,0,3,0,12,5,43239,10585,59748,9,378601,1.2666757344940152,0.3095353998138735
67,90677,659,0,1,154907,12,1320,0.399,0.175,0,3,0,24,32,52816,14118,309641,0,-196694,1.7083195482917577,0.3409507578691869
63,40741,576,0,2,89160,36,575,0.437,0.169,0,2,0,35,13,25328,11905,65284,21,57424,2.1884050856609885,0.2840703895200816
48,36986,670,0,4,36039,48,1229,0.36,0.399,1,2,0,18,20,13238,4236,39413,15,87070,0.974369373022954,0.3673140954495005
71,40102,729,0,1,81924,24,812,0.1,0.243,0,3,1,44,52,14262,5361,44715,24,134957,2.042839687803905,0.1740860543179737
48,32182,596,0,2,6133,12,528,0.046,0.197,0,0,0,17,29,7725,4233,10441,17,59689,0.1905664481247863,1.259373981089012
21,39910,660,2,1,74228,12,1535,0.194,0.462,0,0,0,15,1,33708,4984,85659,2,83117,1.8598381398611912,0.4541082326314513
41,42878,797,0,4,47424,72,1597,0.72,0.447,1,1,0,16,10,830,4528,89381,13,70027,1.1059959420695444,0.0175013178703215
21,46169,554,0,0,31088,36,1062,0.338,0.276,0,3,0,12,1,11665,13141,10856,2,200621,0.6733376651505306,0.3752130978802792
50,116390,619,0,3,116305,72,2855,0.382,0.294,0,4,0,42,19,33816,16779,148909,15,192283,0.9992611112543066,0.2907502622392653
69,36674,542,0,2,18731,36,636,0.576,0.208,1,0,0,19,28,26159,2645,13590,1,102275,0.510729379686435,1.3964872944693572
42,58246,662,2,2,71628,48,2601,0.319,0.536,0,1,0,29,13,9879,712,118893,6,17687,1.2297285697117448,0.1379189992879979
35,51518,624,0,2,104625,12,1574,0.416,0.367,0,2,1,32,9,26399,5531,144181,13,21435,2.030804169335585,0.2523177795194311
21,40346,717,1,3,7146,72,799,0.036,0.238,0,0,0,36,2,24042,8692,10120,0,61937,0.1771135400401516,3.363928921225689
54,32116,823,1,0,10307,36,643,0.219,0.24,0,3,0,16,31,16698,422,4702,23,144373,0.320920384842918,1.619906868451688
68,53557,630,2,3,25835,48,1457,0.22,0.326,0,4,0,44,44,35511,701,18039,2,88401,0.4823742484782852,1.3744774732930791
42,80273,595,1,0,51836,24,2306,0.191,0.345,0,1,0,42,22,50816,12121,53127,20,166248,0.645738346164387,0.9803036441152072
55,53972,572,0,1,41765,84,1858,0.363,0.413,0,1,1,47,27,48329,6730,29603,19,294570,0.773812832342097,1.1571373844754107
46,81510,710,2,4,100154,120,1332,0.33,0.196,0,1,0,2,25,66107,11912,148074,23,73254,1.228717596398032,0.6600469272627427
18,50266,516,0,3,26398,72,819,0.295,0.196,0,0,0,34,0,44762,14313,42540,0,141984,0.5251556687289872,1.695594530095837
68,52116,500,2,1,96441,36,399,0.276,0.092,0,3,0,1,36,2639,14230,71198,9,48817,1.8504710555097184,0.0273635967731901
38,91729,719,0,4,114245,12,3440,0.193,0.45,0,3,0,0,16,18908,24732,216525,7,14404,1.2454485991496784,0.1655025121229627
42,50457,832,0,0,38593,120,2235,0.206,0.532,0,0,0,27,11,14752,10759,19974,1,170449,0.7648539379285743,0.3822355806602062
53,86821,833,0,0,91233,36,496,0.551,0.069,1,4,0,25,29,11213,14830,53691,23,396076,1.0508050954827115,0.122903742025999
59,35504,564,0,3,72612,84,290,0.242,0.098,0,0,0,7,18,8903,5941,129115,7,47743,2.045120405576679,0.1226088992329197
44,24725,709,2,0,28085,24,141,0.673,0.068,1,1,0,32,14,15300,4522,24553,9,114217,1.135848903987705,0.5447553941465498
65,31976,762,0,1,29724,84,1047,0.128,0.393,0,3,0,47,45,18556,1080,56812,8,20660,0.9295431091096724,0.624255677039529
74,39787,569,0,0,83140,72,1807,0.28,0.545,1,3,0,6,55,1840,1288,140339,6,-63451,2.08957474615462,0.0221310785292455
60,40915,626,1,0,73265,36,1639,0.436,0.481,0,2,0,47,40,15279,2886,83455,4,116559,1.7906198064326917,0.2085414789943493
42,165129,736,0,2,327214,12,2871,0.283,0.209,0,3,1,9,16,98300,12225,152189,18,314110,1.9815539272088656,0.3004141008205614
22,43337,702,2,1,58621,60,953,0.182,0.264,0,3,0,10,1,14337,3407,25041,4,47386,1.3526466380543634,0.2445668861519566
74,85821,777,0,4,88379,84,2540,0.473,0.355,0,2,0,35,18,39609,18240,72001,6,211261,1.0297942252569272,0.4481670061099796
28,57676,726,1,0,112636,36,616,0.261,0.128,0,4,0,37,5,49503,5996,213453,7,30562,1.9528754962983512,0.4394914637286149
26,83179,602,0,0,165429,120,2038,0.053,0.294,0,1,0,21,2,59651,8467,244191,1,-48825,1.9888074056263525,0.3605815148401136
26,57395,742,2,1,124179,48,2043,0.547,0.427,0,1,0,3,3,36922,3977,71128,3,204720,2.1635479824378003,0.2973264615880174
23,67950,730,0,1,128146,24,929,0.335,0.164,0,1,0,14,2,14137,15080,140830,2,116838,1.885858927756766,0.1103186184616105
58,93338,591,1,1,89553,84,2609,0.266,0.335,0,3,0,13,33,13615,2333,171390,19,276533,0.959438176967827,0.1520311767201911
24,90328,624,0,3,52090,12,1915,0.191,0.254,0,3,1,36,5,285,16862,49968,3,256921,0.5766697295442217,0.0054711946401489
71,32256,584,0,4,57474,60,310,0.505,0.115,0,1,0,12,19,10345,4497,61328,18,31461,1.7817527978423289,0.1799913005654632
28,42615,580,0,3,62874,36,908,0.121,0.256,0,0,1,45,4,24273,1438,100198,1,8742,1.4753613666228649,0.386051689860835
46,84217,721,0,1,97153,36,2162,0.18,0.308,0,0,0,48,21,34978,1097,157393,8,160409,1.1535894939324134,0.3600263499186858
26,46754,613,0,2,44641,72,806,0.63,0.207,0,1,0,45,5,26404,8203,83204,3,74453,0.9547855844294728,0.5914609560503562
24,82700,726,0,3,8670,36,1572,0.532,0.228,0,4,0,12,4,19289,5401,9483,3,94302,0.1048354917111038,2.224541575366163
53,55977,558,0,1,9103,24,1301,0.422,0.279,0,0,0,32,13,45278,16636,4765,11,181896,0.1626174568580513,4.973418277680141
20,82403,671,0,3,146931,60,860,0.043,0.125,0,0,0,46,1,56471,21900,242284,0,-10672,1.7830566477355467,0.3843342498570767
63,62669,616,0,1,64903,120,1382,0.139,0.265,1,3,0,19,24,38579,17806,27053,4,98078,1.0356310834530078,0.5944009614199433
69,50849,566,2,0,87445,60,1730,0.482,0.408,1,3,0,26,45,6035,11939,108945,22,24095,1.7196656833824977,0.0690140200809642
18,26132,742,0,3,16232,120,140,0.473,0.064,0,1,1,27,0,19671,2021,5137,0,57094,0.6211303715608617,1.211790796525596
65,51457,606,2,1,58643,84,2044,0.099,0.477,0,1,0,36,19,21767,10028,22177,14,102309,1.1396284348400638,0.3711718163836027
28,39833,664,0,0,61426,48,820,0.033,0.247,0,3,0,22,4,10991,166,106641,7,-60256,1.5420495054476075,0.1789278330375893
65,25396,558,2,3,49716,72,869,0.153,0.411,0,3,1,43,22,5723,5954,79595,10,48529,1.9575540418159625,0.115111531266971
58,56358,551,2,4,18787,48,599,0.233,0.128,0,0,0,25,29,14043,11953,7908,2,98520,0.3333451622633475,0.7474451777730466
35,96792,671,1,0,120227,60,4043,0.397,0.501,0,1,0,42,14,26662,26698,202906,12,15775,1.2421042844007315,0.2217619855607678
55,19205,605,0,4,30997,72,122,0.6,0.076,0,0,0,8,18,12730,2225,41672,24,2572,1.6139227324794334,0.4106716562358862
37,59996,688,0,1,7701,12,1998,0.269,0.4,0,0,1,36,17,32463,13794,7358,2,122646,0.128356417820891,4.214879252142301
25,43018,552,2,0,22050,84,277,0.455,0.077,0,0,0,18,6,24537,3637,34120,6,109607,0.5125642158116182,1.1127386513083306
56,50907,686,0,1,100072,72,673,0.211,0.159,0,0,0,30,21,36821,6146,179708,22,80317,1.965742123045494,0.3679414027759735
55,62191,523,2,4,133673,72,2591,0.137,0.5,0,1,0,44,15,48109,12741,137042,16,42029,2.1493600463082068,0.359897960710385
34,34295,724,0,2,59740,24,1038,0.523,0.363,0,2,0,48,12,8827,6780,23522,16,161701,1.7418940984371356,0.1477544734771765
52,44198,548,1,1,61218,36,1535,0.249,0.417,0,0,0,29,25,28748,4783,118990,16,75300,1.385053960496844,0.4695927734853558
22,42721,473,1,1,93273,48,924,0.07,0.26,0,3,0,4,1,10488,2160,30190,1,117160,2.183254529282337,0.1124429101357291
28,45970,498,0,1,31445,36,1626,0.224,0.424,0,0,0,14,6,9368,2797,40448,8,137695,0.6840181853777382,0.2979075240094129
59,58942,664,1,4,35606,36,2327,0.434,0.474,0,1,0,1,39,31917,2439,34887,8,273737,0.6040751234243252,0.8963686915494145
60,214099,625,0,1,115226,48,1863,0.578,0.104,0,0,1,27,27,27551,34385,98929,23,488533,0.5381877627276973,0.2391019465923785
51,54456,646,0,3,63800,120,2130,0.215,0.469,0,3,0,45,12,26416,15298,47034,19,211085,1.1715665571000973,0.414037397532954
39,43991,628,0,2,72566,24,1972,0.12,0.538,0,1,0,48,17,5002,12481,36935,21,124285,1.6495271867612291,0.0689294031722408
23,86327,725,2,1,84915,36,1923,0.273,0.267,1,1,0,21,3,16586,23346,102892,2,243341,0.9836321934945788,0.1953224362899807
42,226769,651,0,4,262532,72,7372,0.124,0.39,0,2,0,48,10,95903,38131,498155,16,555105,1.1577016360188737,0.3652988386221922
23,111424,850,0,3,216165,120,1178,0.303,0.127,0,1,0,17,4,12140,13638,69174,4,450929,1.9400044873233115,0.0561605432861782
30,37711,516,0,0,61156,120,583,0.11,0.186,0,0,0,46,4,4480,3568,109799,9,-78373,1.6216588884174798,0.0732540837516555
29,24505,633,0,1,17911,72,805,0.399,0.394,0,1,1,6,7,9778,1020,6824,7,62299,0.7308822329225496,0.5458910227780259
43,78813,683,0,0,29397,72,3034,0.407,0.462,0,3,0,32,8,1890,18471,46027,3,328816,0.3729921080011165,0.0642900877610721
33,28076,743,1,2,3983,24,568,0.243,0.243,0,3,0,18,5,21946,5879,1297,3,76468,0.1418598853153827,5.508534136546185
65,82297,619,0,1,97406,48,2324,0.489,0.339,0,2,0,6,21,59348,8317,73887,1,269269,1.1835767576368803,0.6092785939408872
44,87917,654,0,3,23317,72,1149,0.385,0.157,0,0,0,26,22,54161,12284,16122,15,375256,0.2652130394230988,2.3227120679303543
35,96603,554,0,3,50538,12,1705,0.075,0.212,0,2,0,20,7,2234,22241,22489,10,276071,0.5231460395014699,0.0442034864164308
57,80450,464,0,1,88152,48,2168,0.159,0.323,0,4,0,48,12,17452,16000,75169,10,125681,1.095722862363426,0.197973977062607
62,100900,523,0,1,61989,84,1494,0.255,0.178,0,1,0,25,24,19886,14851,66129,2,307748,0.6143546644730974,0.3207936763994192
48,113855,561,0,1,91920,60,1877,0.277,0.198,0,0,0,31,17,50707,32285,122373,18,151583,0.8073355817875211,0.5516367315412147
65,86728,651,2,0,156456,36,707,0.304,0.098,0,3,0,47,24,55081,8265,258740,9,26652,1.8039640719943733,0.3520520015084016
54,33083,497,1,1,45490,12,163,0.13,0.059,0,3,0,0,25,14155,2959,65412,14,92352,1.374984886954419,0.3111604493196456
74,73757,686,0,4,63055,84,1843,0.039,0.3,0,2,0,36,47,27145,20890,89519,12,66244,0.8548903169825646,0.4304903577772139
49,122920,558,0,1,208622,72,5550,0.445,0.542,0,0,0,14,29,101008,20028,302736,7,250190,1.6972038951847122,0.4841652166827243
40,80177,603,2,3,136550,60,2915,0.055,0.436,0,0,1,40,10,41752,19783,193492,7,174305,1.7030856344633192,0.3057612174205974
44,52163,722,0,4,28353,60,546,0.426,0.126,0,1,0,14,16,31163,9926,46011,17,53183,0.5435357717966414,1.09906891443888
62,103939,828,0,3,125311,72,2907,0.188,0.336,0,3,1,35,15,6644,4113,223462,21,41303,1.205609005195305,0.0530196629213483
36,55230,748,0,1,74822,72,1911,0.389,0.415,0,1,0,34,15,7464,14701,33367,6,167214,1.3547102170882297,0.0997554227978028
24,103717,655,2,3,114058,12,3719,0.183,0.43,0,3,0,0,3,21756,10125,85129,0,347684,1.0996933994099385,0.1907433871943467
51,31285,626,0,1,10143,24,1386,0.367,0.532,1,1,0,28,29,20557,3653,5800,12,88448,0.3242025186984594,2.026518138801262
50,186761,698,1,1,291118,12,5905,0.119,0.379,0,0,0,26,26,140509,2504,364241,20,-65367,1.5587646309206369,0.4826514243316307
72,26856,565,0,2,11185,72,245,0.132,0.109,0,0,0,38,49,14146,909,5822,23,37184,0.4164649811967085,1.264616484891829
62,55139,647,1,1,44829,12,1302,0.328,0.283,0,3,0,48,13,16723,15565,84438,15,166378,0.8130032644178455,0.3730314521525764
29,102397,663,1,4,49423,120,1907,0.051,0.223,1,4,1,24,6,90957,4613,96369,11,465683,0.4826559112482665,1.8403407251537716
21,21302,690,0,0,16791,84,193,0.037,0.109,0,0,1,3,2,2685,2486,23262,0,58745,0.7881988452330657,0.1598975702715578
24,55531,719,0,2,43864,48,2322,0.137,0.502,0,3,0,15,2,3132,3753,37914,0,119840,0.7898869120507095,0.0714008890915308
44,26731,615,0,1,45183,24,434,0.192,0.195,0,1,0,22,22,12068,4606,65624,12,60817,1.6902214574292982,0.2670856940509915
29,52244,597,0,2,35074,12,1350,0.411,0.31,0,1,0,2,3,42928,14618,48589,1,45359,0.6713369700449804,1.2238916607270136
62,151703,645,0,3,37972,120,4480,0.074,0.354,0,3,0,13,37,17487,35491,59382,15,727780,0.2503032220640194,0.4605114160061096
69,24294,539,0,2,47091,48,800,0.202,0.395,0,4,0,15,43,3810,2842,63401,14,-36469,1.938300061741099,0.080905461649537
20,88349,764,0,0,34952,84,1289,0.112,0.175,0,3,0,1,1,13384,5136,55987,0,367735,0.395608375778155,0.382914199067319
50,54356,669,1,1,103752,60,2127,0.439,0.47,0,1,0,6,27,18609,12593,43041,22,106731,1.9087146089740048,0.1793586691469162
67,90315,620,2,1,99192,36,1492,0.154,0.198,0,1,0,30,39,59696,20988,140431,7,120406,1.0982771601930998,0.6018166604498302
60,32469,763,2,1,33975,72,488,0.233,0.18,0,1,0,17,23,5693,1288,29758,11,137127,1.0463504773637204,0.1675594537320461
26,28943,631,2,0,38020,36,765,0.039,0.317,0,4,0,31,3,11001,1236,30998,1,87818,1.3135710337202875,0.2893401015228426
29,60136,723,0,4,17097,84,2736,0.487,0.546,0,0,0,19,10,52563,15613,23025,1,203009,0.2843008464007183,3.0742192069247865
62,128641,590,1,1,95643,12,2532,0.525,0.236,0,1,0,28,23,93735,16793,151054,24,442376,0.7434819110399403,0.980040567103007
21,83238,773,0,1,164104,120,1967,0.529,0.284,0,3,0,3,2,17688,20890,82087,2,257122,1.9714797150374224,0.1077846500716005
66,29560,659,2,1,10410,72,319,0.324,0.129,0,1,0,16,34,4762,7556,9815,19,94251,0.3521531747911099,0.4574008260493709
33,37203,611,0,0,58238,48,571,0.148,0.184,0,1,1,18,9,33208,4733,109910,15,-18102,1.5653693151274055,0.5702020982503133
50,48957,650,0,3,13767,36,1787,0.09,0.438,0,4,0,33,22,4342,8655,11282,0,219337,0.2812002124269782,0.3153689715281813
73,55593,557,1,1,63311,84,2062,0.25,0.445,0,1,0,3,40,22235,5769,67487,3,8090,1.1388099435190848,0.3511972453879201
47,86032,594,1,4,49164,36,2560,0.034,0.357,0,4,0,0,26,30291,15713,25403,23,251243,0.5714551393070101,0.6161090206447676
59,32803,850,0,4,68766,36,1499,0.023,0.548,0,0,0,2,23,589,5089,115662,17,-80954,2.096268747713693,0.0085651547980862
68,32742,542,0,0,8502,72,352,0.339,0.129,0,1,0,35,40,28678,1358,6861,0,77664,0.2596585529731545,3.372691991061978
36,67873,748,0,3,81095,72,357,0.254,0.063,0,1,0,36,15,18897,10033,118045,0,195317,1.1947874001826917,0.2330201242971293
43,43163,430,0,1,28512,24,294,0.389,0.082,0,1,0,38,9,30714,3403,26791,12,197931,0.6605504587155964,1.0771928593974678
72,62647,651,1,4,99618,60,1483,0.364,0.284,0,2,1,9,22,20582,13070,100665,0,125013,1.5901225897075724,0.2066071733303887
20,34520,615,0,3,27936,36,175,0.152,0.061,0,2,0,10,1,30897,4093,30459,0,60025,0.8092465455809508,1.1059526792425816
51,50092,493,0,1,66518,24,992,0.388,0.238,0,1,0,0,28,20828,4970,88029,5,162013,1.3278901243686745,0.3131135465055097
74,85043,847,2,3,34577,12,3772,0.258,0.532,0,1,0,7,32,70657,1608,51265,23,370870,0.4065777715065142,2.0434091040546014
66,56929,614,0,2,74231,36,854,0.264,0.18,0,2,0,43,44,20616,14421,119230,17,117178,1.3038995257333568,0.277723892660847
19,63632,655,0,4,11483,60,1396,0.446,0.263,0,3,0,0,0,49685,16877,6387,0,95481,0.1804566812817249,4.326454197143852
19,39855,697,2,4,67489,84,1340,0.662,0.403,0,1,0,1,0,2546,6077,92458,0,-60389,1.6933209554395825,0.0377241072751518
46,54629,770,1,4,65003,84,1097,0.158,0.241,0,0,0,7,24,34808,9380,117287,5,20773,1.189877356763683,0.535474740015999
35,16661,659,0,1,5879,84,194,0.388,0.14,0,3,0,48,10,14791,616,10428,17,79282,0.3528387948625615,2.5154761904761904
61,68233,605,0,1,138682,48,1590,0.103,0.28,0,0,0,15,30,20446,6118,167659,0,-39680,2.032447167101445,0.1474297498611942
61,64202,627,2,4,31639,24,2896,0.315,0.541,0,1,1,18,23,39487,17231,47892,11,161020,0.4927962867778764,1.248008849557522
37,42673,807,0,4,60735,36,309,0.279,0.087,0,2,1,20,11,13406,8395,32320,17,35666,1.4232319445095374,0.2207257639620653
45,83454,670,2,0,153167,24,1358,0.275,0.195,0,0,0,39,24,30649,6742,184192,15,56150,1.8353244263375472,0.2001005431944009
56,41083,721,0,4,79701,120,1284,0.069,0.375,0,3,0,35,12,9811,425,95373,20,-8903,1.9399522928634017,0.123096032721889
21,54990,846,0,3,40389,84,1455,0.707,0.318,0,1,0,47,2,35557,3778,44751,0,85109,0.7344656398319725,0.8803416687298836
69,82356,711,2,3,146415,48,1637,0.224,0.239,0,3,0,21,35,4646,12304,88962,3,180575,1.7778088079944632,0.0317315047535788
36,65239,776,2,3,62265,72,1263,0.13,0.232,0,0,0,26,7,57254,1305,48276,5,275442,0.9543991416309012,0.919506632833328
54,64034,666,1,0,10726,84,2718,0.124,0.509,0,3,0,32,21,31662,5637,4474,8,278248,0.1675021472632154,2.951617414002051
69,140849,512,2,1,195704,72,5656,0.336,0.482,0,4,0,23,17,73384,14578,382783,8,374573,1.389449769258076,0.3749725351932756
26,55069,536,0,1,36833,12,1731,0.34,0.377,0,4,1,45,3,3131,3489,56957,4,197619,0.6688396586163066,0.0850029863712873
23,76298,703,0,4,61777,72,928,0.184,0.146,0,3,0,19,3,40424,2633,60428,0,189490,0.8096698515052622,0.6543429699893166
39,33429,685,0,0,32310,84,1101,0.058,0.395,0,3,0,8,12,14342,7284,32951,4,106347,0.9664971582411008,0.443873603416793
63,13863,593,0,1,2518,60,464,0.129,0.402,0,0,0,47,33,9123,3305,2783,5,57247,0.1816214656664743,3.621675267963477
35,56430,659,0,1,60245,120,1497,0.343,0.318,0,2,0,18,8,29478,12343,56264,5,239083,1.0675869646116496,0.4892938950303754
30,43331,680,0,0,87339,84,1650,0.56,0.457,0,4,0,6,6,30477,7018,46505,1,21258,2.0155774023816115,0.3489466452942523
20,86499,693,1,3,118013,12,3611,0.42,0.501,1,1,0,29,0,57833,17945,40500,1,331529,1.3643121387283237,0.4900520277255241
65,14422,644,0,1,15163,60,260,0.421,0.216,0,1,0,21,29,12565,1340,11109,3,48455,1.0513069403036817,0.828607227644421
58,109537,850,1,3,97837,84,761,0.49,0.083,0,4,0,27,35,20695,31357,112382,18,78012,0.893178622943636,0.2115231300721601
21,94977,678,0,3,56482,120,682,0.312,0.086,0,0,0,31,1,16236,16564,86497,3,247805,0.594685084967045,0.2874493210346476
31,78761,702,1,4,93299,60,1071,0.107,0.163,0,3,0,38,12,53852,1662,73706,10,340601,1.1845687006424417,0.5771918542336548
74,45213,648,1,0,57554,48,428,0.125,0.114,0,3,1,21,24,26484,5362,29895,0,201084,1.272924315477507,0.4601511597602293
20,249063,718,2,0,459368,36,11339,0.205,0.546,0,2,0,32,1,171595,38875,140136,2,442697,1.8443773487938844,0.3735450150097198
53,115676,570,1,3,198168,120,4306,0.129,0.447,0,2,0,12,26,83534,5029,220252,1,415560,1.713114966674447,0.4215290989004334
51,33280,744,0,1,6586,24,684,0.237,0.247,0,2,0,38,28,13943,13,8157,7,98954,0.1978906883807578,2.116745103992713
70,30992,587,0,1,43980,60,793,0.377,0.307,0,1,0,6,28,358,3361,51664,7,66361,1.4190301035717745,0.0081398785839339
20,36339,733,0,4,68823,84,1554,0.24,0.513,0,0,0,16,0,10260,5525,124355,0,-9872,1.8938635112823332,0.1490759037545042
36,42348,749,0,1,23210,12,960,0.192,0.272,0,1,1,1,12,23919,8911,43456,2,131114,0.5480648893716499,1.0305027788548533
48,52875,649,0,1,84459,84,1473,0.103,0.334,0,4,0,47,14,35127,5941,70142,17,55711,1.5973031242907936,0.4159010182334833
30,62101,806,0,0,119893,24,1458,0.391,0.282,0,2,0,36,9,30157,13051,75365,10,27783,1.930581945831052,0.2515305186247852
69,98437,588,1,4,164492,36,1619,0.319,0.197,1,0,0,14,48,36540,18055,320608,14,46162,1.6710213535423313,0.2221371122175411
42,24540,589,0,4,49326,24,1053,0.263,0.515,0,1,0,5,14,5347,1317,64702,7,52816,2.00994254512856,0.1083990512295497
25,58740,535,2,0,44724,60,2296,0.457,0.469,0,3,0,36,2,25991,17189,77875,4,32655,0.7613762108237858,0.5811291224147569
71,40741,741,1,0,88168,72,297,0.175,0.087,0,0,1,46,16,19339,3716,99579,3,65311,2.1640567473369003,0.2193401308850049
43,34537,627,0,1,54186,60,623,0.142,0.216,0,1,0,8,20,17633,5373,77565,9,57240,1.568880653193584,0.3254101537269087
37,62885,633,2,0,93744,24,1741,0.152,0.332,0,0,0,30,16,3723,17719,138619,16,-4001,1.490697452533155,0.0397141180862979
30,110515,648,0,3,220916,12,4244,0.057,0.461,0,1,0,6,6,2624,15353,305658,9,53626,1.9989503782257771,0.0118777640471308
69,65633,661,1,1,20439,24,2122,0.217,0.388,0,1,0,28,50,45448,13359,14305,2,311900,0.3114087210896791,2.2234833659491198
20,119993,728,0,1,77858,72,4056,0.379,0.406,0,3,0,24,1,82359,25712,80703,0,493226,0.6488491091221228,1.0577967864986706
53,84925,594,0,1,95616,36,644,0.492,0.091,0,3,0,10,26,36715,16007,175666,5,-3713,1.1258742905588397,0.3839798362215924
47,45088,830,2,3,45576,24,1470,0.103,0.391,0,1,0,37,21,31185,691,70352,8,59839,1.0108008605203045,0.6842266932882813
74,60148,534,0,0,62870,24,1674,0.323,0.334,0,0,0,24,54,14278,10480,105552,17,-33955,1.045237659811468,0.2270999347871037
24,31162,510,1,1,5637,12,1167,0.461,0.449,0,3,0,5,5,14137,8665,10596,0,116763,0.1808875910534929,2.507449450159631
63,21538,757,0,4,2690,24,391,0.184,0.218,0,1,1,30,27,6796,1169,1132,14,62443,0.1248897348994846,2.525455221107395
24,94335,596,2,3,53710,48,589,0.109,0.075,1,4,0,35,4,79462,1162,56253,1,473858,0.5693478629579376,1.479436242110555
41,31550,728,0,1,56539,36,1055,0.692,0.401,0,0,0,24,7,5334,5418,51220,8,39039,1.7919875756711356,0.0943402900601344
40,44989,633,0,1,89732,48,619,0.648,0.165,1,2,0,31,21,16023,6261,69322,2,-24260,1.9944876639253168,0.1785630704423122
60,33441,614,0,0,13299,12,736,0.376,0.264,0,3,0,36,13,13755,9318,4877,11,131269,0.3976735841157826,1.0342105263157897
35,90882,438,0,0,186488,36,3824,0.113,0.505,0,1,0,15,15,45603,16867,206535,14,-35278,2.051956911633639,0.244534530186767
41,42973,775,0,0,59426,60,773,0.451,0.216,0,3,0,7,20,5573,10091,64674,11,19835,1.3828361334760553,0.0937789220388039
36,154468,552,0,3,299423,12,6096,0.148,0.474,0,3,0,20,12,9615,5368,124970,11,333708,1.9384018799888647,0.0321116543764026
52,81355,642,0,4,65560,60,1238,0.102,0.183,0,4,1,38,22,16720,13533,49165,7,124615,0.8058409951325041,0.2550296670276536
62,65277,704,0,1,59968,36,2030,0.281,0.373,0,3,0,8,42,7778,2094,85285,23,136223,0.918655596066056,0.1297003451783421
49,53981,589,0,4,58244,12,871,0.171,0.194,0,1,0,21,10,48502,4850,39742,23,203460,1.0789522433403729,0.8327238389561336
34,127047,695,0,3,225258,60,3975,0.219,0.375,0,3,1,24,13,48308,14289,177085,14,167736,1.7730149234934829,0.2144553602741732
20,51281,641,0,3,99534,36,628,0.429,0.147,0,0,0,12,1,19514,8324,51254,0,140536,1.9409149409149409,0.1960516401265886
37,39721,616,0,0,82513,36,1147,0.414,0.347,0,2,0,13,17,6183,228,113236,16,-23864,2.07726197069634,0.0749327386867683
63,27222,665,2,0,15887,84,340,0.537,0.15,0,0,0,44,26,4463,4267,18258,21,83761,0.5835874077067186,0.2809038267875126
52,81384,657,0,4,33049,84,560,0.113,0.083,0,3,0,17,20,54867,17889,64389,23,201220,0.4060822018799533,1.6601210287443269
45,76026,734,0,4,104554,36,1472,0.24,0.232,0,1,0,1,22,38703,21004,67538,14,98497,1.3752219606192535,0.370168810673808
72,37923,793,0,2,52711,36,525,0.207,0.166,0,3,0,1,47,32137,8692,51723,6,18039,1.3899114017508702,0.6096714220670815
72,25362,768,1,0,33735,120,938,0.096,0.444,0,1,0,6,36,7056,1683,55270,19,6154,1.3300871348026653,0.2091534266065923
32,21640,606,2,4,44214,24,620,0.202,0.344,0,1,0,6,8,14115,5781,39616,11,2181,2.043066401737443,0.3192355535451769
70,98194,665,0,0,191154,48,2288,0.125,0.28,0,1,0,3,28,58166,9518,322831,23,102794,1.9466775294057743,0.3042870968585702
73,74535,790,0,0,53990,12,2272,0.325,0.366,0,3,0,1,35,8904,6648,61684,3,223759,0.7243479660835033,0.1649163749513807
29,34909,553,0,4,58762,84,192,0.379,0.066,0,1,0,21,10,13849,8064,70297,0,961,1.683242623890003,0.2356755100998928
44,55911,673,0,3,72865,36,2100,0.203,0.451,1,1,0,20,22,19676,4476,76497,15,57156,1.3032086135355558,0.2700299179315455
18,184116,576,0,2,129678,48,3112,0.527,0.203,0,3,1,24,0,144029,24839,199571,0,859420,0.7043238810104444,1.110657855165447
29,149401,757,0,0,126800,24,5780,0.417,0.464,0,4,0,13,4,70372,4010,218860,8,543964,0.8487168846467918,0.5549798503166379
62,64248,577,0,2,63560,48,2016,0.162,0.377,0,0,0,5,22,14406,1168,44255,6,224769,0.9892760976824542,0.2266484164818049
19,21248,607,0,3,20457,72,768,0.59,0.434,1,3,0,43,0,15,6335,7790,0,73141,0.9627276577721304,0.0007332095023951
68,50872,648,0,1,95267,60,505,0.748,0.119,0,3,0,3,30,22355,9492,58593,8,76576,1.8726436420104968,0.2346538187009279
56,28374,824,0,4,22491,48,185,0.068,0.078,0,0,0,48,29,24979,878,21435,21,23248,0.7926343612334802,1.110572648052641
28,38927,668,0,0,29417,120,1007,0.391,0.31,0,4,0,42,6,34596,2593,41099,6,170979,0.7556771475544595,1.176014684886804
18,41820,605,0,0,43986,24,869,0.239,0.249,0,0,0,36,0,32145,10945,21836,0,145564,1.0517682504005166,0.7307840953008844
74,26529,644,0,1,13470,60,216,0.068,0.098,0,2,0,41,42,8658,1691,16186,15,109056,0.5077271013946476,0.6427139781753396
29,85298,641,0,4,71160,120,3839,0.243,0.54,1,3,0,37,4,53729,3633,83942,7,372070,0.8342419020152639,0.7550343587077191
69,44182,670,0,3,55071,24,1010,0.141,0.274,0,1,0,36,34,22278,7514,21692,19,193645,1.2464296222529028,0.4045249854735618
58,229568,704,0,1,257679,84,8635,0.324,0.451,0,2,0,5,15,19350,927,174510,1,91247,1.1224468460462866,0.0750931387767774
65,130806,652,2,3,75393,36,1954,0.186,0.179,0,0,0,37,22,91085,28761,88867,2,224635,0.5763682371738515,1.2081200095498317
18,77579,709,0,1,120329,60,801,0.127,0.124,0,3,0,15,0,7808,19568,36102,0,174485,1.5510311936065997,0.0648882240505277
60,32879,585,0,0,34766,60,293,0.159,0.107,0,3,0,45,20,23315,7260,39277,14,113593,1.057360097323601,0.6706071849742572
64,160442,722,0,3,112337,120,5143,0.23,0.385,0,0,0,28,36,99122,1918,208684,11,287181,0.7001676607891899,0.8823550356958465
42,50216,665,0,2,101519,60,627,0.13,0.15,0,3,0,30,10,4986,3039,100616,5,20899,2.021606228966286,0.0491134751773049
60,45359,767,1,1,33702,24,1461,0.054,0.387,0,1,0,37,40,40123,12075,66963,18,61633,0.742989417989418,1.1904874936949232
40,76431,560,1,4,87975,120,525,0.434,0.082,0,4,1,28,21,45517,4202,82280,8,50440,1.1510231316725978,0.5173797399290716
40,71078,717,0,3,27690,36,2496,0.08,0.421,0,1,0,46,15,56861,2038,16563,14,92372,0.3895665386401046,2.0534108555126216
59,46534,635,0,3,34571,60,234,0.08,0.06,0,1,0,27,22,40260,8348,59614,16,37186,0.7429031911464489,1.1645262061784103
51,107061,671,1,4,64978,48,4380,0.318,0.491,0,1,0,32,22,33964,20527,66119,10,97734,0.6069193551400124,0.5226919466289108
42,31597,672,0,3,60397,84,1215,0.558,0.461,0,1,1,6,10,11935,9088,82198,3,-3957,1.9114184442053292,0.1976058809894367
24,37551,545,1,3,7901,60,354,0.037,0.113,0,1,0,15,1,17724,6461,2638,1,145265,0.2104015764806135,2.242976461655277
58,85903,575,0,3,57097,24,1308,0.164,0.183,0,3,0,23,14,50546,5387,33666,20,282258,0.6646605513130937,0.8852499211881327
43,130823,676,0,1,249449,60,4645,0.063,0.426,0,1,0,4,10,21182,19823,283593,1,393276,1.9067525836238,0.0849148125876929
68,37463,614,1,3,45316,60,1590,0.469,0.509,0,3,0,28,28,30116,2800,67120,3,36774,1.2095878710228487,0.6645629675397754
56,51290,821,0,4,52420,84,2117,0.181,0.495,0,4,0,42,13,31846,5334,95990,20,56100,1.0220116589655106,0.6075046260086606
66,35004,586,0,3,51807,48,772,0.446,0.265,0,3,1,19,38,4766,7370,83286,10,78767,1.4799885730609912,0.0919935145151328
59,105590,631,0,0,201632,24,2696,0.351,0.306,0,0,0,16,17,66366,1694,133215,4,336613,1.90955668570238,0.3291425510705092
45,42325,566,1,4,80459,84,1409,0.214,0.399,0,3,0,42,24,32241,9255,144424,4,50708,1.9009355951424656,0.4007084265473527
34,29410,720,1,4,16483,60,529,0.24,0.216,0,3,0,8,11,1171,2030,15659,14,19546,0.5604365713508551,0.0710385828682358
68,36537,711,0,3,74696,72,1024,0.121,0.336,0,3,0,34,31,2890,1769,46896,17,13212,2.0443374021566587,0.0386896394768196
29,67163,850,0,1,42967,120,316,0.283,0.056,0,4,0,40,10,42688,15281,49184,10,232666,0.6397325948424751,0.9934835226214858
53,46638,623,0,1,97497,60,1528,0.436,0.393,0,2,0,34,33,19663,1044,178467,13,-109955,2.0904607731726665,0.2016759318139859
31,57102,581,0,0,8879,12,1182,0.179,0.248,0,3,0,44,12,36026,12586,5988,10,149857,0.1554909549410714,4.056981981981982
44,62468,748,0,3,132769,24,853,0.418,0.164,0,3,1,6,21,28310,885,187111,14,59883,2.125358177656117,0.2132258793402124
20,61532,647,0,0,62501,24,295,0.234,0.058,0,3,0,0,1,17740,3790,76988,0,120209,1.0157313961614094,0.2838309174106428
64,31310,833,0,3,67818,120,1326,0.162,0.508,0,2,0,37,18,3397,6529,67920,10,-12124,2.1659480693685924,0.0500892080390451
59,72734,752,0,1,31872,60,305,0.343,0.05,0,0,0,16,33,8693,13683,20289,10,265898,0.4381934419467931,0.2727386816427697
51,77556,736,0,4,20946,60,2836,0.479,0.439,0,3,0,30,23,24096,16765,25845,5,176888,0.2700723338963601,1.1503317897550962
61,82375,669,0,0,162010,12,1920,0.24,0.28,0,1,0,31,15,67787,11160,213695,8,-87659,1.9667136059046324,0.418409861058817
26,87194,578,0,0,132557,120,3921,0.209,0.54,0,4,0,12,3,49356,17409,130838,3,194749,1.5202362520786743,0.3723351287738197
48,80414,583,0,1,62998,60,1290,0.204,0.193,0,3,0,2,15,25507,3900,57819,19,45490,0.7834110551514021,0.4048794425308338
70,122665,719,0,1,25006,60,2292,0.154,0.224,0,1,0,34,49,76913,6392,49197,24,630328,0.2038543687737433,3.0756588155316518
34,34393,529,0,2,42743,60,851,0.419,0.297,0,1,0,30,9,27853,6156,31063,11,43418,1.242745827760656,0.6516236196893131
22,88173,716,0,0,153762,12,1271,0.179,0.173,0,2,0,43,2,37296,3827,147801,0,257548,1.7438473926554312,0.2425551010321078
62,69059,738,0,1,44815,36,1430,0.389,0.248,0,3,0,15,15,57676,3655,81217,0,42912,0.6489284679988416,1.2869510888968223
42,56198,733,1,0,110487,72,1936,0.544,0.413,0,4,0,4,14,7177,6521,96875,11,104153,1.965995836224844,0.0649572804286438
58,23994,610,2,1,36083,120,160,0.378,0.08,0,1,0,43,35,8299,5693,15496,2,94307,1.5037716190873098,0.2299911318035694
20,48448,587,1,3,48104,120,1078,0.111,0.267,0,3,0,37,0,32212,695,57661,2,87706,0.9928791099919504,0.6696185427710217
53,73696,690,0,1,43945,84,1365,0.149,0.222,0,1,1,24,23,16555,20959,62297,11,290102,0.596292929155868,0.3767123287671233
70,61539,678,0,3,56532,12,979,0.094,0.191,0,1,0,13,27,29761,7510,102154,9,62202,0.9186220344491388,0.5264358870040508
21,39679,636,0,0,74255,24,468,0.107,0.142,0,4,0,41,2,24649,3398,56540,0,56050,1.8713457661290325,0.3319462400344753
68,42500,723,1,3,51518,120,612,0.25,0.173,0,3,0,25,34,223,5001,82351,21,98301,1.212159713889085,0.0043285001649876
28,67528,678,1,4,46878,36,1461,0.136,0.26,0,1,0,10,7,19916,17852,64868,9,277719,0.6941906440196064,0.42483841378869
55,53709,665,0,3,27809,12,2423,0.243,0.541,0,3,0,36,27,17147,10769,27387,6,189875,0.5177620554831502,0.616576770945703
32,57924,611,0,1,71749,120,1558,0.164,0.323,0,1,0,33,5,41150,6001,33156,9,158539,1.238653431160984,0.5735191637630662
40,67264,621,1,4,141111,72,2634,0.344,0.47,0,3,0,28,16,32137,10366,125566,8,231245,2.0978369136995467,0.2277410850955269
32,59087,505,0,3,112328,36,1676,0.17,0.34,0,0,0,17,13,35842,4326,107034,11,48974,1.9010289737340915,0.3190805580037212
55,29645,595,0,3,24178,72,901,0.381,0.365,0,3,0,36,20,22580,3636,21156,11,28356,0.8155569048100925,0.9338682327639688
25,46015,803,0,1,24213,84,683,0.356,0.178,0,4,0,0,2,6660,7394,34721,3,131301,0.5261865438108484,0.2750474931857603
32,61279,673,0,1,133936,60,2479,0.084,0.485,0,4,0,46,7,6644,1697,108913,14,101852,2.1856396866840733,0.0496054114994363
47,34938,767,0,0,73792,120,422,0.403,0.145,0,4,1,1,18,2487,9173,102737,2,1870,2.1120238129311084,0.0337023836949304
27,23359,653,0,0,8656,36,998,0.614,0.513,0,3,1,36,3,4948,3888,15058,5,87745,0.3705479452054794,0.5715605868083632
23,21744,517,0,3,16245,60,591,0.515,0.326,0,0,1,2,3,13728,607,8989,4,81521,0.7470682915612784,0.8450080019697156
71,66883,680,0,0,7189,48,2134,0.312,0.383,0,4,0,32,15,5405,17260,9081,23,325807,0.1074846002033371,0.7517385257301809
73,42803,643,0,3,59101,60,1357,0.337,0.38,0,4,0,0,46,778,10726,29006,13,23346,1.3807354452854874,0.0131636831240905
57,149260,657,0,3,214841,60,3228,0.168,0.26,0,2,0,0,14,13329,31455,197672,12,82762,1.4393646029438367,0.062040941715307
52,67456,717,0,1,100529,72,299,0.109,0.053,0,3,0,7,17,52919,16274,123915,5,253363,1.4902678743495856,0.5264000795782353
39,20105,568,1,2,15076,60,737,0.517,0.44,0,1,0,9,17,1278,3171,9412,1,43779,0.7498259226101661,0.0847648736486038
72,40733,686,0,3,68425,12,411,0.183,0.121,0,1,0,29,21,20270,11353,134572,24,14026,1.6798006579270388,0.2962324262707158
22,43911,520,0,1,96015,72,1830,0.272,0.5,0,0,0,12,3,20231,9312,105678,3,97934,2.18653215521953,0.2107044659223462
20,126995,673,1,3,133972,48,1207,0.289,0.114,0,2,0,3,1,81012,36267,154740,0,395532,1.0549308639642194,0.6046890045009069
68,50191,482,2,1,84982,12,520,0.047,0.124,0,1,0,4,49,8224,5920,98673,14,80816,1.6931383487408351,0.0967722956355977
60,46566,679,1,2,68249,12,915,0.378,0.236,0,1,0,2,41,38364,11352,102770,17,66476,1.465608692851161,0.5621098901098901
18,45839,664,0,1,39318,48,412,0.114,0.108,0,1,0,10,0,24363,6137,49903,0,142661,0.8577225130890053,0.6196241003077393
37,160397,424,0,4,114446,12,2565,0.254,0.192,0,1,0,9,14,68070,47942,67705,18,333746,0.7135126373146797,0.5947731264253322
29,53023,663,0,0,11467,72,941,0.146,0.213,0,2,0,23,4,27006,1973,5255,10,177362,0.2162605612552806,2.354900592954308
36,29303,508,0,1,45235,84,128,0.014,0.052,0,2,0,34,8,17126,4913,56241,3,-18576,1.5436459186459186,0.378592271642055
57,61597,506,0,3,94097,12,1769,0.332,0.345,0,1,0,44,15,30354,8765,86090,16,169386,1.52759829864606,0.3225785882803035
50,56270,678,0,3,82670,24,1284,0.314,0.274,0,3,0,27,10,21096,9931,92647,8,-22700,1.4691404098025629,0.2551801720071125
25,98004,640,1,3,209192,36,1795,0.201,0.22,0,1,0,19,5,55500,18306,393531,7,-127759,2.1345033416662416,0.2653052444393455
73,41943,655,1,3,18275,72,1690,0.285,0.484,0,3,0,2,41,36816,1507,36532,0,162433,0.4356999809269502,2.014445173998687
60,39459,497,0,4,17835,36,1188,0.443,0.361,0,1,1,30,22,19678,7673,32206,15,75551,0.4519766852508869,1.1032742767436643
26,29738,685,0,1,61940,72,794,0.157,0.32,0,1,1,9,3,23439,7366,61680,4,70997,2.082786912808097,0.3784084854942606
31,87110,816,0,1,167672,60,1833,0.569,0.253,0,2,0,31,11,46832,3456,238914,11,90197,1.9248085775619608,0.27930555307056
38,25563,593,0,3,33981,12,706,0.18,0.331,0,3,0,33,6,10645,2083,18503,5,103376,1.329252073227977,0.3132540756871285
30,59292,559,0,3,20724,48,1964,0.361,0.397,0,1,1,37,6,33857,10696,37968,6,154284,0.3495184929081004,1.633630880579011
63,39804,686,0,3,37937,84,1654,0.246,0.499,0,1,0,33,16,24075,7509,45320,23,164451,0.9530712222082652,0.6345880120196109
50,72408,608,0,4,149053,72,1840,0.227,0.305,0,1,0,31,17,30676,7121,136016,8,150681,2.058487204629259,0.205804607726059
56,139333,639,1,1,79161,48,5048,0.175,0.435,0,0,0,37,27,124663,7004,87005,11,137615,0.5681384299596652,1.5747833556504385
72,82064,655,0,3,56644,36,502,0.271,0.073,0,3,1,10,19,30728,18485,42929,17,56269,0.6902333516115274,0.5424662370906523
18,93011,756,0,1,109418,12,3900,0.399,0.503,0,1,0,10,0,63094,19317,206370,0,197921,1.176385842686965,0.5766274595819739
70,34263,633,1,4,41614,12,1235,0.281,0.433,0,0,0,15,35,15953,4673,62376,24,15865,1.2145108568760214,0.3833473507148864
70,58628,693,1,1,42842,48,1432,0.109,0.293,0,1,0,4,21,40022,13223,80635,12,198108,0.7307305258489826,0.9341549377961392
58,34614,631,0,4,66159,72,1033,0.596,0.358,0,2,0,1,15,17270,1492,91009,9,55008,1.9112812364581828,0.2610338573155985
63,69942,481,0,4,31738,72,2100,0.394,0.36,0,0,1,18,26,44047,17797,27955,3,104729,0.4537694980198161,1.3877878950187466
23,46547,542,1,1,75450,24,216,0.231,0.056,1,1,0,27,4,36973,2244,107819,2,22810,1.6209074503738077,0.4900266398059668
54,97137,713,0,3,131760,84,1764,0.258,0.218,0,1,0,10,33,5565,5148,161463,6,170937,1.3564207622145814,0.0422355628752058
66,124771,520,1,0,109009,12,716,0.114,0.069,0,3,0,16,37,89590,9479,56609,20,564180,0.8736655659923701,0.8218512063113476
52,42205,659,0,3,26729,24,844,0.258,0.24,0,1,0,29,15,35928,8904,23888,13,50426,0.6332985831398379,1.344107744107744
74,50916,605,0,4,69767,60,213,0.436,0.05,0,2,1,44,24,31734,3523,88463,15,151000,1.370210342321818,0.4548503611971104
53,108479,548,0,0,29890,84,655,0.131,0.072,0,1,0,41,12,54695,16551,54054,20,110458,0.2755346607669616,1.829814994479944
34,102991,603,0,4,189643,120,3600,0.573,0.419,0,3,0,13,15,51768,29751,150519,7,238226,1.8413371912381544,0.2729746261416127
58,40524,677,0,2,37891,60,1504,0.269,0.445,0,3,0,5,18,23435,7001,43742,13,62540,0.935003084515731,0.6184682782645413
44,112365,604,0,0,200178,60,1289,0.189,0.138,0,0,0,35,17,41037,7598,348030,17,-85542,1.7814819429364754,0.2050015236363454
27,47841,756,0,1,50168,84,372,0.148,0.093,0,1,0,42,4,5005,6653,37367,6,149327,1.048618368797291,0.099762801730152
64,167513,704,0,3,363051,48,1827,0.34,0.131,0,1,0,2,39,11085,35192,132951,20,615936,2.1672875102976468,0.0305328162356907
34,17477,582,0,4,6418,120,415,0.523,0.285,0,1,0,45,5,6259,4441,8854,8,45450,0.3672044856390891,0.9750739990652748
71,92435,758,1,4,33119,24,3756,0.277,0.488,0,0,0,47,43,20548,8797,56607,11,96227,0.3582911419793154,0.6204106280193237
52,34185,619,0,0,74478,60,1109,0.076,0.389,0,3,1,14,16,18427,8345,75437,24,30480,2.178611127362078,0.2474120221807489
39,52438,775,0,3,13398,72,1896,0.339,0.434,1,0,0,11,10,40922,5178,24721,17,70159,0.2554968630217967,3.0541085155608627
47,34254,636,0,2,29676,120,202,0.168,0.071,0,2,0,48,27,29430,666,20829,7,29391,0.8663260837833893,0.9916770563062304
57,52707,621,0,3,32183,120,1993,0.313,0.454,0,2,0,25,13,10466,2888,31512,16,89738,0.6105904227062305,0.3251926423067363
44,47607,595,0,3,62444,84,1660,0.587,0.418,0,4,0,5,23,22266,7074,26411,13,118912,1.3116282977650815,0.3565697814076387
26,57923,738,2,2,101951,72,952,0.254,0.197,0,4,0,48,7,37651,2948,94393,5,227294,1.7600821766452592,0.3693012397991211
35,33286,701,1,4,71012,120,534,0.039,0.193,0,2,1,41,9,13457,8339,138213,4,11141,2.133325322197855,0.1895005139903961
33,13869,581,2,3,7497,84,134,0.338,0.116,0,2,0,1,10,3067,3612,3010,4,25719,0.5405191059841384,0.4090424113096826
51,37433,785,1,0,75316,48,626,0.069,0.201,0,2,0,28,23,30947,9505,75621,20,-7010,2.01196772987124,0.4108899717195321
37,44093,580,0,1,13043,72,1185,0.153,0.322,0,3,1,36,16,31834,6661,21367,13,103386,0.2957998820701229,2.4405090463048147
29,78967,684,1,1,23396,12,329,0.229,0.05,0,0,0,16,9,52175,12856,40723,10,104764,0.2962719076081451,2.22998675043809
68,63371,700,0,1,122463,120,2742,0.205,0.519,0,3,0,20,46,56784,9309,37119,10,242882,1.9324465063434957,0.4636791220276979
53,41846,695,0,0,59990,24,774,0.17,0.222,0,0,0,26,21,18340,7373,77574,5,89837,1.433555571486606,0.3057125235451984
38,81003,679,0,3,155933,24,618,0.278,0.092,0,2,0,27,9,48078,10929,269057,15,75518,1.9250037035208136,0.3083227519335103
29,51470,833,0,1,108095,36,424,0.359,0.099,0,1,0,15,4,20759,1653,45862,9,220026,2.100114627654407,0.1920422587329781
73,49606,561,0,1,101151,48,1599,0.174,0.387,0,1,0,20,50,9308,2319,75234,5,115122,2.039046908702401,0.0920199304017715
52,30722,660,0,4,51450,24,460,0.344,0.18,0,0,0,27,11,14744,4568,26126,22,133280,1.674641148325359,0.2865639151814347
28,36600,637,0,0,79743,36,193,0.317,0.063,0,2,0,5,3,18264,4591,102428,10,-37720,2.1787109641813065,0.2290329052969502
28,58823,700,0,1,51552,60,465,0.458,0.095,0,3,0,41,7,46021,1211,51720,5,91923,0.8763769889840881,0.892692956762943
48,56075,574,0,3,7553,12,1448,0.078,0.31,0,1,0,47,19,1166,5107,13108,4,190824,0.134692203438191,0.1543553084458565
50,70050,565,0,1,14794,12,2760,0.147,0.473,0,1,0,1,31,29095,1111,14578,12,95980,0.2111889908780745,1.966542750929368
64,79227,756,0,1,138534,60,2595,0.74,0.393,0,3,0,44,25,31608,5390,188689,4,112903,1.7485484929570354,0.2281589490020572
56,31007,590,0,3,24840,36,1409,0.366,0.545,0,1,0,13,24,11977,1912,46325,3,22309,0.8010835913312694,0.4821464514311018
18,108298,540,2,2,183125,60,681,0.098,0.075,0,1,0,5,0,45674,24577,312415,0,-18196,1.6909205071145623,0.2494129724888874
71,33784,717,2,1,30157,60,913,0.226,0.324,1,3,0,40,41,21752,4211,10160,13,171778,0.8926150658576292,0.721267988593408
31,44913,667,1,0,73135,48,1416,0.225,0.378,0,0,0,27,9,24114,1930,49725,6,81615,1.6283341497083317,0.3297145044847954
18,181601,583,0,1,234877,84,5961,0.225,0.394,0,1,0,8,0,94348,33736,319191,0,368819,1.2933613065935397,0.4016893876821158
64,68544,689,0,3,35339,48,1610,0.034,0.282,0,3,0,39,16,48892,13261,67587,11,309148,0.5155591217448392,1.3834748160724393
45,30638,672,0,4,34152,12,1239,0.378,0.485,0,4,0,0,24,19128,4840,67820,11,19262,1.1146577890923333,0.5600679296108687
28,58319,634,2,3,44919,36,1298,0.218,0.267,0,1,0,20,3,40136,4314,62616,6,129365,0.770216049382716,0.893499554764025
47,44552,646,1,3,53482,12,1669,0.35,0.45,0,0,0,23,12,15075,6938,106358,18,29183,1.200412991268826,0.2818652655984144
19,36030,618,0,3,9587,48,916,0.143,0.305,0,0,0,15,0,15431,3840,17521,0,26840,0.2660764341816768,1.609407592824364
49,40919,574,1,3,51798,12,1721,0.243,0.505,0,3,0,14,18,25139,2387,53893,11,126047,1.2658357771260995,0.4853182493870538
48,64226,607,0,2,111803,36,907,0.135,0.169,0,1,0,48,18,40306,4321,66165,11,24221,1.7407476606411634,0.3605058852992737
19,74401,805,0,1,42116,48,656,0.453,0.106,0,0,0,10,0,24863,8344,56670,0,112871,0.5660600521491358,0.5903316950400076
32,62587,728,2,0,91382,36,637,0.154,0.122,0,1,0,7,8,54027,14783,54824,14,301159,1.4600562408129354,0.5912149962246808
72,154410,635,2,1,330240,24,2395,0.33,0.186,1,0,0,28,45,121378,9944,241575,2,175610,2.13870773455259,0.3675437029321011
41,106725,619,0,1,130057,24,3980,0.206,0.448,0,0,1,31,20,44656,25268,143169,6,61253,1.2186065251204017,0.3433545033754171
32,68226,560,0,1,65616,60,2775,0.251,0.488,0,1,0,13,9,7363,16051,55686,9,83954,0.9617306931273544,0.1122117743877348
73,48353,757,0,1,28981,12,952,0.324,0.236,0,0,1,12,37,6055,12498,49098,7,209471,0.5993506224924515,0.2089227796563384
63,48180,751,1,0,52736,72,1585,0.349,0.395,0,2,0,46,24,3344,13056,64387,3,113822,1.0945393412340965,0.0634089917894457
41,82130,633,0,2,86446,12,1248,0.392,0.182,0,1,0,42,21,20369,267,121003,22,133216,1.0525380185313706,0.2356241396462572
32,119747,613,0,3,187747,84,2812,0.469,0.282,1,3,0,19,5,49282,17904,175405,9,307467,1.5678508200554495,0.262490146366406
53,24481,760,0,3,26084,72,270,0.22,0.132,0,1,0,42,33,19658,1244,21889,6,72760,1.0654358304060123,0.7536131876557408
63,30840,663,0,4,4724,48,320,0.171,0.125,0,0,0,24,37,9543,633,4461,11,144114,0.1531727246198242,2.0196825396825395
63,57926,705,0,3,44413,48,833,0.141,0.173,0,3,0,25,16,13946,3608,73041,21,137716,0.7667063718127989,0.3140000900616922
25,38667,579,0,3,85029,12,712,0.329,0.221,1,0,0,28,2,24946,135,121482,5,36047,2.198950036205648,0.293378807479713
54,85756,701,2,1,143230,72,3097,0.255,0.433,0,3,0,30,35,54250,2222,234992,11,36647,1.6701843581281994,0.3787587882511467
52,117599,506,0,1,39282,72,2692,0.266,0.275,0,1,0,20,31,60576,11592,21140,16,368518,0.3340306122448979,1.5420410864750655
18,39805,620,0,0,74762,72,1162,0.281,0.35,0,1,0,45,0,21866,3496,93087,0,73554,1.8781590714967595,0.292470874630499
57,118141,612,0,1,258415,120,1072,0.253,0.109,0,1,0,24,37,99745,5822,433116,20,147226,2.187325421949857,0.3859861618475636
44,49562,589,0,0,22638,72,418,0.336,0.101,0,1,0,11,19,17707,61,22224,21,147841,0.4567520125900369,0.7821458544988736
40,41640,551,0,1,11396,48,818,0.405,0.236,0,2,0,7,10,31488,2109,16276,22,185058,0.2736725823107034,2.7628323242958674
49,57131,769,1,1,21858,36,1084,0.205,0.228,1,3,0,5,18,5092,10278,14452,3,285807,0.3825876916614156,0.2329475273342788
44,37440,605,0,2,9892,48,261,0.416,0.084,0,4,0,6,12,2589,9537,10945,18,54248,0.2642023450228359,0.2617001920549884
37,73142,741,0,3,124409,48,2678,0.49,0.439,0,0,0,23,14,28365,11999,168335,4,211117,1.7009009748027837,0.2279961417892452
62,42352,627,0,1,12185,120,1606,0.253,0.455,0,3,0,41,27,8339,7304,18871,17,95511,0.2877009893041815,0.684309863778106
31,71817,535,0,1,66011,120,312,0.226,0.052,1,1,0,1,6,35170,3804,35999,12,351930,0.9191428332729956,0.5327819184390716
44,70751,792,2,1,119593,84,2500,0.051,0.424,0,3,1,30,14,11403,11898,145935,2,34179,1.6903126413387608,0.0953475926885964
31,66282,537,0,0,102830,120,483,0.13,0.087,0,1,0,48,5,10238,7009,166604,12,-112662,1.5513781814341536,0.0995614163044218
61,23923,766,1,0,52370,72,969,0.232,0.486,0,1,0,47,30,3898,7030,53470,5,-16104,2.189015214847016,0.0744305054323958
62,121962,675,0,0,195332,84,2167,0.096,0.213,0,4,0,3,26,28536,10393,223788,2,389802,1.601567688561285,0.1460889864999769
31,49941,748,0,3,9875,84,584,0.06,0.14,0,0,0,39,4,22965,1281,11345,9,48430,0.1977293660646349,2.325334143377886
38,77341,654,1,3,135635,36,602,0.202,0.093,0,0,0,9,18,67876,4540,99984,17,355576,1.7537043262393008,0.5004276150874399
19,30676,725,2,4,17342,120,1221,0.07,0.478,1,0,0,43,0,20302,717,28555,0,36628,0.5653095152720279,1.170616387014934
41,44824,621,0,1,37256,120,1926,0.49,0.516,0,1,0,17,20,29118,2025,71040,16,54475,0.8311433351924149,0.7815444077622997
35,69795,630,0,3,148791,84,1054,0.147,0.181,0,0,0,46,8,54116,2725,107518,16,255941,2.1317983838615397,0.3637023495886876
72,32706,565,1,3,65204,36,847,0.606,0.311,0,1,0,2,48,11819,3314,43553,13,28645,1.9935793561011403,0.181259105896787
71,159705,613,2,3,128982,60,3132,0.186,0.235,0,1,0,42,49,32532,41106,75880,2,477722,0.8076215045145455,0.2522192847119388
66,36163,618,0,1,19317,36,748,0.145,0.248,0,1,0,4,40,25574,5911,14362,7,189895,0.534149983408915,1.3238430479345689
32,69833,610,0,4,63741,120,1832,0.162,0.315,0,3,1,41,13,45454,11980,34905,1,138036,0.912750236274594,0.7130934078001946
45,66564,621,1,1,118394,36,1131,0.217,0.204,0,0,0,29,20,30993,14896,165414,15,106810,1.7786223991587171,0.2617762574433042
75,34705,598,0,2,41614,12,913,0.184,0.316,0,3,0,3,43,22639,7951,52361,14,36799,1.1990433930732438,0.5440105731106573
39,86726,602,0,0,53039,72,3707,0.08,0.513,1,1,0,42,10,73175,9140,38886,9,350619,0.6115627197989092,1.3796191553544497
60,39506,673,0,3,49769,12,1686,0.536,0.512,0,0,0,38,20,4669,10770,29692,9,67158,1.2597514364542992,0.0938115330520393
70,46123,711,0,0,59894,24,1918,0.224,0.499,0,3,0,38,29,40919,12874,65631,0,182477,1.2985430578440724,0.6831788964020369
56,49330,709,0,1,19857,72,1111,0.188,0.27,0,1,0,35,17,23294,2839,29577,15,238979,0.4025257951389592,1.1730285023668043
18,79675,699,0,3,147297,12,3505,0.196,0.528,0,0,0,5,0,38092,13591,84481,0,258612,1.8486997339223856,0.2586050048201604
59,24196,639,1,3,24698,48,722,0.145,0.358,0,3,0,22,24,4069,7028,15395,12,115445,1.0207050460800926,0.1647435118830721
55,28271,670,2,0,3058,12,195,0.144,0.083,0,3,0,32,30,6022,1849,5018,22,120372,0.1081635540464063,1.9686171951618177
19,41717,593,0,1,73044,72,711,0.234,0.205,1,3,0,19,0,11063,7808,80634,0,69863,1.7508988925643607,0.1514545827914299
71,66310,696,0,1,18636,60,1270,0.376,0.23,0,3,0,46,26,9346,2473,33640,15,13759,0.2810393449050685,0.5014755593711434
71,31259,488,0,0,21535,48,342,0.481,0.131,0,2,0,38,34,26902,3803,27154,11,153262,0.6888995521433141,1.249164190193165
43,38757,733,2,2,66434,24,1260,0.186,0.39,0,0,0,39,16,27416,6001,35713,21,128318,1.7140719335363022,0.412674042296982
36,83618,708,1,0,38688,48,3388,0.117,0.486,0,2,0,42,5,38316,5292,30059,13,373344,0.4626699673519176,0.990359016774794
72,55207,744,0,1,98067,84,2256,0.313,0.49,0,1,0,21,39,1210,7865,161510,8,41019,1.7763186494710912,0.0123383774523799
64,56496,590,0,4,92957,36,1972,0.239,0.419,0,0,0,11,45,18984,1128,177777,24,-116097,1.6453440005664015,0.2042212612147421
48,59123,580,2,0,120033,120,1522,0.345,0.309,0,0,0,23,29,5795,9301,63360,4,3980,2.0301907854678305,0.0482779879034273
65,42159,548,0,3,68332,84,1224,0.211,0.348,0,0,0,17,29,2994,4616,85710,13,40147,1.6207779886148008,0.0438148478773067
27,87560,850,2,1,11432,120,491,0.185,0.067,0,1,1,44,4,3227,4885,16893,6,118640,0.1305604093146492,0.2822531269133211
44,52171,764,0,0,98107,36,938,0.112,0.216,0,3,0,31,24,23063,4943,159081,2,24349,1.880453116614276,0.2350776695070738
37,49586,562,0,1,37709,84,1274,0.095,0.308,0,4,0,1,8,774,3194,60673,3,111612,0.7604614112569826,0.0205250596658711
58,50672,608,0,1,64696,84,1503,0.198,0.356,0,1,0,24,32,1898,4477,118914,12,122133,1.2767351449489863,0.0293367544090143
28,55726,800,2,3,100437,60,2335,0.151,0.503,0,0,0,16,9,32545,4604,157337,5,32999,1.8023040895795572,0.3240307453354308
21,47866,646,0,3,26716,24,2010,0.542,0.504,0,1,0,43,2,15597,8491,36409,1,39169,0.5581298180374789,0.5837856046711831
60,93804,805,0,0,134716,120,2084,0.317,0.267,0,4,0,37,25,37166,18364,259310,2,61746,1.4361281381589468,0.2758820341901913
35,169476,643,0,3,310249,72,1106,0.553,0.078,0,1,0,44,14,145922,28830,271544,11,596712,1.830625984646884,0.4703368251410153
20,51832,461,0,3,17089,72,551,0.25,0.128,0,3,0,33,1,22627,13026,14967,0,215561,0.3296934385430131,1.323990637799883
38,40641,602,1,4,51065,120,198,0.191,0.058,0,0,0,33,18,6506,9576,17438,11,40177,1.2564588356872202,0.1274037520072063
64,50819,653,1,4,92234,72,225,0.313,0.053,0,1,0,31,20,10850,8499,133322,20,36533,1.8149153876426605,0.1176343036808153
57,63726,654,0,1,124547,48,1117,0.049,0.21,0,4,0,31,37,30919,16481,248506,1,-22860,1.9543835422976128,0.2482496708096477
35,24942,791,0,1,28265,48,321,0.608,0.154,0,3,0,22,15,10037,139,28069,1,47042,1.1331836587419315,0.3550909219557065
44,25889,838,1,0,42516,72,365,0.155,0.169,0,1,0,18,18,7133,4115,55374,20,68992,1.642178447276941,0.1677681868429099
44,72039,671,0,3,126066,72,2316,0.345,0.386,0,1,0,30,17,28263,13585,60786,9,334374,1.7499444752915048,0.2241903115010272
50,53423,513,0,0,87602,72,2433,0.406,0.546,0,0,0,37,18,34304,15296,95403,12,28581,1.6397499251272836,0.39158476307889
60,47938,455,0,4,81512,84,242,0.174,0.061,0,1,0,44,38,8402,8387,26868,18,208936,1.7003274995306534,0.1030755830358347
28,80352,656,1,1,35116,36,1548,0.52,0.231,0,3,0,39,7,53927,15292,65310,8,180876,0.4370216420046545,1.5356380100805878
58,80517,598,0,3,160184,24,1526,0.394,0.227,0,3,0,24,26,60974,5205,211799,10,88390,1.9894185151146329,0.3806473764709555
44,56709,737,2,1,32617,60,802,0.253,0.17,0,3,0,9,17,21262,5313,62946,18,-4395,0.5751542937753482,0.6518486725121099
73,76801,727,0,4,163817,12,1564,0.161,0.244,0,0,0,1,52,68221,14863,136307,5,155250,2.132978307856566,0.4164438584282557
49,79994,681,1,4,67274,12,594,0.098,0.089,0,3,0,30,13,20649,4344,102233,2,57866,0.8409775610975686,0.3069342251950948
34,25620,659,1,4,39757,36,657,0.183,0.308,0,3,0,17,13,16929,6663,51263,7,49144,1.5517349049607745,0.4258010966346395
38,56887,741,0,2,80933,120,1141,0.171,0.241,0,1,0,35,16,10259,10435,72273,14,71979,1.4226726198846855,0.1267576049620678
69,24944,850,0,0,46503,24,353,0.268,0.17,0,2,0,8,29,11432,2902,42498,15,52510,1.864221286831028,0.2458283158437983
21,97130,657,0,3,34168,12,876,0.066,0.108,0,0,0,44,2,68120,17123,20917,3,425113,0.3517723486837364,1.9936199479059968
49,60639,674,0,1,6627,84,1192,0.429,0.236,1,3,1,11,11,53653,7777,11853,15,236025,0.1092843007915567,8.09490042245021
34,77093,729,0,1,15992,12,880,0.16,0.137,0,2,1,41,12,2827,11557,7937,15,330098,0.2074350792538978,0.1767648346151441
28,62805,638,0,0,137209,120,2588,0.155,0.494,0,3,0,1,7,35233,1592,99537,9,195632,2.1846479635703595,0.2567815756869033
49,45763,706,0,4,27451,84,248,0.316,0.065,0,3,0,9,26,33766,4777,8333,9,129685,0.599838300847828,1.2300014570887368
33,50821,702,1,3,5631,72,605,0.098,0.143,0,4,1,18,6,5139,6867,6282,14,82544,0.1107984731021998,0.9124644886363636
65,21854,693,0,4,21831,48,592,0.458,0.325,0,0,0,31,27,2922,1798,20036,4,41388,0.9989018531228552,0.1338402345181385
43,80618,755,0,1,163223,120,531,0.178,0.079,0,0,0,21,18,26551,4906,154508,5,246661,2.024621987372704,0.1626660295054648
41,35585,772,0,1,36865,72,720,0.232,0.243,0,0,0,26,15,5027,3005,63139,15,18854,1.0359411004327546,0.1363587044973688
45,112047,697,1,1,64580,84,4592,0.031,0.492,0,3,0,16,8,11515,9173,126950,16,-8704,0.576360131372269,0.1783032161161951
18,21111,685,1,3,25789,120,277,0.492,0.157,0,1,0,3,0,1782,2699,25903,0,35657,1.2215327775672604,0.0690965490500193
50,54854,665,0,0,110833,84,1203,0.556,0.263,0,3,0,1,13,23647,14181,72294,7,66533,2.020472153860177,0.2133551076384503
21,58863,779,1,0,68027,24,1051,0.049,0.214,0,1,0,26,1,28451,11662,109953,2,-18566,1.1556639032345746,0.4182248485917563
64,21545,578,0,2,7851,60,678,0.299,0.378,0,3,1,24,28,15857,2593,13076,5,94567,0.3643831801726538,2.019485481406011
71,37526,715,0,0,20067,120,1008,0.342,0.322,0,1,1,46,26,9510,5262,37599,1,6539,0.5347349908066192,0.4738887781542754
45,61457,621,0,4,24407,36,564,0.377,0.11,0,2,1,4,25,27287,6384,28885,4,71796,0.3971330013993296,1.1179531301212715
71,32728,585,0,1,41076,84,599,0.156,0.22,0,0,0,35,18,19342,8773,72920,3,8317,1.255033762107,0.4708717773936753
70,40221,686,0,4,38014,12,394,0.434,0.118,0,2,1,24,40,13686,9172,47186,23,89328,0.9451046690865696,0.3600157832434565
20,37041,612,0,4,31898,60,1349,0.394,0.437,0,1,1,14,1,5582,8479,13670,0,41294,0.8611306084984612,0.1749898115928399
50,135708,533,0,1,70143,60,3804,0.049,0.336,0,4,0,36,23,18774,16758,130803,16,497595,0.5168632883596519,0.2676494069343065
44,59409,546,0,1,107743,12,2465,0.104,0.498,0,3,0,31,19,20815,6805,106924,14,30982,1.8135499074229928,0.1931894119394119
57,81573,776,2,3,58312,72,3654,0.405,0.538,0,1,0,8,25,30324,894,41759,1,65421,0.7148356093853434,0.5200212645550735
75,47320,649,0,4,38692,60,1835,0.314,0.465,0,3,0,47,42,11132,13077,60414,15,-5225,0.8176496692800237,0.287700617682785
70,45785,717,0,3,12037,60,1209,0.106,0.317,0,1,0,24,37,36367,1403,18477,18,239466,0.2628969554012143,3.021016780196046
20,51618,729,1,1,113478,12,946,0.133,0.22,0,4,0,16,1,36351,9352,134536,0,123236,2.1983765667680504,0.3203323963023995
70,78025,645,0,3,25978,120,2845,0.243,0.438,0,3,0,40,22,64348,18051,50026,24,342726,0.3329403019506318,2.476923669117364
56,102906,609,1,3,147677,36,3661,0.25,0.427,0,4,1,34,18,29084,25039,171014,2,264457,1.4350530090275686,0.1969419954224732
65,16280,765,0,4,29029,60,233,0.141,0.172,0,1,0,20,30,6887,2414,44767,2,25491,1.7829985873103618,0.237237340682053
27,128291,787,0,1,82128,60,4216,0.456,0.394,0,3,1,13,8,41056,26013,144449,4,194569,0.6401646244504724,0.4998965042798524
43,43470,595,1,1,73731,36,1814,0.224,0.501,0,1,0,40,15,14066,1021,118658,12,-56733,1.6960962480734283,0.190771985026854
48,26081,639,1,0,44518,60,245,0.319,0.113,0,0,0,30,16,810,3767,42753,8,69096,1.7068476343838663,0.0181944787618769
19,177408,603,0,3,21015,72,2817,0.062,0.191,0,2,0,38,0,63165,18916,19005,0,382735,0.1184550952882886,3.005567186905215
75,40427,708,0,3,4737,60,965,0.135,0.286,0,2,0,28,48,5065,10700,5751,1,133641,0.117171267438409,1.0690164626424652
61,81800,593,1,1,57354,60,2812,0.063,0.413,0,0,0,0,14,23163,8861,62664,2,35378,0.7011405728536326,0.4038531950135123
42,93839,719,0,1,61283,12,1744,0.12,0.223,0,1,0,22,13,51237,17956,68765,2,432163,0.6530583972719523,0.8360583512825533
30,56907,579,0,3,112294,72,1200,0.28,0.253,0,2,0,18,7,49121,15586,194914,12,146400,1.9732550783721092,0.4374282025023376
47,46507,722,0,1,11267,72,663,0.14,0.171,1,1,1,26,20,22320,11619,11690,7,228217,0.2422593962329061,1.980830670926517
20,96862,690,0,3,210374,72,2419,0.087,0.3,0,0,0,32,1,65149,12150,68763,0,291487,2.171871612483611,0.3096803327391563
37,60203,681,0,4,48294,120,2730,0.343,0.544,0,1,0,13,16,36235,16607,23491,9,111247,0.8021726131154077,0.7502847085619629
67,52847,821,0,1,14503,48,755,0.137,0.171,0,1,0,15,41,37606,8579,5321,16,205437,0.2744285498032092,2.5928019856591287
27,31964,648,0,0,16659,120,580,0.347,0.218,0,0,0,41,3,12040,7905,10896,7,57776,0.5211637728765838,0.7226890756302521
57,99163,581,0,4,54404,84,2013,0.041,0.244,0,3,1,22,33,55383,9439,60620,22,405077,0.5486265176878706,1.017976288944031
25,34758,588,0,4,4020,60,923,0.329,0.319,0,1,0,25,2,23071,8165,5376,3,43849,0.115653499812998,5.737627455856752
63,45993,592,0,2,74728,72,584,0.405,0.152,0,1,0,43,26,30486,3712,137041,19,-9535,1.6247336609122929,0.4079540740542493
34,58850,573,2,0,109809,120,586,0.327,0.119,1,3,0,0,14,50808,8092,202393,8,327,1.8658816332772596,0.46269010108369
40,19910,572,0,3,34483,48,865,0.252,0.521,0,3,0,5,7,10725,1582,29192,7,56549,1.7318567625935413,0.3110138035030739
39,32758,683,0,3,9581,48,1283,0.116,0.47,0,2,0,37,17,28020,1828,16191,0,120955,0.2924692450929516,2.924232936756418
31,22264,503,2,4,11448,12,685,0.286,0.369,0,1,0,23,11,12182,4421,8222,9,27846,0.5141702223220301,1.0640230587824264
55,135087,775,0,3,127972,36,2984,0.238,0.265,0,1,0,10,33,64017,13514,51271,15,555689,0.947323226341348,0.5002383315230556
69,50684,744,1,3,77236,120,1058,0.453,0.25,1,3,0,14,26,38166,12079,23255,17,62026,1.5238433461576404,0.4941414089102373
19,70140,491,0,2,39547,24,3083,0.402,0.527,0,0,0,16,0,44018,8284,69234,0,61837,0.5638214453743174,1.1130272074441183
29,62997,584,1,3,98776,60,381,0.161,0.073,0,3,0,17,3,18679,5581,144079,7,87713,1.5679227911997209,0.189102726343177
53,86983,607,0,4,120100,60,1960,0.162,0.27,0,0,0,12,28,77247,18831,165240,23,127530,1.3807136944725469,0.643183653758087
20,34304,684,1,0,45264,120,1052,0.574,0.368,1,4,1,33,1,24844,8604,88818,1,96048,1.319457804984696,0.548856732574837
43,50727,754,0,3,105589,72,2172,0.29,0.514,0,1,0,18,21,22214,12282,61673,7,969,2.081473742311938,0.2103797708116299
50,48834,672,1,3,14282,84,1302,0.493,0.32,0,1,0,23,28,1124,9640,7463,1,103585,0.2924541824511109,0.0786949520408877
21,37313,769,0,1,46591,24,480,0.152,0.154,0,1,0,34,2,29053,925,89366,0,8541,1.2486198209787212,0.6235619848901099
41,95632,637,0,3,83051,72,1493,0.249,0.187,0,0,0,39,20,81735,24348,72005,6,118441,0.8684345361956647,0.9841424649617108
48,116430,615,0,4,206793,60,1290,0.376,0.133,0,2,0,20,18,11997,8720,250567,2,-23242,1.7760991488521098,0.0580142557327582
19,115413,611,1,1,20722,48,3818,0.28,0.397,0,3,0,20,0,77437,33225,7442,0,564163,0.1795449425546294,3.736765912271389
28,68059,507,0,4,88150,120,2934,0.288,0.517,0,3,0,19,8,1101,19615,150819,9,191973,1.2951807228915662,0.0124899320484169
25,23297,618,0,4,49082,84,128,0.107,0.066,0,3,0,20,3,5002,2717,53084,7,-20065,2.106704438149197,0.1019090112666299
40,61574,576,1,3,76356,48,755,0.129,0.147,0,3,0,8,17,37930,10971,66794,2,279794,1.2400487210718636,0.4967455505061749
75,33206,577,2,1,36747,84,973,0.132,0.352,0,1,0,41,47,7997,3276,64172,20,82009,1.106604029270937,0.2176172852944378
24,87438,665,0,2,127119,60,1058,0.106,0.145,0,4,0,22,5,39051,6710,144811,1,230432,1.4538020791637598,0.3071979232221523
59,66130,650,2,4,94836,84,640,0.017,0.116,0,1,0,18,26,57327,13570,91281,24,99530,1.434062693744235,0.6044792644221137
29,107544,676,0,4,174448,24,2246,0.223,0.251,0,2,0,9,5,29070,16613,218180,8,308924,1.622093077316472,0.1666389603838371
57,25381,621,0,1,50574,60,186,0.7,0.088,0,1,0,44,25,10037,537,71252,7,-46638,1.9925143802694825,0.1984577360355907
51,87916,770,0,3,81034,84,1305,0.258,0.178,0,1,0,48,26,72745,2164,107884,22,328540,0.9217102494398124,0.8976985253285618
28,76600,541,0,4,158644,12,1386,0.209,0.217,0,1,0,15,7,28771,5675,149110,6,-19055,2.0710434589626767,0.1813545967411516
34,71226,692,0,1,12893,12,1262,0.232,0.213,0,3,0,29,6,7785,19528,23215,12,113181,0.1810128181728838,0.6037691949744067
52,124833,653,1,1,162436,120,1993,0.269,0.192,0,0,0,23,33,104920,7750,85575,1,595498,1.3012160148677443,0.6459119535573792
40,25315,608,0,1,41590,36,759,0.539,0.36,0,1,1,37,6,9758,5564,37389,18,4660,1.6428345710222785,0.234618066408598
38,54271,602,0,4,115150,60,2346,0.1,0.519,0,0,1,15,8,1474,804,195373,8,-46734,2.121720224056604,0.0128005835815581
19,82318,728,0,4,155200,84,2870,0.535,0.418,0,4,0,20,0,20078,16583,70980,0,194797,1.88534846147305,0.1293677231461137
61,73495,642,1,4,76812,48,2685,0.753,0.438,0,2,0,28,39,31200,15038,141828,7,158056,1.0451181016653968,0.4061812453621132
23,111070,608,0,1,218359,12,534,0.364,0.058,0,2,0,25,4,30646,6031,424984,0,-310671,1.9659407045943589,0.1403462172559076
70,35516,647,1,3,13521,60,831,0.118,0.281,0,3,1,13,16,3840,5158,21888,19,133845,0.3806909367345215,0.2839816595178228
47,13619,658,0,4,15021,120,426,0.073,0.375,0,1,1,3,24,475,1111,28117,2,-8744,1.102863436123348,0.0316202902409799
47,46931,741,0,1,27829,36,2050,0.463,0.524,0,4,0,30,8,4314,10831,19223,9,57695,0.5929642887582034,0.1550125763564498
54,38759,722,0,3,24514,84,1549,0.13,0.48,0,2,1,33,11,1194,525,32733,4,100603,0.6324561403508772,0.0487048745665918
43,39940,517,0,3,38853,24,761,0.41,0.229,1,3,0,24,21,29965,10713,18912,14,108043,0.972759820735585,0.7712204663612499
33,47949,850,0,3,88500,48,2017,0.196,0.505,0,3,0,47,12,37693,7219,43487,12,87849,1.8456725755995829,0.4259047920362482
66,37261,554,1,3,48405,84,163,0.199,0.052,0,1,1,2,26,609,2287,19424,24,144434,1.2990446030808869,0.0125810849894641
28,52081,741,0,0,114521,24,1795,0.273,0.414,0,1,0,22,5,42333,382,76573,5,29932,2.1988594908029646,0.3696494996594541
38,35777,782,0,0,7166,36,1559,0.267,0.523,0,3,1,14,8,31460,9168,10817,16,69968,0.2002906814243389,4.389563276126692
50,46321,704,0,3,78047,120,1880,0.117,0.487,0,1,0,33,26,9251,8756,26913,2,32256,1.684879754760157,0.1185296227962279
36,120434,766,0,1,26222,24,4292,0.233,0.428,0,2,0,30,16,35625,35019,29592,15,556805,0.217727404824179,1.3585402127902986
36,53293,616,0,2,69035,84,2109,0.155,0.475,0,1,0,47,13,4125,14249,81349,9,-3621,1.295361579164634,0.0597514340344168
71,102736,657,1,3,208658,24,3690,0.249,0.431,0,0,0,7,31,48214,1231,177085,12,53631,2.0309917556479165,0.2310659976325008
67,104387,657,0,1,28407,48,4195,0.24,0.482,0,3,0,40,33,71747,9486,53293,7,284456,0.2721289803425681,2.525591382709096
24,31185,649,0,0,21832,72,496,0.745,0.191,0,0,0,10,5,14526,4491,37718,1,117326,0.7000577182068877,0.6653231347043467
24,36560,684,0,2,15994,24,1129,0.354,0.371,0,2,0,48,5,8943,6463,16544,2,105600,0.4374606821476436,0.559112222569553
40,46676,568,0,1,36088,72,1916,0.156,0.493,0,0,0,37,12,35445,7219,52579,11,145079,0.7731430897444137,0.9821552273545956
64,50906,684,0,3,76623,84,2224,0.535,0.524,1,0,0,35,35,37531,5246,144194,1,-46172,1.5051564617832518,0.4898073710586761
72,38116,745,1,1,54844,84,242,0.214,0.076,0,2,0,13,50,31152,4640,72474,20,47565,1.4388330666106983,0.5680007293281065
43,70025,819,0,0,29926,36,1158,0.214,0.198,1,3,0,1,14,56133,10363,38177,22,244168,0.4273555536515008,1.875664116015638
72,80126,728,0,3,69388,36,469,0.167,0.07,0,0,0,32,32,68522,1093,30206,5,87999,0.8659752642679746,0.987505224170978
32,58576,809,1,0,46430,12,330,0.182,0.068,0,1,0,34,13,17908,3985,88661,6,147833,0.7926319203783054,0.3856905946458185
30,71237,557,0,3,91854,72,3179,0.307,0.536,0,1,0,44,7,28555,2530,125090,9,122006,1.2893961088183272,0.3108703935550596
50,49061,663,0,3,14642,72,2044,0.088,0.5,0,0,0,35,15,41573,3868,19927,0,95920,0.2984387102034161,2.839104008741378
39,54041,652,0,3,81650,12,1558,0.296,0.346,0,0,0,7,16,23887,8744,49392,7,22836,1.5108619222086526,0.2925499993876376
38,19369,663,1,1,16917,72,109,0.405,0.068,0,2,0,7,11,5879,4428,30618,17,63458,0.8733608673205988,0.3474997044567915
44,76103,552,0,0,130982,48,3399,0.169,0.536,0,2,0,35,17,8707,15311,61699,6,307572,1.721092189635236,0.0664742752876327
55,31741,585,0,1,57231,24,1172,0.266,0.443,0,1,0,4,22,14992,4211,91549,5,85453,1.8030054816961756,0.2619513558848196
47,39838,716,0,1,22591,36,1228,0.265,0.37,0,1,0,12,17,24027,3254,14042,14,160621,0.567057406059389,1.063518059490085
31,36599,777,0,0,68376,48,890,0.255,0.292,0,0,1,8,7,8978,9659,76835,9,96104,1.8681967213114756,0.1313014610175936
30,31285,831,1,4,50883,48,1241,0.235,0.476,0,3,0,15,11,19261,2227,66435,11,-27638,1.6263824074665985,0.3785276314755129
26,43647,577,0,0,28452,72,1411,0.074,0.388,0,3,0,19,6,11286,3741,39034,8,148086,0.6518511730205279,0.3966541313745475
40,27060,758,0,0,32870,120,174,0.296,0.077,0,1,0,14,16,6874,3022,12563,17,112869,1.2146631683973246,0.2091205013537768
25,45763,811,2,3,33254,48,1205,0.139,0.316,0,3,1,45,5,34678,8653,46805,6,98405,0.7266410278821781,1.0427905578108556
42,59432,713,1,1,39411,12,419,0.436,0.085,0,0,1,32,8,12397,10588,40040,21,48583,0.6631164504568169,0.314548868364965
47,74785,691,2,3,62442,60,2685,0.559,0.431,0,4,0,3,17,58796,12623,69723,17,238226,0.8349423688925734,0.9415947343977707
30,89474,594,0,1,10027,48,521,0.202,0.07,0,3,1,7,7,78543,9126,11712,8,166838,0.1120648225761385,7.832369365775827
60,54815,804,0,1,77221,60,372,0.045,0.081,0,0,0,37,39,8612,2245,40988,17,129591,1.4087310274372449,0.1115226230866851
74,33335,545,2,4,24242,84,653,0.092,0.235,0,4,0,39,22,24760,7431,25692,18,171020,0.7272018238540917,1.0213257435135916
19,70935,646,0,2,99353,60,1118,0.195,0.189,0,2,0,1,0,49721,778,112984,0,124266,1.4006005413330327,0.5004428608812932
70,71503,676,1,3,97497,60,2932,0.501,0.492,0,3,0,30,30,39110,2385,119863,24,237486,1.3635181248601478,0.401136433567868
61,25646,697,0,3,35590,24,204,0.479,0.095,0,1,1,8,22,17862,5461,32194,23,39722,1.3876866690061216,0.5018684498890169
70,59274,663,0,0,74399,60,1542,0.085,0.312,0,0,0,25,32,24819,17034,22343,13,226269,1.25514972585407,0.3335887096774194
47,101993,633,1,2,126175,60,2393,0.064,0.282,0,1,0,19,20,90092,21407,190789,16,67390,1.2370825734847148,0.714018513821963
21,65757,690,2,3,115123,84,2223,0.425,0.406,0,0,0,14,1,55369,18131,193961,0,23402,1.7507071382949604,0.4809509746012995
41,76178,660,0,1,138668,84,1852,0.244,0.292,0,0,0,19,8,15286,8548,155916,0,44802,1.820291681434516,0.1102337220287158
26,39032,705,0,3,44993,12,614,0.379,0.189,1,3,0,24,5,9329,4197,19552,7,55672,1.1526913124791842,0.2073387562786149
46,95545,662,0,1,83138,72,3218,0.133,0.404,0,1,0,8,25,52747,9028,106003,4,224633,0.8701358507943817,0.6344435222939896
51,86577,526,0,4,77115,12,3436,0.267,0.476,0,1,0,44,31,64440,18619,130722,24,85257,0.8906997158631523,0.83562425437004
38,65318,701,1,0,86145,60,2815,0.32,0.517,0,3,1,45,10,51051,19106,167787,11,115648,1.3188352546732192,0.5926102198593086
28,22540,597,0,1,40065,120,216,0.504,0.115,0,1,0,35,4,15284,6409,59801,8,-14850,1.7774277982343285,0.3814705735536365
69,61936,752,0,1,73149,24,808,0.233,0.157,0,1,0,17,49,31059,239,111988,22,196190,1.1810226520496634,0.4245933014354067
37,36528,745,0,4,46334,36,1459,0.503,0.479,0,4,0,47,6,23020,4831,57336,15,149519,1.2684168742642832,0.4968166612711773
57,48676,646,0,1,48296,24,777,0.361,0.192,1,2,0,37,17,42535,12699,96420,22,59468,0.9921728947963104,0.880696523593598
22,35067,619,0,0,40029,24,1563,0.442,0.535,0,3,0,48,2,29516,4185,18446,4,182242,1.1414680050188206,0.7373469897576818
75,104260,489,0,0,128104,60,2365,0.403,0.272,0,4,0,17,21,91727,20056,216472,14,23248,1.2286857022280622,0.7160298192888646
31,85361,696,0,4,87542,36,2171,0.516,0.305,0,0,0,21,12,53128,18744,65730,0,343345,1.0255382957287786,0.6068789052237187
45,49144,537,0,1,50893,120,1494,0.088,0.365,0,4,0,11,22,7782,7393,20068,1,200903,1.0355682165021871,0.1529060400047157
24,52252,670,2,4,16508,84,502,0.194,0.115,0,1,0,11,2,45638,4247,18592,5,258474,0.3159244445295007,2.764431522200012
54,60676,664,1,0,125942,120,1615,0.153,0.319,0,1,0,17,26,44387,13113,64986,12,212221,2.075613494404799,0.3524372136601478
59,63220,798,0,3,60910,12,593,0.12,0.113,0,3,0,6,25,39928,12232,34140,23,65707,0.963445690514228,0.6555137824038351
74,59225,679,0,0,41952,12,417,0.159,0.084,0,0,0,26,25,22052,10181,61045,14,120649,0.7083375544524364,0.5256358305723071
42,37253,625,1,0,25212,120,919,0.27,0.296,0,3,0,14,12,5318,11171,43166,12,15214,0.6767595425994524,0.2109229365803355
51,45863,561,1,2,67042,60,1897,0.381,0.496,0,1,0,3,22,22872,295,127790,9,18095,1.4617564974707833,0.3411541846277762
34,179453,678,0,0,228466,48,4711,0.288,0.315,0,1,1,13,15,154592,53,438060,11,443298,1.273117344834888,0.6766491440777005
53,83710,694,0,1,9039,24,2296,0.164,0.329,0,3,0,2,29,61493,7440,10983,0,219107,0.1079786407998948,6.802323008849558
59,170610,599,1,0,74558,60,2245,0.081,0.158,0,1,0,46,24,58763,7187,46449,19,436758,0.4370058202577794,0.7881409353666224
49,66610,732,0,1,42403,12,1244,0.248,0.224,0,3,0,39,10,4448,14886,48043,7,67547,0.6365765414120791,0.1048957645505141
53,64154,608,2,2,7903,60,1233,0.082,0.231,0,3,0,15,22,45626,11497,14030,18,205578,0.1231860338243317,5.77252024291498
25,50101,742,1,3,54500,72,996,0.372,0.239,0,0,0,46,4,30490,9479,71301,6,61026,1.0877809269091054,0.5594392763435533
19,58777,664,0,1,121473,84,2622,0.102,0.535,0,1,0,38,0,20001,5464,65073,0,16701,2.066640579808772,0.1646525182343546
32,96731,652,0,4,55349,120,3246,0.128,0.403,0,1,0,7,7,6472,28280,41245,14,178896,0.5721891411322003,0.1169286359530262
26,23384,739,1,3,2486,36,991,0.444,0.509,0,2,0,41,3,6594,1701,4821,3,118760,0.1063074620483215,2.651387213510253
60,90570,668,0,0,35770,48,1161,0.543,0.154,0,1,0,17,29,40976,19475,48160,14,273120,0.3949387773128264,1.1455089318162757
52,32618,616,0,4,23197,120,389,0.126,0.143,0,0,1,16,27,2584,763,21661,24,83019,0.7111499432845887,0.1113889128373135
30,34563,751,0,1,74559,36,1266,0.46,0.44,0,1,0,8,3,2909,4252,51776,8,111833,2.157128804536512,0.0390155579399141
66,24638,575,0,2,24189,12,618,0.405,0.301,0,3,0,28,25,6219,7139,8764,19,98331,0.981736271764276,0.2570897064902852
64,39590,799,2,1,45210,60,312,0.144,0.095,0,3,0,31,37,12132,5869,30212,23,181850,1.1419261953474271,0.2683417752316914
18,72549,552,0,1,68907,60,322,0.481,0.053,0,2,0,33,0,7041,15926,87808,0,-25877,0.9497863542384564,0.1021797178847158
67,140634,569,0,3,197394,12,5482,0.234,0.468,1,2,0,13,14,31648,20440,178346,1,206712,1.403590855761368,0.1603282757921933
32,45954,668,2,1,38175,24,1761,0.146,0.46,0,3,0,33,10,294,144,69375,9,153302,0.8307039495158307,0.0077011735121542
50,33104,710,0,2,54209,60,1399,0.242,0.507,0,3,0,44,24,13635,8556,31368,2,50285,1.6374867844736445,0.2515218594355285
57,60816,596,0,2,14015,48,1751,0.235,0.345,0,1,0,29,23,28407,2333,27175,17,145974,0.2304454346646496,2.026755136986301
48,81897,763,0,4,47650,36,1665,0.256,0.244,0,1,0,39,25,30073,4764,82518,8,160259,0.5818212898971892,0.6311095255083838
27,90256,468,0,4,89231,24,3876,0.217,0.515,0,3,0,2,6,39485,23262,41303,4,384328,0.988632460640172,0.4424982069212838
23,29962,640,0,1,57681,12,554,0.256,0.222,0,1,0,22,3,4618,6784,87057,1,-21670,1.925074258251844,0.0800596373218681
52,57758,597,2,1,102993,72,1673,0.034,0.348,0,3,0,8,25,25999,16314,42462,1,237676,1.783150677816444,0.2524321805153698
35,67142,592,2,3,14802,24,1768,0.435,0.316,0,2,0,19,12,46329,9441,6083,12,151359,0.2204548500960636,3.1297034384921973
52,20382,572,1,3,13879,24,481,0.207,0.283,0,3,0,28,27,13856,1297,14406,24,68112,0.6809105627238385,0.998270893371758
25,51716,691,0,0,25620,24,1212,0.283,0.281,0,4,0,8,5,23202,13615,17791,6,225123,0.495388363594176,0.905585262089692
68,66395,699,0,3,65702,84,1901,0.261,0.344,0,2,1,22,32,7092,7122,59860,14,10139,0.9895475631062112,0.107940276699694
45,64306,622,0,3,107755,84,2006,0.004,0.374,0,3,0,31,24,32601,13020,53146,6,174348,1.675634067830874,0.3025446378855934
58,17686,822,1,2,15278,60,551,0.373,0.374,0,3,0,42,34,8311,2880,11506,13,52844,0.8637982699157574,0.5439492113358204
18,47154,723,0,0,39229,60,1056,0.473,0.269,0,0,0,21,0,7745,1060,59848,0,68808,0.831916021630792,0.1974254397145042
23,43387,637,0,4,51285,36,1453,0.401,0.402,0,1,0,28,3,4634,10985,79351,3,-20762,1.1820088503733752,0.0903560425847209
57,129981,780,2,0,89660,60,858,0.14,0.079,0,2,1,9,20,22510,36365,105525,4,293926,0.6897878167746303,0.2510567582337917
67,20934,590,0,0,24811,24,823,0.416,0.472,0,2,0,8,40,13217,666,12310,4,101331,1.1851444948650585,0.5326857971949057
50,38632,697,0,4,37276,84,551,0.065,0.171,0,3,0,8,26,15070,7420,31346,1,145825,0.964874589081873,0.4042707299407141
75,59518,615,0,1,38532,84,2425,0.363,0.489,0,2,1,47,19,39200,11954,47540,2,104680,0.6473899091046557,1.017309838320401
28,48135,700,0,1,37018,60,1538,0.214,0.383,1,1,0,31,9,24711,10941,68717,6,70507,0.769029416652817,0.667522083254545
41,78596,593,2,2,145973,12,3392,0.385,0.518,0,1,0,7,17,47833,10686,218517,17,117852,1.8572337366566156,0.3276816419362352
28,38652,608,1,1,61069,72,693,0.272,0.215,0,0,0,46,5,1758,8034,37073,8,31569,1.5799291128761028,0.0287866382839364
55,55954,630,1,1,23102,36,776,0.475,0.166,0,3,1,9,19,17330,7090,40238,13,175366,0.4128674827986775,0.7501190321603255
54,108213,637,0,1,214103,84,3431,0.259,0.38,0,0,0,10,11,58777,32121,301893,0,30494,1.978514794758534,0.2745254642603594
26,51686,760,2,2,99042,120,992,0.114,0.23,0,4,1,48,6,6640,11320,104610,3,124279,1.9161878228568112,0.0670415879971325
68,69672,754,0,1,93264,72,1732,0.06,0.298,0,4,0,15,42,37501,16262,108237,4,156099,1.338596012802664,0.4020908164906449
63,42451,774,0,1,48862,36,1171,0.075,0.331,0,3,0,17,25,25380,8592,90719,13,27799,1.150994063883916,0.5194114155905286
65,102087,603,2,0,11280,84,4643,0.271,0.546,0,3,0,47,41,38726,22641,12104,20,487347,0.1104929080793041,3.432851697544544
34,80643,670,1,3,157457,60,3181,0.048,0.473,0,2,0,32,14,32137,10691,51677,14,266388,1.9524949159267893,0.2040988708099937
28,27696,645,1,1,26752,72,572,0.246,0.248,0,3,0,36,6,7283,1857,21239,2,103279,0.9658807813120556,0.2722311516465443
57,53940,655,0,0,11834,120,2074,0.109,0.461,0,1,0,32,11,21378,14570,13151,24,127593,0.2193878496876216,1.8063371356147024
50,34218,716,2,2,9605,120,1401,0.464,0.491,0,1,0,3,22,15803,702,8270,9,133598,0.2806920132090359,1.645117634811576
19,15843,499,1,0,23424,120,332,0.308,0.251,0,1,0,14,0,1250,2142,41834,0,-23290,1.4784145417823782,0.0533617929562433
60,47006,634,0,0,6058,12,1511,0.069,0.386,0,1,0,32,16,25574,9800,4640,11,117485,0.1288744229582828,4.220828519557683
67,24957,699,1,3,7823,48,513,0.267,0.247,0,3,0,11,41,2138,3614,11631,7,31198,0.3134465902716564,0.2732617586912065
43,30566,512,2,1,26901,48,614,0.349,0.241,1,3,0,40,12,9616,8067,8485,7,93070,0.8800667386397095,0.3574455430822987
57,86143,617,1,1,71860,120,1511,0.077,0.21,0,3,0,35,24,31212,4519,94005,1,284066,0.8341846210995543,0.4343385146324153
61,54856,651,2,1,116627,24,731,0.589,0.16,0,3,0,42,34,22588,12408,225373,18,46105,2.126018557339993,0.1936756182048907
64,105070,709,0,2,139890,120,782,0.319,0.089,0,2,1,21,28,91322,12123,123177,6,472133,1.3313854441282562,0.6528082578579036
60,64015,488,0,3,21320,12,1529,0.127,0.287,0,0,0,4,32,1927,8199,24777,18,49743,0.3330417395651087,0.0903803761549646
32,36249,766,1,0,57230,72,1052,0.465,0.348,1,2,0,14,11,17168,9795,29896,12,86813,1.5787586206896551,0.2999772850378291
47,28784,710,0,3,32477,120,693,0.441,0.289,0,0,0,8,16,20913,5397,59090,1,67882,1.1282612471773492,0.64391280251247
68,83733,662,2,4,16130,120,664,0.166,0.095,0,1,1,18,46,16588,20008,23398,9,214809,0.1926338166097403,1.0283305436736718
74,69569,747,0,0,36955,12,2868,0.46,0.495,0,2,1,11,22,28621,8005,37837,1,55161,0.5311916055771165,0.7744615218097197
57,23367,730,2,1,32927,36,157,0.499,0.081,0,0,0,25,35,630,5875,29151,11,56901,1.4090636768230058,0.0191326530612244
41,60095,614,0,0,129135,48,649,0.378,0.13,0,3,0,5,10,12777,172,126287,18,44472,2.1488119009584663,0.0989422004708214
44,49543,559,1,3,30808,36,790,0.45,0.191,0,2,0,15,11,28494,12655,60206,22,162423,0.6218310996286129,0.9248596189425168
58,30090,572,0,0,15255,48,718,0.636,0.286,0,2,0,38,33,14565,1294,10921,15,98786,0.5069622146156658,0.9547063450445726
60,46434,676,0,1,41367,72,475,0.273,0.123,0,0,1,42,37,40177,3643,60862,20,121197,0.890858188866157,0.9712096306323728
56,75517,664,2,1,53259,36,963,0.485,0.153,0,3,0,42,17,2395,1449,105218,10,194371,0.7052490796896104,0.0449680811115283
38,80750,795,0,4,127218,24,2771,0.262,0.412,0,0,0,48,6,31741,10506,251672,18,-154841,1.5754355983207635,0.2494988956052162
68,54044,786,1,1,9521,84,2040,0.296,0.453,0,1,0,21,41,38478,194,13272,15,80704,0.1761680081413636,4.040957781978576
60,41991,800,2,1,20126,84,402,0.539,0.115,0,3,0,28,31,26768,4875,31014,3,190472,0.4792817679558011,1.3299547871019028
59,59574,681,0,1,53921,84,1923,0.454,0.387,0,0,0,45,14,49984,15209,77851,14,253489,0.905094418799832,0.926968584251326
47,49064,655,1,4,48748,24,387,0.556,0.095,0,4,0,32,24,29039,10385,76876,3,196961,0.9935391827168042,0.5956840140310571
74,67872,644,0,3,93218,84,2674,0.197,0.473,0,2,0,24,45,28665,19060,82003,18,36759,1.3734180012670725,0.3075016895697229
70,33251,628,1,1,51410,84,170,0.7,0.061,0,3,0,12,23,4277,7380,48608,10,-4537,1.54607241669674,0.0831923129291396
26,14206,703,0,4,13222,72,166,0.338,0.14,0,2,0,17,7,6003,1734,5030,2,42464,0.930667980572957,0.4539816985555471
54,40729,611,2,3,61451,12,1115,0.529,0.329,0,2,0,41,19,30278,5320,63796,10,10702,1.508740486128161,0.4927097572088785
53,91963,505,0,1,26601,72,4024,0.171,0.525,0,3,0,8,10,46525,9072,37860,24,210813,0.2892544908877387,1.748928651981054
70,91627,779,1,3,135193,24,3546,0.375,0.464,0,4,0,30,49,31946,15459,195676,16,-47992,1.475455101060811,0.2362974688225808
73,211903,562,0,2,232679,36,5025,0.18,0.285,0,4,0,13,37,72328,53444,92664,16,919900,1.098039678344911,0.3108475159016675
38,20542,703,0,1,32510,12,129,0.067,0.075,0,1,0,24,12,15023,3516,13102,8,25410,1.5825341965633062,0.4620897542370275
71,49368,754,0,0,77983,72,1764,0.545,0.429,0,3,0,22,48,27722,7943,92121,24,12435,1.5795944823674777,0.3554831760361099
74,29201,686,2,0,47662,60,1211,0.202,0.498,0,0,0,44,26,1630,2605,45479,2,64753,1.632148482980618,0.0341984348446384
31,17561,718,0,1,36231,120,548,0.248,0.374,0,2,1,45,9,10944,1014,12018,2,74271,2.06303382302699,0.302053433429013
67,68042,571,1,3,139376,12,2871,0.255,0.506,1,3,0,45,32,57398,2286,87066,22,287107,2.0483517775524303,0.4118183057462852
44,47142,643,0,0,78107,36,1430,0.205,0.364,0,2,0,38,14,19416,8143,124561,15,124731,1.6568101308783914,0.2485788907666308
52,41249,678,0,3,13940,48,413,0.346,0.12,0,2,0,12,25,8991,11162,10817,22,145975,0.3379393939393939,0.644932214331827
31,46233,612,0,3,78431,72,2024,0.196,0.525,0,3,0,35,6,11570,9855,62012,9,26436,1.6963922654323658,0.147516319869441
18,86462,814,1,1,118820,12,2283,0.42,0.317,0,3,0,42,0,32681,200,72832,0,53311,1.374229439182078,0.2750439737083512
70,98284,521,1,1,129305,120,1074,0.457,0.131,0,4,0,46,46,12638,23155,199536,3,-76992,1.315612758813654,0.097737150634928
18,94374,693,0,4,10925,36,2884,0.115,0.367,0,0,0,37,0,14068,4536,15746,0,344692,0.1157615894039735,1.2875709317224968
56,55610,642,0,4,95498,24,256,0.535,0.055,0,2,0,1,34,46790,6331,131015,15,147823,1.7172501843160526,0.4899527743746008
70,42432,623,0,3,24848,36,207,0.932,0.059,0,1,1,18,29,23486,4597,27671,14,94091,0.5855819762920369,0.945148698136746
22,19865,850,0,3,15248,72,567,0.451,0.342,0,0,1,40,2,6278,1157,12499,1,38069,0.7675425349843954,0.4116991278116598
19,22716,639,1,0,22837,36,977,0.307,0.516,1,4,0,5,0,8003,2710,26768,1,64409,1.005282387639213,0.3504247307119713
38,33967,677,0,0,4819,48,948,0.465,0.335,0,1,0,25,13,1245,7325,7763,19,127008,0.1418688177107866,0.258298755186722
49,50102,614,0,3,101786,84,445,0.397,0.107,0,1,0,41,24,38854,6698,30633,12,220590,2.0315350378220867,0.3817186870621985
71,31241,758,0,0,27955,60,1318,0.244,0.506,0,1,0,38,22,13058,720,20975,0,75418,0.8947890660008962,0.4670911432250679
41,56330,774,0,1,20930,24,803,0.183,0.171,0,1,0,47,19,43567,12433,38343,7,101841,0.371553851342955,2.08145812431322
56,101927,664,0,4,142767,120,4207,0.384,0.495,0,1,0,41,37,26470,22826,173306,4,384187,1.400665175417942,0.1854056931525271
60,26770,757,0,4,40914,48,186,0.408,0.083,0,3,0,40,30,16137,2699,41530,8,44842,1.5282955436853312,0.3944030306733472
57,21307,616,0,4,19841,120,231,0.131,0.13,0,2,0,19,31,5086,5847,18730,21,38585,0.9311526187347476,0.2563249672412055
53,53309,586,1,4,56908,60,286,0.195,0.064,0,0,0,23,25,39100,13659,79555,1,73456,1.067492027762146,0.6870618004182115
69,26277,607,1,2,4094,60,751,0.491,0.343,0,2,0,4,21,850,6065,1643,5,34522,0.1557957226577365,0.2075702075702075
63,50834,742,2,0,52981,120,550,0.597,0.13,0,3,0,6,18,29273,13762,21522,23,214009,1.042215009343956,0.5525083990789325
19,22387,618,0,1,17494,72,1016,0.439,0.545,0,2,0,38,0,12486,2186,32847,0,7658,0.7814007504020011,0.7136896256073164
75,51864,706,0,1,16703,72,1456,0.289,0.337,0,3,0,42,39,8591,12605,25220,13,122340,0.3220476236382917,0.5143079501915708
28,66233,514,0,3,38788,72,2665,0.239,0.483,0,2,0,25,9,48274,5963,59029,8,36960,0.585620678201528,1.2445280878599605
41,23619,579,2,1,45982,84,807,0.072,0.41,0,3,1,18,8,15318,2784,23349,7,74536,1.946740050804403,0.3331231107148294
39,91888,711,0,4,39685,72,1449,0.518,0.189,0,4,0,15,18,77344,13061,78041,20,392138,0.4318797679809335,1.948898856019755
64,33206,597,1,1,3604,36,268,0.046,0.097,0,1,0,35,40,10835,5340,6533,0,139498,0.1085313337549312,3.0055478502080444
45,55968,567,1,2,96359,36,1855,0.085,0.398,0,1,1,8,14,2651,2280,160474,12,23519,1.7216494845360826,0.0275114155251141
23,115124,744,0,0,152944,48,2346,0.327,0.245,0,0,0,3,4,46462,8093,204157,4,-45947,1.3285038002171552,0.303782405439864
26,78867,620,0,4,160715,120,902,0.34,0.137,0,1,0,18,4,46597,20949,247704,6,98272,2.037771973423949,0.2899337962617287
21,30181,579,2,4,12058,48,942,0.177,0.375,0,2,0,26,2,19004,8978,13438,2,124625,0.3995096415081837,1.575918401194129
20,58181,631,0,2,12231,48,344,0.588,0.071,0,0,0,42,0,51368,14776,22785,1,172070,0.2102196555635763,4.199476782210595
73,33726,589,0,1,55522,48,1534,0.204,0.546,0,1,0,44,42,28139,8305,61171,2,141866,1.6462181634891926,0.506798984204744
30,34151,613,1,0,47461,84,160,0.336,0.056,0,3,0,5,9,14176,4121,59671,0,60394,1.3896989927383463,0.2986810501032405
66,26254,600,0,4,27303,72,971,0.083,0.444,0,1,0,5,18,5653,5706,12783,3,17417,1.0399162064368692,0.2070392616466451
63,76424,644,0,4,33426,12,546,0.443,0.086,0,4,0,44,24,4583,10839,43927,20,130442,0.4373699705593719,0.1371047356927035
26,44125,711,0,1,52628,36,432,0.393,0.117,0,3,0,44,4,17475,1108,87867,4,133784,1.1926755201015276,0.3320412700222311
58,56844,638,1,1,68882,72,2461,0.393,0.52,0,1,1,45,13,520,2022,78914,24,207773,1.2117512534083912,0.0075490324172872
73,113401,771,0,3,218874,60,489,0.186,0.052,1,0,0,7,44,38581,9223,177127,24,432339,1.9300717800391527,0.1762695602512849
48,41658,741,0,3,36063,48,666,0.362,0.192,0,1,0,35,28,23952,625,64822,15,153416,0.865671283516167,0.6641526175687666
39,50104,634,2,3,63912,72,733,0.272,0.176,0,0,0,35,6,7151,12732,102759,18,-40672,1.2755613212254266,0.1118864706710684
28,53135,747,0,1,91676,72,493,0.106,0.111,0,3,0,24,3,8399,12974,42300,8,23752,1.7253086419753083,0.0916151270220447
27,65803,638,1,2,22624,84,2106,0.377,0.384,0,0,0,33,8,9924,19363,11429,6,66681,0.3438088869977509,0.4386298342541436
31,56775,643,0,1,88258,120,1250,0.189,0.264,0,3,0,33,4,50599,968,49772,13,197386,1.554494856981823,0.573301306382352
19,107810,686,0,1,55461,84,2032,0.242,0.226,0,1,0,14,0,67773,25801,53181,0,240826,0.514428026824721,1.2219718005120623
42,76569,545,0,1,145331,24,2159,0.17,0.338,0,3,0,12,20,12699,9833,53063,2,169005,1.898014888337469,0.0873792420113946
45,41168,581,2,3,45085,24,1342,0.49,0.391,0,1,0,39,8,32621,4750,40258,2,111397,1.095120114649372,0.7235283680078073
37,76688,643,0,1,141737,120,361,0.146,0.056,0,1,0,40,18,15743,19820,256192,17,-75676,1.8482050880830367,0.111071131242151
50,52947,850,2,1,9456,72,556,0.363,0.126,0,3,0,19,17,18668,11274,4908,4,266328,0.1785903150260633,1.973987522470128
74,36826,645,2,3,58995,48,567,0.12,0.185,0,0,0,19,30,20196,7747,113548,6,13380,1.601949656502023,0.3423282934436233
40,87647,522,0,3,190198,48,3955,0.361,0.541,0,0,0,30,7,6903,22002,240956,1,-118282,2.170020993063161,0.0362935662122303
45,36650,567,0,3,53231,84,1193,0.343,0.391,0,2,0,2,8,7471,1582,41216,10,90099,1.4523751057269925,0.1403479110309588
32,127154,667,1,4,116906,72,1402,0.137,0.132,0,0,0,33,9,21587,11162,102053,14,63363,0.9193975856238448,0.1846510474137562
21,62714,598,0,0,61623,72,1276,0.029,0.244,0,0,0,46,1,11911,3607,36716,2,204065,0.9825878976321454,0.1932850837336102
20,40601,706,0,0,84873,60,624,0.291,0.184,0,2,0,30,1,23232,7775,68871,0,146788,2.090365006649918,0.2737234017484742
38,34118,592,2,1,74279,84,618,0.32,0.217,0,2,1,10,15,16652,118,61048,1,121717,2.1770567718866323,0.2241787829833064
64,42190,569,2,2,66343,60,448,0.119,0.127,0,3,0,1,28,18551,7692,23623,1,37140,1.5724443601716005,0.279618352827686
57,106106,677,0,3,154543,72,4203,0.457,0.475,0,3,1,45,14,15790,27694,212383,11,256533,1.4564826071795451,0.1021715498498809
72,159581,669,0,2,347276,12,6823,0.22,0.513,0,4,1,10,21,23087,5539,370571,17,302686,2.1761602185710167,0.0664800721038249
49,37180,707,0,0,3755,12,330,0.171,0.107,0,1,0,48,21,9322,732,5990,3,42555,0.1009924423764826,2.481895633652822
60,95767,634,0,3,79211,12,4028,0.432,0.505,0,3,0,24,19,3056,6482,75196,24,378803,0.8271134408153037,0.0385800131293238
62,45192,484,1,1,44963,84,1501,0.678,0.399,1,3,1,30,19,14256,8619,58098,14,150387,0.994910716261368,0.3170536429143314
32,53054,763,2,4,8835,120,1428,0.27,0.323,0,1,0,1,5,35780,2943,11886,1,173055,0.166525303929884,4.0493435943866
65,21534,709,2,3,21298,84,121,0.35,0.067,0,2,0,16,28,9880,2261,17643,7,8260,0.9889946598560484,0.463871543264942
69,60747,535,0,3,23031,12,1562,0.316,0.309,0,2,0,47,42,53468,5465,11644,6,158405,0.3791235925462566,2.321465786731504
35,86320,656,1,4,113297,36,551,0.41,0.077,0,0,0,28,16,45142,17049,80352,4,347799,1.3125079644582431,0.39843598298293
59,29639,725,2,0,27855,48,1227,0.144,0.497,0,2,0,0,20,11023,8419,11338,17,103950,0.9397773279352226,0.3957136703044227
55,33466,584,1,3,41035,48,1078,0.285,0.387,0,4,0,8,12,17715,2863,33304,18,72218,1.226133205844563,0.4316941222341359
28,84697,634,2,1,151080,24,1502,0.171,0.213,0,3,0,13,8,28007,17453,67646,3,211833,1.7837493211173818,0.1853773803456424
30,62876,683,0,0,87092,120,2310,0.15,0.441,0,4,0,43,11,24608,15331,172363,3,-90376,1.3851169744103566,0.2825485400663658
45,79844,589,1,4,159967,12,2808,0.234,0.422,0,1,0,45,16,37234,23195,206987,2,10840,2.0034692216168826,0.232759051810362
63,47632,599,1,0,86126,48,821,0.44,0.207,0,1,0,16,33,23837,8908,99783,15,161108,1.8081162219469693,0.2767657064567441
53,43676,709,0,4,60147,24,385,0.289,0.106,0,2,0,10,28,17193,2702,50332,19,12568,1.377086338347414,0.285844915874177
35,57196,747,0,3,93503,72,1234,0.2,0.259,0,4,0,25,16,15917,15011,179625,14,64526,1.6347535709914855,0.1702280116358658
21,62860,627,0,3,12917,60,1514,0.494,0.289,0,1,0,39,2,26147,4496,11939,0,314860,0.2054851179586707,2.024074934200341
27,101683,609,1,3,39432,72,1580,0.098,0.186,0,3,0,2,7,55920,4502,66423,9,168229,0.3877896227528421,1.4181015900388
40,26520,748,0,3,24189,84,911,0.551,0.412,1,3,0,48,14,10918,6754,32358,14,88554,0.9120696806304438,0.4513435303844564
44,54223,702,0,1,30409,120,1510,0.277,0.334,0,2,0,37,20,8484,3721,14424,8,71506,0.5608033343169077,0.2789871752712923
55,45177,523,1,3,49667,12,1425,0.309,0.379,0,0,0,10,31,39104,10644,84018,15,63459,1.0993625215813003,0.7873077232825965
22,38938,676,0,4,29078,36,1068,0.42,0.329,0,4,0,0,1,18734,10104,49002,4,113644,0.7467577493001875,0.6442449877918773
65,28822,601,1,2,14920,60,549,0.465,0.229,0,3,1,39,36,10788,8174,22307,15,108767,0.5176421607743815,0.7230078412975002
51,114787,541,1,1,192393,60,2085,0.517,0.218,0,3,0,40,27,58731,28185,95589,17,490694,1.6760724117503571,0.3052641974281942
43,35850,820,0,3,68188,72,1232,0.646,0.412,0,3,0,26,11,29410,1038,80425,14,46334,1.9019832082787087,0.4313012362697795
70,102356,672,1,0,138919,36,1399,0.267,0.164,1,1,0,23,26,42147,14407,115649,21,397040,1.3572007776703108,0.3033904405413187
69,198863,788,0,3,29639,24,2589,0.204,0.156,0,3,0,38,28,119745,4696,29147,15,237997,0.1490415560382975,4.03997975708502
44,31377,578,0,0,13429,84,1164,0.239,0.445,0,1,0,33,16,24224,6706,20674,19,27323,0.4279750143412582,1.803723008190618
24,80819,850,0,3,29042,60,1434,0.351,0.213,0,3,0,27,5,31787,17330,10376,3,152705,0.3593417470923039,1.094480597734394
61,44180,832,0,3,81187,84,1690,0.233,0.459,0,0,0,19,23,17237,7898,138546,17,103777,1.8375998732486816,0.2123097009410257
70,26665,687,0,3,53516,12,291,0.332,0.131,0,3,0,31,18,10293,6142,29010,20,46822,2.0069001725043125,0.1923314087112506
42,32801,617,0,4,37333,84,1016,0.108,0.372,0,0,0,42,9,9637,4181,15933,2,20303,1.1381318212304128,0.2581293191193014
33,53078,510,0,1,111431,84,683,0.111,0.154,0,1,0,21,5,34285,782,139156,7,150860,2.099342489496788,0.3076764304688061
28,51135,740,0,1,64569,72,2339,0.134,0.549,0,3,0,36,4,21960,231,25528,5,30316,1.262691645807259,0.3400960198234474
60,33669,756,0,3,8935,24,970,0.208,0.346,0,2,0,21,15,22720,472,11579,24,78684,0.2653697653697653,2.5425246195165623
68,71487,617,0,1,31362,36,676,0.658,0.113,0,0,1,39,30,27354,11667,15437,2,177477,0.4387029991047448,0.8721742180276122
30,72317,815,0,0,101206,60,1345,0.355,0.223,0,3,0,15,9,43392,16295,140120,11,128302,1.3994579496114383,0.4287450472793384
33,50204,804,0,3,18816,36,771,0.33,0.184,0,0,0,21,11,1338,7040,29638,4,73422,0.3747833881087541,0.0711059148642185
47,77533,640,0,3,129229,12,2791,0.376,0.432,0,0,0,28,21,40101,13982,121077,20,-21373,1.6667397528826065,0.3103072042095489
62,61100,567,0,3,28738,120,639,0.21,0.125,1,3,0,2,22,52559,8623,19294,9,121730,0.470336001047446,1.828838860085598
56,25034,651,0,0,9875,60,862,0.55,0.413,0,1,0,32,35,6253,6762,18303,2,107363,0.3944477731176353,0.633151073309032
60,69553,669,1,4,51608,48,683,0.335,0.118,0,3,1,28,35,24782,6236,22415,1,120061,0.7419846450240101,0.4801875641845414
42,90858,746,0,2,169965,12,1114,0.143,0.147,0,3,0,10,12,48132,19961,68412,1,331600,1.870645725794913,0.2831860489745008
75,36146,699,0,2,14875,60,1316,0.202,0.437,0,1,0,17,23,27599,1188,22740,5,58541,0.4115140952222867,1.8552702339338527
21,25792,627,1,4,10408,24,737,0.246,0.343,0,0,0,23,2,15463,6031,14151,2,98508,0.4035203349746055,1.4855413584398116
38,84442,736,2,3,122205,48,2635,0.289,0.374,0,3,0,1,17,60649,21114,106218,18,329238,1.4471892282367989,0.4962849614585208
44,47839,587,0,0,82491,12,2115,0.228,0.531,0,2,1,2,16,8911,1786,51386,23,97044,1.7243102006688964,0.1080225961305338
45,37195,683,0,3,26634,120,1674,0.035,0.54,0,0,0,27,20,17423,4328,45634,24,146548,0.7160447359931176,0.6541392904073587
41,51693,730,1,0,41479,60,1505,0.454,0.349,0,0,0,48,21,30184,3946,63527,6,93994,0.8023948620729678,0.7276759884281582
71,85943,657,0,4,39894,24,2309,0.464,0.322,0,0,1,9,20,53329,9486,43349,11,146370,0.464185981569394,1.336733926557213
58,39040,627,0,1,71285,12,622,0.686,0.191,0,1,0,12,36,31880,2180,74712,4,6907,1.8259009758971336,0.4472126364222989
66,27821,557,0,3,23856,36,949,0.321,0.409,0,1,0,31,46,23961,4003,43757,8,90180,0.8574509381065344,1.0043593075407635
49,46604,685,0,3,10175,84,779,0.301,0.201,0,2,0,17,27,8229,9382,15398,16,114150,0.2183242141401137,0.8086674528301887
51,19749,675,2,4,41524,72,596,0.499,0.362,0,0,0,19,12,4445,1651,78946,4,-9533,2.102481012658228,0.1070439494280553
60,69380,697,0,1,104971,84,1719,0.436,0.297,0,1,0,20,19,38088,13389,172360,19,190286,1.5129646444992144,0.3628396143733567
27,29171,694,1,0,41238,24,417,0.338,0.172,0,4,0,2,6,14059,999,19902,6,64437,1.4136157959687372,0.3409151531317442
20,56541,708,0,1,69040,12,2001,0.481,0.425,0,3,0,47,1,28048,14956,53125,0,218004,1.2210392274769195,0.4062513578887907
60,72916,741,0,1,20403,120,2266,0.38,0.373,0,1,0,36,32,39605,20587,29607,13,362220,0.2798112922912352,1.941040972358361
70,34568,578,0,1,9101,120,403,0.438,0.14,0,1,0,20,36,27615,376,5610,23,170841,0.2632705603286181,3.0339485827290704
32,22726,628,0,1,23075,72,828,0.435,0.437,0,3,0,44,6,14641,2627,27730,11,16374,1.015312183746205,0.6344687120818167
71,65818,555,0,0,6690,60,2625,0.39,0.479,0,1,0,39,38,10040,11198,5647,20,325422,0.1016423828985551,1.500523090718876
58,37992,401,0,3,32820,24,883,0.156,0.279,0,1,0,42,16,22118,7972,55644,12,103824,0.863843339562551,0.6738978093293928
62,74962,691,0,3,76038,48,2592,0.414,0.415,0,2,0,1,17,53970,6017,120929,24,172108,1.014340407934581,0.709767356225095
34,56257,652,1,3,96790,60,1924,0.469,0.41,1,4,1,48,13,23934,9627,169880,4,10988,1.720466422553237,0.2472750565651765
65,50450,684,0,3,64508,120,725,0.34,0.172,0,3,1,32,29,27328,14738,55980,14,136967,1.278626786386791,0.4236308112046381
66,32444,737,0,3,37352,72,992,0.115,0.367,0,0,0,24,40,3218,4894,17667,10,146511,1.1512405609492988,0.0861510454314245
41,38059,526,0,1,12601,12,476,0.472,0.15,0,0,0,32,21,7509,10041,9709,1,82746,0.3310825013137152,0.5958578003491509
39,25610,696,0,1,14648,48,460,0.042,0.216,0,1,0,7,15,13834,6809,5398,13,102497,0.5719417437819687,0.9443648030582292
51,67128,585,1,1,52887,84,645,0.302,0.115,0,1,1,28,32,45167,15207,103912,6,69426,0.7878413204427297,0.8540122523067615
38,44024,554,1,0,74637,72,996,0.333,0.271,0,0,0,26,12,26383,11055,142697,14,-20323,1.6953321976149915,0.353479460864439
37,50367,706,0,1,32161,60,287,0.099,0.068,0,1,1,37,9,1301,644,54404,4,81903,0.6385204891994918,0.0404514644611653
49,20783,531,0,3,24293,24,486,0.26,0.281,0,1,0,17,14,1971,571,26233,24,39791,1.168831793687452,0.0811311434922203
49,17887,617,1,4,16047,24,493,0.325,0.331,0,3,0,25,17,2028,2769,19798,6,46910,0.8970818425760286,0.126370887337986
55,55811,575,0,0,36050,84,1453,0.067,0.312,0,1,0,41,22,25192,12917,15035,17,142129,0.6459184404787501,0.6987878283542759
64,112963,650,0,3,58285,84,3281,0.237,0.349,0,1,0,4,36,13421,17026,23539,23,110757,0.51596083708084,0.2302611261709501
71,55420,610,0,0,10038,60,929,0.09,0.201,0,2,0,7,30,27360,12608,13668,17,226906,0.18112267912885,2.7253710528937147
45,27908,556,2,3,14478,72,254,0.073,0.109,0,0,0,38,24,17741,3756,7364,5,125573,0.5187573900892185,1.225291801920022
44,36602,695,1,1,20673,48,303,0.099,0.099,0,3,0,48,16,15322,5434,29616,2,85710,0.5647897713302188,0.7411241172487182
65,69063,624,0,4,132666,48,2230,0.125,0.387,0,0,0,47,31,29897,3437,48485,18,103796,1.9209139349009612,0.2253537051414443
18,25206,692,2,2,27045,36,505,0.07,0.24,0,3,0,40,0,2827,1879,10094,0,71933,1.0729162534216683,0.1045256230126451
65,48461,701,0,0,102706,60,1251,0.192,0.31,1,1,0,1,16,40215,1907,177600,9,-67222,2.1193099748256365,0.3915507219566339
57,27092,600,1,0,40059,120,502,0.239,0.222,1,1,0,4,25,4101,2760,22873,15,93430,1.4785738013509024,0.1023714428357463
70,55912,565,0,1,29795,36,368,0.079,0.079,0,3,0,6,41,2662,10111,23102,23,79812,0.5328814408098296,0.0893408511209558
18,36051,621,1,1,79246,84,662,0.327,0.22,1,4,0,2,0,30381,980,58069,0,20072,2.1981027404859645,0.3833709793430666
37,15057,581,2,3,8976,36,210,0.627,0.167,0,4,0,9,16,11855,1317,10745,4,25107,0.5960950989507239,1.3205970814303218
69,72552,708,1,4,54974,12,2686,0.281,0.444,0,3,0,26,28,18790,16944,30459,19,333349,0.7577081581740245,0.3417917235106866
42,67246,524,0,4,14893,12,2944,0.228,0.525,0,4,0,22,22,39165,16314,8613,22,161436,0.221467128645144,2.629582382167316
29,48347,709,0,1,42990,36,878,0.104,0.218,0,1,0,37,5,43415,9713,16119,7,76724,0.8891784561926036,1.0098625293666117
44,20729,617,0,4,26056,48,452,0.493,0.262,0,4,0,34,16,5280,1629,51956,13,-23349,1.2569223347805114,0.2026326898722032
41,78274,608,0,3,122103,24,3330,0.338,0.511,0,4,0,14,10,46030,11630,80423,0,17736,1.559923347173427,0.3769737273144204
38,69101,664,0,2,89007,24,630,0.368,0.109,0,0,0,11,9,17215,14981,127505,3,224693,1.2880524442129029,0.1934095811612439
43,144352,714,0,0,121761,84,3119,0.574,0.259,0,3,0,48,18,82384,27625,38741,3,150013,0.8434947663020512,0.6765986104039027
40,99729,642,1,4,44502,36,2964,0.345,0.357,0,2,0,41,9,59323,10119,85499,21,34125,0.4462248069788428,1.3330112576680224
24,78327,624,1,3,8551,12,2445,0.522,0.375,0,2,0,6,4,62438,14181,4561,6,273983,0.1091691349198243,7.300982226379794
63,55895,631,0,0,78964,84,1997,0.101,0.429,0,4,0,4,28,17551,13760,48667,7,17853,1.412695005009303,0.2222630279237637
34,131554,684,0,3,166222,36,671,0.563,0.061,0,2,0,32,15,35815,18523,318826,2,279208,1.2635171601231423,0.2154635640073876
73,89632,459,0,3,67338,12,3072,0.247,0.411,0,1,0,36,29,35596,10821,114779,6,295167,0.7512634855466179,0.5286089784523085
32,40051,684,0,1,80786,24,1036,0.594,0.31,0,0,0,37,5,6753,11068,74706,2,40487,2.01702786377709,0.0835901815886219
48,78472,478,0,3,126867,48,2064,0.197,0.316,0,3,0,18,12,57992,6073,109930,7,208138,1.6166961884979547,0.4571050225431157
64,14435,623,1,0,8401,12,536,0.242,0.446,0,0,0,2,33,3068,2500,8519,24,65629,0.5819479080077584,0.3651511544870269
48,52840,546,0,3,37835,48,1330,0.193,0.302,0,1,0,34,15,20969,1060,56828,2,159404,0.7160159724456387,0.5542076329421715
37,38331,441,1,4,33995,24,892,0.617,0.279,0,1,0,14,18,11020,7179,32923,16,25050,0.8868569341542315,0.324155783033298
33,77324,656,0,1,117685,72,1605,0.204,0.249,0,3,0,20,5,69143,17596,41421,12,142708,1.5219527966375688,0.5875210305388916
52,121945,686,1,0,191247,72,4610,0.353,0.454,0,2,0,28,28,11831,29432,172906,18,161071,1.568292522919981,0.0618620848322596
41,78333,738,0,4,65150,84,2939,0.233,0.45,0,0,0,7,12,24646,2337,34138,12,338624,0.8316950494038349,0.3782904329941213
61,31713,661,0,4,60415,48,1299,0.418,0.492,0,0,0,33,29,25432,5785,117139,15,-20797,1.904994639591348,0.420948093220339
54,75447,683,1,3,122743,120,2193,0.471,0.349,0,0,0,6,27,3626,7739,96019,17,-2811,1.626855582652953,0.0295411588346477
37,158135,549,1,2,180870,84,6578,0.395,0.499,0,1,0,26,11,91158,43860,56292,13,785155,1.1437623311579903,0.5039945596585411
28,86100,563,0,3,78205,84,3885,0.46,0.541,0,3,1,13,7,29105,19802,93875,7,102798,0.9082937480400924,0.3721581464337775
29,133474,716,1,0,28378,12,2260,0.203,0.203,0,2,0,43,10,109966,39638,25490,5,385308,0.212609102828245,3.8749075020261454
37,46572,680,1,1,51829,72,587,0.14,0.151,0,3,1,35,18,24933,13121,62238,10,176201,1.1128550877117642,0.4810534439513795
35,56571,677,0,3,80533,48,1359,0.203,0.288,0,4,0,21,12,25932,12158,47584,14,262787,1.4235487520328078,0.3220006456900191
65,77338,724,0,3,93650,12,1663,0.094,0.258,0,0,0,25,17,16001,18771,104706,24,80373,1.2109026493748305,0.1708577591269714
68,42056,681,0,1,77667,48,1435,0.019,0.409,0,0,0,15,38,13922,782,140749,10,60856,1.8467080390898067,0.1792501416284699
50,19439,730,0,3,34919,84,813,0.188,0.502,0,4,1,28,24,8369,2236,56980,11,26371,1.7962448559670785,0.2396620847651775
61,47452,755,0,2,78128,24,1654,0.402,0.418,0,1,0,42,37,5590,9865,54504,18,126599,1.6464290982656524,0.0715483367251596
18,46035,725,0,3,97237,48,997,0.133,0.26,0,2,0,28,0,25759,12108,185147,0,-56187,2.112194804066383,0.2649067237088381
27,39673,657,0,4,84427,24,965,0.069,0.292,0,2,0,38,5,16909,10975,122945,7,-45730,2.1280183495488227,0.2002771592362723
43,52333,599,1,0,36242,12,372,0.394,0.085,0,1,0,34,10,38120,1959,47185,20,172886,0.6925134711659724,1.051789311039373
65,60737,745,0,3,125045,84,1431,0.463,0.283,0,3,0,8,25,52611,9631,47995,22,183960,2.0587605782212126,0.4207331701933688
33,51364,497,2,2,94590,36,967,0.274,0.226,0,3,0,46,12,24661,700,164440,10,11279,1.8415263311593495,0.260711907052468
72,35265,590,0,1,32452,72,876,0.053,0.298,0,3,0,7,22,119,8300,49074,18,6806,0.9202064311234616,0.0036668412781561
34,151662,746,0,1,317327,60,1763,0.166,0.139,0,1,0,11,14,47388,44976,368084,8,15758,2.0923165175421823,0.1493344425956738
19,83934,524,0,3,184613,48,3251,0.134,0.465,0,3,0,32,0,66696,4646,265462,1,217579,2.1994757848335023,0.3612727095453216
51,16350,735,0,2,6882,72,332,0.169,0.244,0,2,1,25,17,4550,1027,6368,17,50694,0.4208916885817381,0.6610489612087752
70,62676,664,2,1,90961,48,2276,0.089,0.436,0,3,0,26,29,18261,12799,91791,21,188810,1.451266014646521,0.2007541610782524
52,61863,822,0,0,58091,84,2677,0.253,0.519,0,2,1,18,26,8611,1186,90425,16,-42782,0.9390113798008536,0.1482303931694553
51,65557,675,0,3,133518,36,506,0.442,0.093,0,4,0,2,13,12198,146,80831,13,19506,2.036639311754477,0.0913577842853826
24,29340,702,2,2,24064,24,944,0.445,0.386,0,4,0,47,2,4361,8728,17320,4,111964,0.8201492791656726,0.1812175358404321
61,80291,671,1,0,88218,36,1214,0.456,0.181,0,3,1,17,23,57579,16560,69280,17,71620,1.0987146913764758,0.6526825287069679
21,43830,535,0,0,19825,60,1088,0.548,0.298,0,3,0,14,1,4546,7906,35340,0,49786,0.4523054459172732,0.2292948653283567
73,88648,850,0,1,187690,120,2056,0.197,0.278,0,4,0,7,38,18479,2533,192072,19,106418,2.117226364651604,0.0984543744771992
34,45493,670,0,0,61642,72,284,0.387,0.075,0,2,0,20,14,22582,13193,22352,2,160966,1.3549479052182705,0.3663351880992164
39,37420,700,2,1,56521,12,762,0.116,0.244,0,0,1,33,13,23962,7218,53262,16,75733,1.5104085941049143,0.4239411202717525
41,107945,560,2,4,84996,84,2271,0.277,0.252,0,3,1,4,7,96788,1284,71370,4,435516,0.7873936968484242,1.1387225431485817
31,40459,599,2,1,69241,24,1807,0.345,0.536,0,1,0,16,11,2020,4597,113388,2,-30076,1.711344537815126,0.0291730452615464
57,32475,708,1,2,35443,12,690,0.199,0.255,0,3,0,32,12,17512,3418,51273,8,69585,1.091359773371105,0.4940751608170635
34,43698,633,0,1,60144,120,1561,0.289,0.429,0,1,1,2,10,552,3392,46957,11,141394,1.3763244010160416,0.0091778202676864
68,90132,665,0,0,108835,72,1012,0.332,0.135,0,3,0,4,37,25564,1488,113406,14,57486,1.2074933709074367,0.2348855158219706
35,38376,499,0,1,83270,84,487,0.151,0.152,0,3,0,13,14,4491,11441,35859,13,77059,2.169789196654246,0.0539323413913607
75,30484,495,0,3,5821,48,1052,0.411,0.414,0,3,0,15,49,20588,4742,10146,16,105691,0.19094636706577,3.5362418412916523
59,40327,645,0,4,16435,24,268,0.209,0.08,0,3,1,16,23,2141,10952,30685,8,116526,0.4075332275342194,0.1302628376733998
49,40598,601,0,0,84079,60,1425,0.192,0.421,0,4,1,32,15,21541,6328,82359,0,106447,2.0709623389738665,0.2561964795432921
23,53113,597,0,0,85511,48,798,0.073,0.18,0,3,0,7,2,40792,1081,156424,3,137436,1.609952178333396,0.4770324632800075
44,34093,625,0,0,73861,12,507,0.301,0.178,0,1,0,31,15,13526,279,77657,8,96036,2.166392913709157,0.1831252876986813
19,60720,645,0,3,113658,12,562,0.276,0.111,0,1,0,2,0,25929,17180,36661,0,109259,1.8718071178010904,0.2281297565524947
19,32362,719,0,0,64995,48,1204,0.385,0.446,0,1,0,31,0,25547,6907,60513,1,25064,2.008311961190248,0.3930549572281371
20,33767,591,0,0,47777,120,1538,0.151,0.547,0,1,0,2,1,19864,3808,22710,0,45109,1.4148602226960436,0.4157562057850893
38,48998,581,0,0,105869,36,1320,0.364,0.323,0,2,0,10,16,16898,5617,85939,16,-31644,2.1606359313455377,0.1596108434872957
55,51572,694,0,3,101853,12,1020,0.279,0.237,1,1,0,3,33,37920,309,58972,10,90720,1.9749287417834915,0.3722976024505665
58,42204,769,0,0,92198,48,902,0.092,0.256,0,0,1,22,30,29728,850,152657,9,3824,2.1845278995379696,0.3224329981887005
60,56717,692,0,1,65769,72,1022,0.517,0.216,0,3,0,42,27,44361,6985,111678,15,-26158,1.159578969639268,0.6744868481070397
24,48327,682,0,1,18171,72,611,0.214,0.152,0,3,0,22,4,10093,7318,7838,6,122452,0.3759932130441979,0.5554149240589918
58,56429,734,0,0,21999,84,1066,0.465,0.227,0,1,0,41,12,26177,13228,31573,1,114893,0.3898458266879319,1.1898636363636363
60,32606,681,0,1,63713,24,1024,0.065,0.377,0,2,0,1,19,29284,6207,26535,0,109154,1.9539669396141928,0.459616410835923
59,55093,718,2,0,116507,12,1197,0.279,0.261,0,4,0,14,19,4822,1657,44522,24,55580,2.114694885105456,0.0413877158650049
62,64992,664,0,0,123445,60,1849,0.081,0.341,0,1,0,42,22,57216,12482,102984,21,242380,1.899358392442263,0.4634901090355297
71,71692,759,0,4,114775,84,1281,0.217,0.214,1,3,0,39,16,25295,13705,52023,12,337458,1.6009233816411643,0.2203857949397086
46,50284,667,0,0,8380,12,2074,0.148,0.495,0,0,0,32,10,36364,13799,16341,22,194723,0.166650094461569,4.338861711013005
67,75264,693,0,0,121154,60,2461,0.291,0.392,0,3,0,9,17,5174,8810,188500,6,128957,1.6096990633096393,0.0427056250257934
50,94869,770,0,1,193332,72,474,0.103,0.06,0,0,0,48,23,81173,22435,160610,5,73986,2.037862337936123,0.4198610687259805
34,37214,644,1,0,65095,120,304,0.31,0.098,0,3,0,15,12,29306,5504,50554,6,81818,1.7491602848313852,0.4501966326656015
18,30048,693,1,1,11101,60,236,0.322,0.094,0,3,0,24,0,13799,82,8471,0,108493,0.3694299311125162,1.2429292019455953
22,50023,659,0,4,15902,120,625,0.149,0.15,0,1,0,23,3,2548,4274,27883,3,7783,0.3178874140412602,0.1602213418851789
34,28537,770,2,1,4678,12,726,0.398,0.305,0,0,0,31,9,19546,464,7438,12,29601,0.1639217884925362,4.177388330839923
27,91746,590,1,1,96182,48,2817,0.115,0.368,0,0,1,9,5,8497,9732,185271,6,219970,1.0483394552410432,0.0883420147011426
68,47200,774,0,3,88017,72,1159,0.61,0.295,0,4,0,20,19,15397,6225,174750,11,-4958,1.8647274422152076,0.1749301279283782
53,17145,552,0,1,27113,84,720,0.197,0.504,0,3,0,48,24,12351,3942,23324,4,24538,1.5813017613437537,0.4555211329940252
54,61128,455,0,2,73709,84,1253,0.296,0.246,0,0,0,41,32,6743,14604,76047,21,13500,1.205794303849237,0.0914801248134581
56,76334,650,0,3,46702,84,1083,0.153,0.17,0,1,1,12,24,11732,1331,38102,11,144145,0.611803235737211,0.2512044194163116
31,67139,599,1,1,10673,72,1667,0.301,0.298,0,1,0,16,9,18717,414,19099,10,309885,0.1589663389931486,1.753513209668353
70,40678,668,0,1,53318,120,1786,0.186,0.527,0,0,0,12,31,7290,10800,52705,0,7170,1.3107008530199855,0.1367242446407472
50,96991,575,0,0,125198,120,714,0.831,0.088,0,1,0,31,9,10609,8121,82573,0,250824,1.290807489277466,0.0847370985391257
35,58531,635,0,4,37542,36,292,0.64,0.06,0,3,0,4,13,37761,10474,22702,3,108536,0.6413927424314905,1.0058066750126522
71,37259,733,0,1,80335,72,587,0.127,0.189,0,0,1,3,51,18779,7246,79055,22,-26966,2.1560654857756307,0.2337557259510057
28,26816,775,0,3,44471,72,310,0.027,0.139,1,3,0,32,8,9597,335,21370,3,67352,1.6583137561994257,0.2157987048030221
21,72575,753,0,0,126734,72,3302,0.386,0.546,0,3,0,33,1,44754,17681,199654,1,22964,1.746224647266314,0.3531305479938454
56,72794,587,1,3,75940,36,2813,0.613,0.464,0,4,0,22,14,36767,18081,58407,7,236151,1.0432035167250495,0.4841521707641458
20,55956,609,0,1,70192,84,1533,0.316,0.329,0,2,0,14,1,6249,9934,87085,0,130761,1.2543917651053489,0.0890259712506945
63,32987,578,2,2,11867,12,1252,0.465,0.455,0,4,1,8,35,8729,4214,21616,2,30761,0.3597368740147932,0.7355072463768116
49,50640,760,0,4,91773,120,1601,0.303,0.379,0,0,1,36,14,24308,11561,116752,13,172211,1.81222724669734,0.264868045415913
61,52547,589,0,1,17558,72,1347,0.259,0.308,0,1,1,3,12,1111,10354,13450,8,120144,0.3341326025728857,0.063272395922319
38,89723,684,0,1,152905,60,1295,0.303,0.173,0,3,0,25,16,51303,5454,281722,12,179514,1.7041705675181669,0.3355198618759237
23,162040,675,0,4,277328,36,2831,0.286,0.21,0,3,0,38,4,24393,46033,305896,1,-100794,1.711468085237687,0.0879569031727659
65,87383,640,2,1,18762,48,2420,0.157,0.332,0,2,0,17,36,6658,8144,28087,24,309512,0.2147074979401263,0.3548473058679315
56,64058,713,2,1,72785,120,667,0.384,0.125,0,4,0,9,13,4742,11619,32537,18,52575,1.136218173870963,0.0651498914626439
38,91783,705,0,1,36063,12,3143,0.559,0.411,0,1,0,44,9,59547,17332,32752,4,428867,0.3929116185827595,1.6511479591836735
44,46165,698,0,3,81896,60,1307,0.173,0.34,0,3,0,23,18,13191,3987,58712,15,50060,1.7739461941688688,0.1610681709952745
25,86314,664,2,3,14063,12,1382,0.037,0.192,0,1,0,47,5,42668,8755,24408,6,102619,0.1629264901813126,3.033845278725825
56,85968,642,2,3,56306,84,2666,0.119,0.372,0,1,0,9,18,63334,8788,93418,23,399607,0.6549570193907106,1.1247979824888557
35,73976,665,1,4,98505,24,854,0.418,0.139,0,3,0,39,14,18134,18836,69618,6,209501,1.331562512672858,0.1840903092197429
45,33087,530,0,0,68068,24,1232,0.248,0.447,0,0,0,10,22,15320,7399,86430,7,1173,2.05718085106383,0.225065742114619
24,45816,613,0,3,4765,48,356,0.614,0.093,0,1,0,10,2,7406,6987,8278,3,64955,0.1040006984307135,1.5539236256819136
67,36358,702,0,3,28477,24,1528,0.597,0.504,0,0,0,15,31,13618,8856,41185,0,37727,0.7832173602134272,0.4781936933773439
23,49390,694,2,1,26888,24,1891,0.162,0.459,0,1,1,47,4,34906,1310,25512,1,37354,0.5443906784636877,1.2981516605303285
66,46411,667,0,3,43519,12,1460,0.327,0.377,0,3,0,40,17,541,4852,74331,15,94466,0.937666982676894,0.0124310661764705
44,64793,664,1,3,24647,72,941,0.363,0.174,0,3,0,3,24,50979,3681,46231,21,203360,0.3803901595826774,2.0682814021421616
74,66373,505,0,4,53235,72,2865,0.451,0.518,0,3,0,26,46,10418,6694,63271,20,8310,0.802045981860367,0.1956946427229694
73,32780,805,0,0,29671,36,1227,0.236,0.449,0,2,0,23,31,21893,4985,44999,10,107551,0.9051279704706996,0.7378336478835266
67,107216,650,0,3,144464,48,4671,0.131,0.523,0,0,0,36,45,72098,13850,73424,19,301630,1.347398267065857,0.4990689786453466
68,31374,641,1,3,55981,12,282,0.053,0.108,0,3,1,2,23,330,8926,70453,5,48050,1.7842549800796812,0.0058947518845343
40,39097,645,0,2,52551,60,523,0.466,0.161,0,0,0,25,10,15831,10837,96299,17,122882,1.344084096373216,0.3012444816562643
22,73499,650,2,3,74443,36,2158,0.288,0.352,0,3,1,43,3,15630,16593,89066,4,19344,1.0128299319727891,0.2099564773521036
43,102751,731,0,1,206674,12,2743,0.411,0.32,0,2,1,33,14,3029,773,362560,6,-261200,2.0113866396761133,0.0146558606507802
54,49434,424,0,1,47758,48,805,0.275,0.195,0,4,0,2,13,16600,11680,92273,11,-3413,0.9660766663295236,0.3475784668858225
52,159870,609,0,2,92867,24,5431,0.134,0.408,0,1,0,22,22,79440,6494,124838,21,93172,0.580887090216487,0.8554076754102597
61,35935,622,0,1,61637,72,311,0.148,0.104,0,1,1,19,23,9184,10325,119452,3,-64843,1.7151881121994657,0.1489989941269995
67,35443,557,0,4,61782,60,357,0.692,0.121,0,3,0,12,40,7023,6614,76539,18,8372,1.7430876876199075,0.1136720457083663
32,48184,674,0,0,44621,120,981,0.1,0.244,0,2,0,32,9,7062,9048,19531,9,232716,0.9260350731555465,0.1582627403522926
25,92231,745,0,4,67142,120,2782,0.417,0.362,0,3,0,6,3,54981,12027,55965,3,66693,0.7279686009194206,0.8188642151825208
52,27173,579,1,3,27692,24,1210,0.187,0.534,0,2,1,32,12,17081,2951,34336,14,11033,1.0190623390005151,0.6167984689271657
47,40833,625,0,3,69151,12,330,0.142,0.097,0,0,1,27,19,9188,2962,23008,10,74873,1.6934662291227898,0.132866728366497
58,31925,651,0,1,54127,120,162,0.302,0.061,0,1,0,8,35,14711,7392,63237,0,102334,1.6953893378437637,0.271781702630801
56,47889,622,0,0,94852,12,985,0.314,0.247,0,4,0,25,23,6625,11771,29272,4,216242,1.9806222593443308,0.0698449179256323
54,70528,726,1,1,35184,48,2503,0.685,0.426,0,3,0,4,26,9586,10754,13398,16,48770,0.4988586255299239,0.2724456444507602
39,57650,589,2,3,41799,120,1795,0.141,0.374,0,1,0,7,14,17861,5034,55160,13,81291,0.7250351251496071,0.4272966507177033
31,45009,606,0,1,81396,84,1665,0.528,0.444,0,0,0,36,7,27975,11522,44749,12,61626,1.808398133748056,0.3436858852291853
37,28096,593,0,4,59759,72,886,0.436,0.378,0,3,0,10,14,12116,684,52728,3,83812,2.1268818735096278,0.2027443105756358
67,36480,435,0,4,79805,120,1648,0.097,0.542,0,0,0,28,36,6002,80,31404,9,11851,2.1875770949261257,0.0752073778913866
64,76073,578,0,0,105423,48,2601,0.105,0.41,0,1,0,25,43,35109,20353,125418,4,166687,1.3857954097326288,0.3330266353012597
43,40029,659,0,4,83539,72,1163,0.47,0.349,0,1,0,17,21,2097,3012,32374,11,44770,2.0869098176367724,0.0251017476657888
53,67883,663,2,4,62605,12,1095,0.135,0.194,0,4,0,5,24,34384,5347,116813,11,204885,0.9222349890990512,0.5492125355397246
49,62602,640,0,2,83813,72,2678,0.057,0.513,0,1,0,7,23,36732,5364,87676,9,197005,1.3388016548727697,0.4382561385925979
47,63025,631,0,3,70030,120,2183,0.174,0.416,0,0,0,8,14,31328,2402,27515,13,165392,1.1111287405197854,0.4473447473261841
65,29492,621,2,0,5037,36,181,0.179,0.074,0,0,0,22,32,14755,4270,4387,17,32744,0.1707862882717933,2.9287415641127432
38,166063,699,0,2,339353,48,5784,0.367,0.418,0,0,0,18,9,130542,16796,167007,4,646771,2.0435073224780806,0.3846779469226825
49,91619,807,2,3,13973,24,590,0.099,0.077,0,4,1,14,22,63768,8333,25087,16,117022,0.152510368915084,4.563331902103907
51,97487,737,0,0,27149,48,1206,0.056,0.148,0,0,0,37,30,42229,11048,51064,21,405941,0.2784855571967832,1.5553959484346225
43,46333,695,0,1,37073,72,1759,0.393,0.456,0,4,0,11,15,25700,5665,38704,1,170990,0.8001251780549921,0.6932081782381183
56,31338,657,0,1,46487,84,170,0.188,0.065,0,2,0,22,21,26090,3438,49313,8,15974,1.4833593924503017,0.5612200998107039
27,89353,740,1,1,28827,60,2304,0.213,0.309,0,0,0,22,6,13139,18212,56244,7,243194,0.3226156635405242,0.455772165949771
41,73062,603,1,2,12100,60,1359,0.35,0.223,1,0,1,16,12,3154,19917,4396,17,306900,0.1656105005269425,0.2606396165606148
40,91530,703,0,0,63627,48,2536,0.375,0.332,0,4,0,5,10,46620,4464,121071,14,145171,0.695141536747113,0.7326962972276356
35,89691,641,0,3,61572,84,3143,0.447,0.421,0,4,1,26,10,4028,548,116174,13,176322,0.6864826294429827,0.0654182839881116
29,53819,656,1,1,81914,48,835,0.113,0.186,0,3,0,27,10,40109,11629,63043,4,175077,1.5219992567818654,0.4896417017640236
37,64121,633,0,1,65981,36,2930,0.428,0.548,0,0,1,41,11,49465,5241,120727,9,31997,1.0289916097439256,0.7496741535570307
44,39403,615,0,1,72271,120,847,0.067,0.258,0,0,0,0,24,8377,8025,38705,21,127595,1.834103136737387,0.1159093424839495
42,40797,802,1,1,25839,72,496,0.137,0.146,0,2,1,2,22,8198,9805,47969,3,104444,0.633339869601451,0.3172600619195046
21,97056,511,0,1,92919,84,1630,0.259,0.202,0,3,0,27,0,38059,9664,74438,0,148177,0.9573652595897256,0.4095888936719759
26,30362,774,0,1,41046,120,1141,0.102,0.451,0,4,1,9,3,9400,3762,19934,4,123690,1.3518427032901887,0.2290057738689794
63,125356,712,0,4,167807,24,3627,0.268,0.347,0,1,0,23,32,69441,6643,269483,21,83701,1.338632864538877,0.41381221395881
24,61996,636,2,4,88934,24,2783,0.276,0.539,0,3,0,42,3,10529,16957,85396,4,-6374,1.4344887655854317,0.1183898352729521
62,25666,640,0,1,15223,72,133,0.183,0.062,0,3,0,35,31,17072,2560,22578,0,107529,0.5930961935559278,1.1213872832369942
26,89852,678,0,1,102596,72,4026,0.209,0.538,0,0,0,35,3,13860,2024,79397,3,344472,1.1418205290863968,0.1350916693470569
67,52814,686,0,0,9672,48,1706,0.029,0.388,1,1,1,8,40,38041,8015,15264,19,253268,0.1831297926725362,3.932699265998139
69,25396,699,0,0,44378,48,671,0.323,0.317,0,2,0,34,19,13675,6665,20778,24,12742,1.7473717368193094,0.3081412379729151
67,91939,810,0,1,120341,48,4128,0.442,0.539,1,3,0,26,46,243,26933,114923,16,195066,1.3089079834674788,0.0020192451513187
74,93776,568,0,4,204699,120,1593,0.505,0.204,0,2,0,19,20,22106,10356,331633,3,-179735,2.1828273457244314,0.1079921836834391
54,97616,721,1,0,112954,24,4072,0.449,0.501,0,2,0,30,28,9703,24398,34792,10,268012,1.1571140272698404,0.0859014651852507
65,48329,674,0,3,93300,84,1758,0.082,0.436,0,1,0,42,32,35923,5225,84142,8,194242,1.9304779639975167,0.3850226685673251
39,58105,733,0,1,20361,48,1704,0.276,0.352,0,1,0,14,17,25474,6289,11204,19,198328,0.3504113172477885,1.2510558884196052
75,53329,663,0,2,112048,12,1097,0.137,0.247,0,1,0,25,53,14672,13009,69127,23,-14029,2.101031314457153,0.1309427125632535
70,23931,507,0,3,23485,24,311,0.538,0.156,0,4,1,44,45,4147,515,29709,3,36247,0.9813220792244692,0.1765732776973516
48,67735,625,0,3,137803,48,1491,0.234,0.264,1,3,0,18,14,12875,6047,259353,19,55569,2.034413015235621,0.093429798844736
19,50275,780,2,3,92549,120,1376,0.139,0.328,0,1,0,1,0,709,756,79678,0,8295,1.8408186808815337,0.0076607239330091
26,74120,665,0,3,92734,72,3247,0.27,0.526,0,2,0,23,4,5910,11743,121847,6,236143,1.251116417749356,0.0637299832857065
20,37818,680,0,3,64454,36,411,0.088,0.13,0,3,0,21,1,27060,1799,80239,0,75761,1.704275628652265,0.4198277868280195
33,29916,537,0,1,12254,60,587,0.634,0.235,0,4,0,5,12,5441,3854,17267,14,68813,0.4095998930374034,0.4439820481436148
51,106285,781,0,0,17738,48,3829,0.128,0.432,0,1,0,13,28,94027,12377,9917,3,624092,0.1668893363189884,5.300580641524325
53,36542,647,0,1,15165,12,1018,0.444,0.334,1,1,0,9,11,23950,3360,7275,13,89302,0.4149905590674,1.5791902940788607
25,38353,550,0,0,61394,12,1483,0.37,0.464,0,0,0,43,4,12746,5988,110906,3,39840,1.6007196120352505,0.2076064826125906
66,53256,632,0,1,114778,72,584,0.36,0.132,0,1,0,32,15,15553,6814,118050,7,16207,2.155172090053889,0.1355038813720279
43,58766,814,0,3,43068,72,2569,0.265,0.525,0,0,0,48,22,22437,2973,45649,7,68278,0.7328602787278574,0.5209547470338295
27,84885,534,1,4,113072,12,775,0.273,0.11,0,4,0,6,5,37896,10055,76109,5,315506,1.332045331385623,0.3351463214029874
45,34933,830,0,1,68543,12,380,0.304,0.131,0,1,0,40,12,23261,3989,131051,0,-75364,1.9620713345165168,0.3393586601307189
50,69901,811,1,4,126688,84,516,0.475,0.089,0,2,0,14,31,26671,4444,102249,14,202731,1.8123658836657035,0.2105234077149555
46,24064,616,1,0,32050,36,307,0.099,0.153,0,4,0,0,13,1295,1252,37116,2,68667,1.3318096821109495,0.0404043555583289
30,38883,660,0,0,60443,24,903,0.077,0.279,0,0,0,14,3,31702,10269,69413,8,59631,1.5544439872441107,0.5244854741578983
30,94678,482,0,1,177884,24,1027,0.239,0.13,0,4,0,24,6,48369,13106,148171,2,229258,1.8788115632822484,0.271911628299182
74,42535,678,0,1,43466,36,339,0.052,0.096,0,0,0,13,50,32039,8804,86895,5,156178,1.0218638329885277,0.7370879057675938
68,137534,576,0,0,258824,12,4476,0.434,0.391,0,0,1,43,26,26023,20058,203257,23,43601,1.8818773403133748,0.100542837824785
37,75258,669,0,0,7618,60,800,0.077,0.128,1,1,0,36,13,26510,20165,11124,4,222823,0.1012237739007959,3.479459246620291
65,93357,683,2,2,53561,84,3323,0.193,0.427,0,3,0,3,22,17964,16515,61110,3,41368,0.5737162321386491,0.3353870281169486
54,79742,665,0,0,31926,120,719,0.327,0.108,0,0,1,42,32,44679,13979,45680,5,163878,0.4003611602272299,1.3994111567012246
22,57050,773,0,3,80252,72,2010,0.366,0.423,0,0,0,10,2,48875,13213,74178,3,199546,1.406671223992568,0.6090115011276837
18,46162,780,2,4,65392,48,1674,0.259,0.435,0,0,0,1,0,10667,9854,126113,0,-8406,1.416545718432511,0.1631214350159803
56,143159,706,0,0,173943,12,1482,0.308,0.124,0,2,0,0,27,52420,5090,247793,19,-80221,1.2150251466890192,0.3013613576783333
66,74200,662,0,0,87631,48,3068,0.141,0.496,0,3,0,47,25,49746,13900,75163,16,277100,1.180994865298311,0.5676693445316779
66,26232,850,2,2,17395,84,341,0.178,0.156,0,1,0,30,43,22123,4234,11505,15,54790,0.6630961003316433,1.271729133134054
24,149328,678,0,4,81045,48,4651,0.297,0.374,0,0,0,48,3,67094,7463,121955,6,618663,0.5427278023692652,0.8278508501344916
55,28888,773,0,3,15230,48,994,0.369,0.413,1,1,0,47,14,7685,7846,22042,8,18708,0.5271902800373844,0.5045630621758256
19,118599,718,0,3,186435,120,4008,0.542,0.406,0,0,0,24,0,40016,31858,92179,0,251100,1.571964586846543,0.2146366581561501
39,34975,666,0,3,50172,60,1517,0.576,0.52,0,1,1,8,7,30103,4607,34846,1,170206,1.434469350411711,0.5999840551691149
66,73875,791,0,4,20774,48,928,0.499,0.151,0,1,0,38,46,1181,5380,31824,24,204433,0.2812009312902702,0.0568471720818291
28,41214,668,0,3,76256,120,1281,0.29,0.373,0,0,0,12,5,30912,698,104669,7,64179,1.8502001698410773,0.405366064754711
61,22544,635,0,1,3992,12,920,0.194,0.49,0,0,0,0,19,8417,3804,7091,10,96298,0.1770680860501219,2.10793889306286
60,42552,553,1,1,21536,120,664,0.255,0.187,0,1,0,43,41,18408,10998,36967,21,52675,0.5060982774422484,0.8547151413845939
52,49888,635,2,2,9337,36,751,0.606,0.181,0,2,0,33,33,11101,13092,15021,22,235459,0.1871554851770931,1.1887984579139002
35,31407,613,2,4,51869,48,980,0.083,0.374,0,2,0,21,12,4245,8567,52939,10,88471,1.6514582272032603,0.0818392134181607
58,42803,553,0,3,26281,24,1112,0.37,0.312,0,2,0,16,30,1691,370,36258,13,38913,0.6139846743295019,0.0643406133475382
40,47414,789,0,3,66416,12,1312,0.07,0.332,0,1,0,16,8,3724,5020,124601,9,16650,1.4007381630285776,0.0560699820829004
19,73251,708,0,0,45982,60,1245,0.247,0.204,0,3,0,31,0,1426,13793,53678,1,99644,0.627723475126959,0.0310114607572363
50,37885,561,2,0,38055,60,1016,0.332,0.322,0,4,0,13,27,18391,137,47843,9,8480,1.0044607506730718,0.4832615093546353
33,107845,683,0,0,126317,84,2198,0.317,0.245,0,1,0,8,13,63677,25283,243131,15,202489,1.1712719989614822,0.5041007615700058
48,96193,606,0,1,185273,72,2940,0.088,0.367,0,3,0,41,20,27204,26725,202558,8,101009,1.9260348878308415,0.1468311797661841
44,86998,652,0,4,176643,36,3441,0.157,0.475,0,1,0,5,13,63917,9735,210902,8,75417,2.0304026483063025,0.3618407644754421
29,82356,679,0,1,148598,84,673,0.342,0.098,0,0,0,43,5,52758,24593,64098,2,238046,1.8043153587430332,0.3550360365816728
26,62296,722,0,3,54178,36,2242,0.17,0.432,0,1,0,0,6,7104,3991,31688,8,248008,0.8696726969195948,0.1311209140072722
29,53993,764,0,4,34028,48,1108,0.217,0.246,0,1,0,39,7,35239,11375,48440,10,258347,0.6302181723895247,1.035557906491522
73,28069,664,0,1,12086,60,826,0.311,0.353,0,2,0,22,27,1517,5016,6350,20,76299,0.4305664410402565,0.1255067427815007
62,39123,588,0,3,21941,12,1223,0.322,0.375,1,1,0,40,15,9767,2169,30037,15,39006,0.5608066659850731,0.4451280648983684
64,36685,578,0,4,6749,84,1602,0.277,0.524,0,2,0,47,42,7478,74,12840,23,137940,0.1839666357738646,1.107851851851852
56,32009,669,0,1,11623,48,647,0.116,0.243,0,1,0,32,17,24114,6811,15751,0,33747,0.3631052796001249,2.0745010323468684
33,57982,806,1,0,11949,12,249,0.358,0.052,0,2,0,46,10,1349,13787,17234,4,215192,0.2060776434472173,0.1128870292887029
57,69936,738,2,0,122318,72,487,0.554,0.084,0,2,0,33,26,43587,12135,129937,13,40956,1.748974076669002,0.3563387535869325
22,105854,762,2,1,209962,60,1281,0.278,0.145,0,3,0,16,1,87441,14362,299446,1,261637,1.9834868452127912,0.4164590904111677
30,140281,494,0,0,144735,84,1060,0.088,0.091,0,0,0,37,10,8531,25857,200013,8,-90990,1.031743202976861,0.0589417974795489
42,121224,759,2,4,115650,72,951,0.297,0.094,0,1,1,18,20,63070,2025,144882,19,506197,0.9540111363167664,0.5453476407467294
62,45639,633,0,4,36998,72,1411,0.185,0.371,0,1,0,17,25,40625,11328,12984,10,200654,0.8106485539000876,1.0980026487202357
35,56703,572,0,0,65427,36,1622,0.305,0.343,0,0,1,4,9,16941,12371,78892,10,-14362,1.1538339446952597,0.2589258421470929
50,202538,525,2,1,317805,12,5834,0.135,0.346,0,1,0,17,12,140023,41093,257946,21,383392,1.5691052093670848,0.4405926886213602
57,26281,685,0,3,55971,84,226,0.353,0.103,0,3,0,19,12,18975,7825,56340,9,41957,2.129632448063313,0.3390087901093404
46,112671,816,0,3,103359,120,5068,0.401,0.54,0,4,0,32,12,33757,11484,40613,8,475376,0.917344149389378,0.3265963622291021
25,43841,591,0,0,70008,120,1290,0.149,0.353,0,1,0,2,3,23335,2479,95844,5,-6937,1.5968249623648556,0.3333142881629505
58,45766,688,0,4,54496,120,240,0.694,0.063,0,4,1,11,18,39247,7768,83619,15,13262,1.1907269429938605,0.7201680826467513
39,28932,753,0,4,43221,60,451,0.213,0.187,0,3,1,8,7,7265,6765,73443,16,-37603,1.493830574084955,0.1680856970986997
71,63646,692,0,1,22473,72,771,0.117,0.145,0,3,1,3,20,10373,3885,27914,18,301570,0.3530881266988232,0.4615555753314941
53,54224,783,0,3,23253,48,572,0.252,0.127,0,1,0,40,23,8812,11441,22101,1,133891,0.4288243430152144,0.3789455577535047
22,62268,680,1,1,69741,36,1642,0.43,0.316,0,3,0,30,1,17692,14905,115054,4,-18963,1.1199955033804945,0.2536778411860859
61,123018,609,1,0,127852,84,2746,0.109,0.268,0,4,0,36,26,39930,2131,71295,4,507133,1.0392866142628374,0.3123117955777338
43,58741,547,0,4,95062,60,2457,0.601,0.502,0,3,0,4,10,24161,12353,108409,12,112833,1.6182969595859862,0.2541577690584139
33,28412,585,1,3,44426,120,1286,0.068,0.543,0,1,0,30,5,9947,5500,52379,5,54901,1.5635800513849294,0.2238953789362324
40,51852,597,0,0,83334,84,1859,0.638,0.43,0,1,1,24,19,2863,10530,144831,1,62903,1.6071201280543073,0.0343553128937421
70,52549,710,0,3,23032,48,2221,0.589,0.507,0,0,0,36,27,5420,2060,14659,8,199489,0.4382873453853473,0.2353145486910085
65,63407,691,0,4,91635,12,1410,0.36,0.267,0,2,0,33,30,54324,3739,83841,22,281902,1.445164647993944,0.5928237810467502
24,70749,640,1,1,97647,48,2163,0.486,0.367,0,3,0,34,3,63001,15803,119573,5,60966,1.3801696113074204,0.6451847452072751
38,39640,640,0,1,52590,48,958,0.365,0.29,0,1,0,10,7,7366,2898,81796,5,51322,1.3266567442799122,0.140061987792588
73,188192,599,0,0,206082,12,6900,0.162,0.44,0,4,0,12,16,34966,47070,285742,6,161354,1.0950566705456632,0.1696695020938165
70,106852,613,0,3,135186,72,2254,0.512,0.253,0,1,0,14,41,47326,18882,123406,17,296720,1.265158675937971,0.3500780400482295
27,47386,727,0,1,48194,12,1541,0.197,0.39,0,1,0,48,6,21332,10300,32323,7,62448,1.0170299871272712,0.4426185288930387
61,60380,566,0,0,123245,24,1135,0.284,0.226,0,1,0,12,21,49078,7267,190156,18,1281,2.0411222073168718,0.3982117066679649
61,43113,850,0,3,8807,84,1605,0.294,0.447,0,3,0,42,42,8472,1351,16817,2,205078,0.2042723941179199,0.9618528610354224
34,40474,751,1,1,56548,72,583,0.145,0.173,0,4,0,34,8,17331,7102,68210,15,48040,1.3971093267449042,0.3064775681267573
51,51465,561,0,3,76355,12,682,0.154,0.159,0,1,0,26,12,36108,6892,65119,16,49401,1.4836008238448684,0.4728901461574729
69,70151,497,2,1,70596,72,1213,0.082,0.207,0,1,0,29,41,3654,2145,140234,17,9088,1.0063291139240509,0.0517585733104806
49,39097,731,2,1,54591,36,423,0.128,0.13,0,1,0,43,18,35105,10991,84643,2,91427,1.3962606782955649,0.6430429366940211
69,79245,653,0,1,72746,36,393,0.442,0.06,0,4,0,22,22,40326,18701,101032,12,105931,0.9179769325896576,0.5543321374077281
67,63403,644,2,4,133465,48,1930,0.176,0.365,1,1,0,16,15,45834,7313,220569,19,-93008,2.1049933758122514,0.3434133037627561
67,34906,608,0,0,66029,36,738,0.049,0.254,0,1,0,11,24,6679,5985,60043,3,12782,1.8915690262698024,0.1011509919733454
44,144233,622,0,1,223137,120,691,0.33,0.057,0,1,0,37,15,29858,38444,408931,21,-2315,1.5470485461125671,0.1338095707589025
43,102104,580,1,3,73967,24,1457,0.264,0.171,0,0,0,10,24,5292,2608,112153,22,215748,0.7244209392292248,0.0715444516547696
54,56952,733,0,4,96113,84,1399,0.159,0.295,1,4,1,18,15,25003,7735,173340,9,77043,1.6875844994995874,0.260139001602264
69,50942,778,0,3,97765,12,2008,0.489,0.473,0,2,0,24,41,1444,11149,167619,7,46760,1.919105667118152,0.0147699609271116
32,54531,584,2,4,64969,84,2222,0.058,0.489,0,4,0,2,10,25368,8063,88119,10,120973,1.191392210078486,0.3904571340618747
49,36838,767,0,1,18588,60,864,0.219,0.281,0,3,0,4,22,17115,6361,32680,11,104733,0.5045739569477999,0.9207057937489912
50,25541,481,0,1,36536,48,1045,0.478,0.491,0,3,0,9,16,15942,2926,28270,1,73103,1.4304283141492444,0.4363248214139092
50,98606,651,0,2,71057,12,1565,0.13,0.19,0,4,0,1,14,37546,11250,113894,10,419260,0.720608070420964,0.5283852627431113
61,31097,684,0,3,13026,12,374,0.438,0.144,0,3,0,40,22,7760,4911,22850,6,144789,0.418869380667567,0.5956858831657327
60,52783,453,2,0,55783,48,1407,0.052,0.32,0,4,0,27,35,21595,13226,58173,17,219002,1.056816459533192,0.3871181700846121
37,32949,627,0,1,67557,24,669,0.201,0.244,0,3,1,32,9,4505,2548,49132,15,100619,2.050288315629742,0.0666834423754403
43,80286,790,2,4,84168,72,711,0.261,0.106,0,1,1,5,10,16994,18387,45437,1,193944,1.048339083537808,0.2019033135715049
47,16388,496,0,1,24376,60,414,0.098,0.303,0,3,1,46,18,13626,1783,38390,12,46965,1.4873390688876686,0.5589695204496041
54,37484,637,0,3,38340,72,1410,0.445,0.451,0,3,0,21,21,17631,10582,21362,23,73159,1.02280912364946,0.4598471610025821
42,68210,672,2,4,120951,36,637,0.229,0.112,0,3,0,9,8,334,20267,127292,0,183762,1.7731890750758674,0.0027614260202394
72,75305,677,0,4,129212,84,2293,0.244,0.365,0,3,1,31,49,59328,12307,85433,16,129762,1.7158260961941945,0.4591488472522114
68,43320,702,0,3,49927,12,781,0.29,0.216,0,3,0,19,24,3345,8597,43662,13,112496,1.15248955471942,0.0669964749238904
48,115019,662,0,0,61586,48,2835,0.24,0.296,0,2,0,5,9,94640,24600,39303,7,283619,0.5354373152495219,1.536687937389384
38,48574,738,0,1,100991,60,1345,0.422,0.332,0,3,0,10,19,36318,10563,196386,14,-64131,2.079073597529593,0.3596126425855513
37,64497,690,0,3,24459,24,2826,0.169,0.526,0,1,0,45,17,21059,13406,32129,17,197922,0.3792210611181742,0.8609566639411284
38,25823,521,1,1,24774,72,361,0.329,0.168,0,1,1,31,16,17299,6477,12132,14,138048,0.9593401486988848,0.6982441977800202
20,33470,631,2,4,15881,84,350,0.376,0.125,0,4,0,26,0,12354,7100,10853,0,155427,0.4744704370947984,0.7778617302606725
53,102860,413,2,1,24390,36,3962,0.276,0.462,0,2,1,41,28,11974,27679,17609,14,79506,0.2371161081459445,0.4909187815177729
34,34717,622,1,4,55626,24,1426,0.267,0.493,0,1,1,33,12,20370,2159,56729,4,53721,1.6022236303934558,0.3661890808420371
27,68867,629,0,1,112368,84,1103,0.061,0.192,0,3,0,33,5,46523,19245,107156,6,98385,1.6316431434047745,0.4140198809280139
65,16599,695,0,0,8252,120,133,0.628,0.096,0,2,0,4,35,4471,224,15578,22,64726,0.4971084337349397,0.5417423967042287
49,42584,850,0,1,84274,84,970,0.191,0.273,0,0,0,34,19,24111,4544,84644,23,98300,1.9789597276036164,0.2860990803915752
43,30903,408,0,3,5122,36,138,0.545,0.054,0,4,0,21,21,26086,4612,6051,5,171588,0.1657390629044783,5.091938317392153
62,51041,581,0,4,73809,24,2233,0.398,0.525,1,2,0,28,16,32979,7720,29882,17,112242,1.4460444339955332,0.4468093754233844
70,23013,665,2,3,37882,84,129,0.375,0.067,0,3,0,9,35,3449,4607,48470,24,33324,1.6460415399322152,0.0910434759654726
44,31789,666,0,3,6671,48,778,0.314,0.294,0,0,0,12,9,16489,5313,2947,13,69602,0.2098458634790814,2.471372901678657
58,87286,537,0,0,45653,84,3492,0.193,0.48,0,0,1,33,36,10507,22113,62404,20,72749,0.5230217558170174,0.2301441275682306
61,70482,548,1,4,131950,12,1359,0.056,0.231,0,0,0,47,15,15635,18572,63757,17,58607,1.8720826298540076,0.1184909549757106
43,94889,611,0,1,79006,60,2681,0.201,0.339,0,4,0,47,8,2595,14442,35501,2,158673,0.8326061755717146,0.032845190932449
61,46318,764,0,2,80011,48,1050,0.206,0.272,0,1,0,13,33,4514,8996,146556,13,-105431,1.7273904877048296,0.0564165375193721
34,44787,570,2,3,75785,72,568,0.247,0.152,1,3,0,36,10,14309,3905,34981,12,54123,1.692082700723408,0.188807959253688
66,60108,726,0,2,84550,120,2505,0.209,0.5,0,4,0,10,27,30444,5313,121540,21,199218,1.406611322763646,0.3600667053021253
49,37806,700,0,1,65417,60,1318,0.567,0.418,0,0,0,18,22,30044,1204,99923,13,-4439,1.7302880418970032,0.45926197682595
53,32366,665,0,1,6436,72,371,0.446,0.138,0,1,0,33,21,27508,4831,2316,23,88910,0.198844502116353,4.273419294702501
74,52747,715,2,0,36922,72,1168,0.282,0.266,0,3,0,33,50,17217,10171,63351,12,5044,0.6999696670963828,0.4662947214473363
55,28828,653,1,4,27411,36,1300,0.483,0.541,0,1,0,23,28,2893,1413,29591,11,9899,0.9508134170453364,0.10553772070626
60,57152,726,0,4,118980,48,328,0.435,0.069,0,3,0,30,37,9843,4300,207202,16,-158176,2.0817804839640965,0.0827274943058135
43,106796,747,1,4,233589,120,2815,0.122,0.316,0,4,0,9,16,84553,1946,334624,21,246486,2.187224360234838,0.3619718309859155
45,37724,673,0,1,56248,36,814,0.351,0.259,0,1,0,17,17,7767,1796,60340,22,20027,1.4910006626905234,0.1380824547991964
21,180275,726,0,2,205842,36,7108,0.126,0.473,0,1,1,8,2,158938,15164,403798,0,506098,1.1418158823137856,0.7721321589755299
26,49804,460,0,1,93411,36,1137,0.103,0.274,0,4,0,48,3,20134,6353,146959,7,-83359,1.875534584881036,0.2155397593456943
45,80758,638,1,3,46154,60,3682,0.309,0.547,0,3,0,47,14,51877,17038,71507,1,189980,0.571502866553573,1.1239735673274835
31,46445,649,0,1,87507,48,997,0.564,0.258,0,0,0,7,4,32522,9049,170820,13,96368,1.8840589071179437,0.3716460209352288
65,67864,732,2,1,8448,48,618,0.159,0.109,0,1,1,35,30,60248,1149,13700,8,358210,0.1244824283504015,7.130784708249497
44,32426,850,0,3,33004,72,479,0.209,0.177,0,4,0,8,17,10511,7069,36527,10,104314,1.0177938137971445,0.3184668989547038
50,58796,609,0,1,48830,84,2326,0.198,0.475,0,1,0,4,20,14334,15547,86157,15,114379,0.8304845485313876,0.2935430361860294
72,92374,732,0,4,155073,24,1487,0.26,0.193,0,4,0,0,34,47009,26935,74536,18,371026,1.6787334235453315,0.3031391464720069
52,61335,564,0,0,121856,12,506,0.362,0.099,0,4,0,5,16,12744,9544,99290,1,86403,1.9866962305986695,0.1045815997439621
42,85037,658,0,1,175394,48,1221,0.238,0.172,0,2,1,5,17,45969,18203,280829,3,149167,2.0625367482772408,0.2620884289746001
71,66067,700,0,0,119796,72,1090,0.263,0.198,0,1,0,2,38,45469,19764,162351,21,175593,1.8132227402070595,0.3795504061036587
70,49472,800,0,4,57944,48,855,0.272,0.207,0,1,0,27,16,15462,7493,103964,1,-27718,1.1712247084268186,0.2668392441107947
18,30850,627,0,4,50269,120,328,0.301,0.128,1,1,0,10,0,5975,2052,29246,0,93794,1.6294123367151794,0.1188581659041177
20,27985,540,0,3,11247,24,1196,0.699,0.513,0,4,0,37,0,15215,2777,16896,0,129930,0.4018795111841635,1.3526849217638692
19,45791,677,0,3,100516,36,333,0.29,0.087,0,1,0,19,0,31536,6081,101246,1,73401,2.195055904961565,0.3137379746709511
24,50437,647,0,1,79073,60,758,0.193,0.18,0,1,0,5,4,44459,1439,62405,4,179584,1.5677267139854871,0.5622454915648633
21,58477,773,0,4,65496,12,1553,0.429,0.319,0,2,0,23,2,27256,7189,129322,3,158713,1.1200109442867403,0.4161411973067468
60,180908,652,2,3,388977,36,3246,0.287,0.215,0,2,0,10,25,56192,27875,222182,4,564267,2.15012520106794,0.1444606121682974
28,63211,546,1,1,109257,72,346,0.11,0.066,0,3,0,48,3,31801,681,104487,9,16002,1.72842181864203,0.291063354628494
43,51348,697,1,0,82084,12,1130,0.317,0.264,0,0,0,41,24,25658,3760,76473,3,146270,1.5985510915499814,0.3125784248035573
60,42940,642,1,3,7245,48,1879,0.233,0.525,0,1,0,3,22,36250,6659,13500,1,51567,0.1687198714515265,5.002760143527463
61,25359,737,0,0,27370,36,882,0.075,0.417,0,3,1,34,15,10249,7350,48792,21,59586,1.0792586750788644,0.374447407840415
72,21207,575,0,4,25258,12,960,0.413,0.543,0,1,0,27,33,6472,4926,30607,7,4140,1.1909656733308185,0.2562255037808306
50,49516,652,2,0,53102,72,424,0.138,0.103,1,1,0,45,29,2486,13687,76546,19,-26774,1.072399377991397,0.0468146809031504
53,136799,822,0,3,197986,48,5383,0.1,0.472,0,1,0,32,27,85520,19024,80898,5,679519,1.447266081871345,0.4319475521120073
20,113989,551,0,0,179248,48,1113,0.34,0.117,0,0,0,36,1,36641,26134,244313,0,82856,1.5724888148083165,0.204413971626062
47,26046,560,1,4,29254,84,1136,0.214,0.523,0,1,0,43,11,8836,6883,10042,6,82596,1.1231235842899374,0.3020338403691676
49,20897,758,0,1,37456,12,854,0.251,0.49,0,0,0,9,25,18643,4884,36883,5,37185,1.792324624365968,0.4977173825987132
37,26047,707,1,1,28942,84,193,0.388,0.089,0,1,0,36,7,19886,1333,32340,12,3622,1.1111025798525798,0.6870745948934112
42,50114,646,2,1,92717,84,1048,0.237,0.251,0,0,0,12,10,45084,11360,148250,17,-60176,1.8500848049486185,0.4862486248624862
43,63988,717,0,3,15936,60,2362,0.174,0.443,0,3,0,44,23,52553,11851,23356,4,265180,0.2490428042319773,3.297546589696932
23,66720,695,1,0,23191,72,628,0.198,0.113,0,3,0,31,2,53012,7773,7683,2,214586,0.3475817208974686,2.2857882028285617
30,42741,598,0,0,43630,60,1752,0.133,0.492,0,4,0,3,10,35740,10714,37615,10,208206,1.0207758176968789,0.8191423529142123
72,47230,771,0,2,73017,84,625,0.276,0.159,0,1,0,9,50,1265,9279,27370,22,186981,1.5459549871906164,0.0173244953299186
59,45753,640,1,1,26398,24,917,0.365,0.241,0,0,0,22,20,28236,10810,33739,5,164729,0.5769550203260917,1.0695859691654988
37,91967,607,0,1,198698,24,4078,0.377,0.532,0,2,0,10,15,62969,7480,329128,1,158185,2.160512352122477,0.3169064766304812
23,79606,740,0,0,20610,12,2397,0.393,0.361,0,3,0,15,3,52287,9179,10237,0,291890,0.258896830680719,2.53684925525205
67,76974,714,2,4,11921,48,3174,0.56,0.495,0,4,0,47,41,40080,8652,18950,3,349111,0.1548684637869438,3.361852038248616
37,102487,625,0,3,165022,84,1953,0.212,0.229,0,3,0,47,15,61061,3768,237258,14,219514,1.6101592381547107,0.3700150888058028
45,94833,546,0,4,91180,84,2047,0.168,0.259,0,3,0,37,8,51307,26685,182180,3,307497,0.9614695151527932,0.5626939822989439
37,66253,669,0,1,64055,84,1777,0.22,0.322,0,0,0,30,15,49338,18514,125909,15,174408,0.9668095511214416,0.7702322967403522
42,57757,594,2,2,90895,24,2002,0.357,0.416,0,1,0,0,22,27401,5792,54834,21,192800,1.57372138924478,0.3014544094349586
53,22919,682,0,3,7228,84,173,0.694,0.091,0,0,0,44,26,12054,4315,2586,19,120568,0.3153577661431064,1.6674505464102918
38,65525,837,0,1,68103,84,2497,0.513,0.457,0,1,0,4,10,12380,9586,51455,8,221768,1.0393279003754234,0.1817808058263831
56,30998,690,0,4,50277,60,714,0.246,0.276,0,3,1,7,33,25241,4514,80045,14,76386,1.6218910287428627,0.5020287203150483
45,30665,720,1,1,30346,72,1276,0.407,0.499,0,0,0,21,18,27531,2254,46009,22,126821,0.9895649905432726,0.9072066431607736
74,77921,525,2,3,97180,24,2004,0.077,0.309,0,3,0,29,52,51556,889,39852,2,395059,1.2471445804779138,0.5305152241693335
29,62668,580,1,1,76169,36,2267,0.278,0.434,0,0,0,10,4,14389,10425,50711,5,231486,1.2154175110501204,0.1889063935932781
51,42470,729,0,4,80971,84,833,0.161,0.235,0,0,0,17,22,31089,6661,138419,15,-17372,1.9065009065009064,0.3839475374203428
53,98797,638,0,4,202906,36,454,0.312,0.055,0,0,0,48,20,37136,4043,333188,13,121316,2.053746027247515,0.183019807103747
33,22926,585,1,1,42243,12,844,0.077,0.442,0,2,0,48,8,11449,1309,54325,11,33530,1.8425001090417408,0.2710207366726636
74,19906,594,0,1,14047,12,739,0.396,0.445,0,3,1,2,31,17172,4988,18485,2,34624,0.7056311850102979,1.222380410022779
49,35851,545,1,0,73737,24,594,0.782,0.199,0,2,0,3,15,13379,4498,38809,3,16230,2.0567053441927925,0.1814396918820689
63,56354,660,0,0,37197,120,997,0.352,0.212,0,3,1,10,21,37954,5119,46530,9,82119,0.6600479105669417,1.0203236733157697
74,52548,596,1,0,95554,48,598,0.399,0.137,0,1,0,31,49,35182,13519,51459,13,127504,1.818379036708596,0.3681858615457066
24,84181,850,0,2,162645,84,2480,0.501,0.354,1,2,0,10,2,3967,24665,111909,5,93855,1.9320638616331285,0.0243903938615151
62,66193,845,1,4,133390,72,1081,0.259,0.196,0,3,0,12,41,28926,3296,180057,6,-46378,2.0151373236244976,0.2168512118508745
52,75119,772,0,3,23416,84,2630,0.3,0.42,1,3,0,24,13,11486,3663,14732,20,355618,0.3117145899893503,0.4904983558952897
58,67180,671,0,2,133253,84,368,0.076,0.066,0,1,0,7,29,40495,9052,51748,22,162409,1.9834923564698352,0.3038933165233314
57,55469,716,0,2,117476,24,791,0.595,0.171,0,1,0,17,12,22611,3206,133267,17,109665,2.117829457364341,0.1924717178681784
66,146068,627,0,0,157305,84,876,0.303,0.072,0,1,0,20,36,128803,36448,81348,3,716692,1.0769225503015698,0.8188053856814107
30,38065,451,0,4,49143,24,380,0.168,0.12,0,3,0,26,7,5554,1422,30634,1,121716,1.290994588346556,0.1130148136089858
24,23521,762,0,0,26840,12,601,0.357,0.307,0,3,0,38,3,12215,1722,42668,2,62599,1.1410594337216222,0.4550873663425356
47,41160,783,0,3,84428,60,1236,0.328,0.36,0,0,0,9,14,36563,4052,133865,23,-4561,2.0511649376837298,0.4330620995155693
46,126754,667,0,1,144633,84,3044,0.14,0.288,0,1,0,30,13,111171,25744,207966,19,113379,1.1410437458088438,0.7686366967656291
43,100219,681,2,1,198245,24,1417,0.228,0.17,0,2,0,36,16,14556,28008,145758,15,290588,1.9780981839952103,0.0734239278472201
68,69185,581,1,2,87013,72,1710,0.266,0.297,0,0,0,33,40,26775,16112,163692,7,58233,1.2576677362472175,0.3077091042820695
42,111474,710,0,3,196407,24,5105,0.181,0.55,0,1,0,4,15,7856,21731,300372,3,-127649,1.7618928010764745,0.0399983707384627
30,92270,629,0,3,143586,24,1101,0.385,0.143,0,0,0,42,11,34763,5662,77395,8,67678,1.5561335630913289,0.2421040902031521
71,50864,723,0,1,21675,84,1077,0.165,0.254,0,0,0,34,31,18639,11686,40143,5,240883,0.4261279858448835,0.8598911238235837
28,28341,529,0,0,10562,120,443,0.223,0.188,0,0,0,12,5,24823,445,9779,5,55255,0.372662479712088,2.3499952664962604
51,56855,558,0,4,30153,84,2156,0.125,0.455,0,3,0,24,14,34624,4696,24007,13,272157,0.5303398058252428,1.1482390395967368
20,96610,626,1,0,75703,60,3507,0.067,0.436,0,3,0,14,1,57100,6486,147107,0,236895,0.783585720052582,0.7542534080101447
26,82429,628,1,4,157406,72,1208,0.127,0.176,0,0,0,34,6,455,4740,224026,0,106319,1.9095717578551497,0.0028905957168359
54,28792,477,0,1,15730,72,859,0.139,0.358,0,2,0,33,21,7954,8421,30920,16,24185,0.5463133400479283,0.5056258343398385
24,15756,566,0,0,30535,72,247,0.663,0.188,0,1,0,7,2,2813,506,30682,6,11881,1.9378688836707496,0.0921207754781241
28,60338,529,0,1,15466,24,2407,0.048,0.479,0,4,0,13,6,21632,9604,19111,5,165530,0.2563184673262732,1.3985905476175082
35,38016,603,0,0,81834,48,740,0.377,0.234,0,3,0,16,7,21328,10724,125839,16,77075,2.152563326932688,0.2606219832589967
31,146696,800,0,4,132472,48,4001,0.217,0.327,0,2,1,18,4,6693,36165,257344,11,-123363,0.9030314185020826,0.0505235029024782
47,75450,718,0,1,73462,72,1821,0.121,0.29,0,3,1,31,24,51080,10671,42110,7,96736,0.9736385203642098,0.6953160094197078
32,57276,666,0,1,7386,36,1019,0.266,0.213,0,1,0,17,11,25238,15274,7788,13,107876,0.1289522845121078,3.416542574793556
36,90284,570,2,4,169581,36,3096,0.167,0.411,0,3,0,25,13,14723,26469,267661,12,-25601,1.8782854294733344,0.086819355827859
21,46934,599,0,0,94399,84,909,0.283,0.232,0,4,0,29,2,6962,725,43903,1,17156,2.01127090657292,0.07375
41,38827,534,0,1,48482,36,335,0.358,0.104,0,0,0,2,19,33819,3609,95236,21,10047,1.2486350056660145,0.6975434688447497
39,44597,713,2,4,62128,72,868,0.196,0.234,0,2,0,12,14,16618,1267,92185,9,92725,1.3930669536750526,0.2674757359687102
44,35240,597,0,3,19705,24,1263,0.745,0.43,0,2,0,7,25,10473,7747,37892,21,108552,0.5591498538633978,0.5314624987313509
70,53478,689,0,1,69096,24,1714,0.339,0.385,0,3,0,47,30,45737,2308,42939,2,50440,1.2920211671871202,0.661924540862845
56,29158,633,1,3,44719,84,308,0.157,0.127,0,2,0,33,19,14365,6778,26312,9,67188,1.533625981686615,0.3212209302325581
69,52318,795,0,3,24948,84,2367,0.364,0.543,0,1,0,9,39,40884,11863,32522,22,202687,0.4768439763756952,1.6387029540262137
28,42955,601,0,1,22319,12,1463,0.174,0.409,0,3,0,46,8,18458,9197,16321,5,190882,0.5195781730142471,0.8269713261648746
58,51862,547,0,3,55077,72,1847,0.261,0.427,0,1,0,9,23,20096,1638,57442,19,107645,1.0619709619574649,0.3648643741602818
30,86047,547,0,1,168198,24,2556,0.247,0.356,0,3,0,33,7,67997,513,210386,8,25087,1.9546997024916328,0.40426518588101
24,58323,629,0,0,88540,12,780,0.198,0.16,0,3,0,42,3,29322,8015,96128,3,79370,1.5180714628626295,0.3311686111518957
20,55354,739,0,0,97789,48,2222,0.365,0.482,0,1,0,6,1,37995,15260,190891,0,25429,1.7665793514587662,0.3885366601902035
22,35699,655,1,1,25546,36,245,0.103,0.082,0,3,0,38,3,21784,2861,50129,4,106561,0.7155742296918768,0.8527028613927271
69,50420,655,0,1,81146,48,253,0.136,0.06,0,0,0,37,40,278,3191,71355,14,154104,1.6093691120763174,0.003425881425068
40,67449,578,2,2,27805,60,1027,0.191,0.183,0,0,0,2,14,38990,8990,48630,5,224579,0.4122312824314307,1.4022153492052074
59,102929,673,0,0,124618,48,2831,0.098,0.33,0,3,1,36,16,24672,27288,111263,1,142136,1.2107063052559992,0.1979794413371957
43,70257,571,0,0,63519,60,1624,0.143,0.277,0,1,0,30,10,24296,12724,107054,21,214030,0.9040820974123944,0.3824937027707809
52,30833,770,2,0,37851,48,622,0.26,0.242,0,2,0,27,26,22299,3978,53368,15,117252,1.2275734578711812,0.5891102187466977
61,62520,848,0,3,137366,24,1020,0.38,0.196,0,0,0,3,35,20399,3550,117179,6,167801,2.197117768429808,0.1485000036398844
55,106619,598,0,1,34842,120,2988,0.515,0.336,0,3,0,29,35,53051,29402,50727,10,115240,0.3267867191896454,1.5225726831788309
52,67341,710,0,0,140537,36,726,0.626,0.129,0,3,0,36,26,56901,1571,49556,5,46142,2.0869145555522555,0.4048798189813431
27,16671,835,0,0,2819,84,564,0.342,0.406,0,3,0,3,5,5956,1232,3644,4,23586,0.1690858925143954,2.1120567375886523
62,68457,729,0,1,93852,60,1875,0.085,0.329,0,1,0,24,25,53704,2944,40635,24,153275,1.3709427678284496,0.5722139942250114
48,21790,658,0,2,33347,48,467,0.123,0.257,0,2,0,0,10,3091,4818,34073,19,78598,1.5303106787205727,0.0926892167446323
26,37432,622,0,3,34349,72,376,0.503,0.121,0,3,0,36,4,25554,4383,49497,8,63728,0.9176128015387492,0.7439301310043668
56,71631,637,0,4,123427,48,2020,0.211,0.338,0,3,0,24,37,36530,10633,212755,19,-31894,1.7230706946616037,0.2959620183426775
42,48163,521,1,2,73610,120,2151,0.025,0.536,0,0,0,9,16,42732,5373,127437,19,26936,1.5283199069844695,0.5805110649223622
40,149113,580,0,0,50740,48,6716,0.552,0.54,0,1,1,45,8,85753,29759,34612,17,798518,0.3402765669219523,1.6900139926292348
37,37695,653,0,3,47819,12,1000,0.226,0.318,1,0,0,29,18,5177,6878,53420,13,123048,1.2685430814940577,0.1082601421999163
37,74728,606,0,4,41990,36,660,0.105,0.106,0,3,0,9,12,32933,21684,67516,17,70944,0.5618969877825208,0.7842871091424353
29,44040,698,0,1,90921,72,397,0.039,0.108,0,0,0,10,8,18609,2744,65076,10,50047,2.0644626597942826,0.2046699368689646
22,44039,670,1,1,7660,24,1326,0.589,0.361,0,1,0,48,3,14355,12192,10803,2,229062,0.1739327883742052,1.8737762694165248
54,39942,596,0,0,71156,120,1044,0.203,0.314,0,0,1,21,33,8475,8190,70761,12,55968,1.7814385499336554,0.1191028289556895
31,33233,600,0,3,62009,12,915,0.376,0.33,0,3,0,9,11,775,3828,49762,10,32556,1.8658301739182763,0.0124979841960974
38,85856,675,0,0,108147,120,638,0.225,0.089,0,1,0,29,14,47559,22672,106452,17,237007,1.2596177364687795,0.4397584791212042
53,24483,728,0,1,26887,120,836,0.092,0.41,0,0,0,43,23,5813,618,20004,7,27925,1.0981457278222513,0.2161930972924725
39,44426,791,0,0,16273,36,1530,0.276,0.413,0,3,1,26,9,14150,1549,24951,2,61126,0.3662862673599388,0.8694850682069559
25,35492,521,2,1,29715,24,802,0.586,0.271,0,4,0,27,3,1876,3742,40709,7,104560,0.8372073366579326,0.0631309732130838
37,17301,590,1,3,29583,60,755,0.131,0.524,0,1,0,22,7,4622,4058,52954,19,31494,1.7098023349901743,0.1562330989724175
45,51354,550,0,4,72159,60,1277,0.044,0.298,0,0,0,13,24,2897,6533,98952,6,-27504,1.4051017427709085,0.0401468957871396
67,76964,582,0,1,143905,12,2617,0.266,0.408,0,2,0,20,48,26998,11257,233490,15,49488,1.869745988436302,0.1876085778216335
40,43596,738,0,4,28580,12,1883,0.184,0.518,0,2,0,37,19,18782,6502,9619,20,61770,0.6555496937862697,0.6571498547986424
45,28310,702,0,3,58873,60,1185,0.069,0.502,0,1,0,13,8,1520,6122,94228,15,38735,2.079509731199887,0.0258178482861704
18,71388,667,0,2,16873,72,2033,0.251,0.342,0,0,0,39,0,10406,1608,20374,0,212151,0.2363529395284987,0.6166883963494133
21,79514,630,2,1,30668,12,2158,0.373,0.326,0,3,0,23,1,35486,3715,21099,0,244369,0.3856882349242281,1.1570641364244023
55,41958,551,0,1,48514,60,1194,0.667,0.341,0,3,0,18,33,11976,11389,59753,10,86274,1.1562239328868658,0.246851489230135
20,34904,771,1,4,64427,36,1493,0.28,0.513,0,1,0,15,1,23998,4173,51399,0,116389,1.8457814066752611,0.3724778046811945
61,98016,648,0,0,207884,60,3308,0.308,0.405,0,1,0,4,13,1841,5515,176889,16,25858,2.120897395349786,0.0088558578059985
23,125486,526,0,1,208377,84,3303,0.168,0.316,0,3,0,27,1,61167,27808,229626,3,289051,1.6605465107939468,0.2935386653101575
56,44487,638,0,4,75101,24,1987,0.247,0.536,1,4,1,10,35,16341,5792,56098,3,165637,1.6881181442186657,0.2175840856435248
26,31050,627,0,1,63825,24,235,0.324,0.091,0,1,0,16,5,10836,5561,55415,4,-10135,2.0554893562204115,0.1697740732616802
62,54842,572,0,0,47449,84,946,0.65,0.207,0,1,1,37,25,28870,2912,70782,20,33951,0.8651787830716773,0.6084299262381454
42,68481,678,1,1,42405,12,519,0.253,0.091,0,3,0,7,23,60084,10771,60776,12,291939,0.6192138080079437,1.4168749705230392
42,44749,611,0,1,92062,72,1556,0.395,0.417,0,2,0,34,17,1225,8584,85854,3,137854,2.057251396648045,0.0133061056015989
63,62310,610,1,2,64381,120,294,0.429,0.057,0,3,0,13,32,2252,1477,69756,24,128573,1.033220458667009,0.034978720760461
54,95663,776,1,3,17979,84,4343,0.545,0.545,0,3,0,0,11,61890,11555,16722,12,105279,0.1879390366281987,3.442157953281424
52,78280,667,1,3,36287,48,691,0.211,0.106,0,3,0,34,11,21318,22501,20718,21,200571,0.463547987378802,0.5874669312169312
20,52139,846,0,0,37110,84,2008,0.289,0.462,0,3,0,42,1,27544,5329,45968,2,101403,0.7117376294591484,0.7422058149874701
47,28467,579,0,0,30333,36,1214,0.33,0.512,0,0,0,30,9,6951,7658,30996,6,19653,1.0655121539974708,0.2291488099162655
52,34970,631,0,0,72419,12,607,0.349,0.208,1,1,0,41,25,24208,8132,21830,13,180242,2.070830116382145,0.3342723004694836
45,55072,581,1,3,118235,72,2442,0.263,0.532,0,1,0,14,17,45,11779,222834,4,46838,2.146877780400559,0.0003805947427179
36,157074,657,0,3,156158,36,2590,0.111,0.198,0,1,0,45,16,66524,3842,232523,4,310685,0.994162024510584,0.4260017033920555
42,54069,714,0,0,95278,48,2258,0.21,0.501,0,3,0,4,22,34677,6045,104979,11,54593,1.7621231736637692,0.3639521825376001
70,28585,692,1,4,56408,24,1216,0.527,0.51,0,1,0,9,40,7752,3091,27420,23,38767,1.9732736304484717,0.1374248790086688
35,53479,850,0,1,108926,36,873,0.225,0.196,0,0,0,7,8,29515,679,59949,9,57457,2.036761406133134,0.27096128599888
52,123351,791,0,3,224317,84,820,0.413,0.08,1,1,1,0,33,35610,16879,188825,17,267173,1.8185112523509956,0.1587478490357439
31,101741,656,0,4,166604,48,1254,0.456,0.148,0,3,0,39,12,11397,27172,106337,8,396373,1.6375144974543454,0.0684073107049608
52,44936,703,0,4,68826,120,692,0.256,0.185,0,4,0,19,27,23579,10996,43774,22,53709,1.531610921957407,0.3425835791186598
33,65794,500,2,1,62506,12,2150,0.046,0.392,0,2,0,26,10,44823,1499,93518,13,15168,0.9500113990424804,0.717087686179148
20,63943,671,0,1,122958,72,1670,0.31,0.313,0,0,1,29,1,40404,10483,202690,0,118545,1.9229012886275487,0.3285973373238234
45,70181,686,0,3,47939,72,2323,0.076,0.397,0,0,0,45,21,15730,2507,21943,7,230355,0.6830668832464165,0.3281184814351272
31,28349,654,0,0,6307,120,175,0.376,0.074,0,0,0,45,7,10157,185,11535,10,107903,0.2224691358024691,1.6101775523145212
40,72301,656,2,0,59003,72,2328,0.236,0.386,0,2,0,45,15,25671,12040,51457,14,169232,0.8160631794417859,0.4350721984950172
48,27744,767,0,1,43988,84,1094,0.159,0.473,0,2,0,8,24,5080,1546,68339,13,-19065,1.5854388178050098,0.1154834163086226
55,25446,737,0,3,18051,24,318,0.326,0.15,0,1,0,17,26,14086,5066,15031,24,97995,0.7093567021652847,0.7803013516507866
23,24915,850,1,3,34988,12,630,0.386,0.303,0,1,0,44,2,13359,3096,53097,1,38584,1.4042382404880398,0.381805710366115
72,73834,579,1,0,98141,24,491,0.556,0.08,0,0,0,32,31,17308,1684,42017,3,78776,1.3291934719306562,0.1763567076277231
66,31656,706,0,0,64973,36,539,0.447,0.204,0,1,0,10,25,13861,9143,36314,2,106829,2.052405471143823,0.2133314864407301
64,32426,497,0,2,25801,48,839,0.184,0.31,0,1,0,34,31,24740,7608,19731,18,91102,0.7956641070712678,0.9588403999689946
29,31731,613,0,3,7591,36,155,0.463,0.059,0,2,0,6,6,4782,1505,9296,6,148652,0.2392222362284129,0.6298735511064278
54,70039,440,0,3,102516,36,1891,0.227,0.324,0,3,0,44,12,36868,9072,148155,23,241941,1.4636778983438037,0.3596281592321274
72,68253,804,0,1,19683,36,2429,0.185,0.427,0,0,1,22,21,32633,12219,19891,24,320538,0.288378703079673,1.6578439341597235
48,52928,573,0,1,74585,72,1829,0.559,0.415,0,0,0,21,15,22813,12520,81417,23,77367,1.4091518827108012,0.3058616898613681
54,178986,560,1,3,306307,36,6901,0.143,0.463,1,0,0,3,30,77016,43536,605919,16,207158,1.7113365775168028,0.2514331979576113
57,52819,773,0,0,101279,72,1060,0.202,0.241,0,2,0,21,31,15942,14063,115076,23,75132,1.9174365770541464,0.1574052132701421
50,96654,591,2,1,191587,12,2793,0.259,0.347,0,0,0,35,25,34992,534,262788,8,-134845,1.9821737106202475,0.1826419191181076
31,60843,517,0,4,10973,12,2392,0.252,0.472,0,3,0,17,4,26787,7869,14464,9,263015,0.1803464597988298,2.4409513395297977
63,27844,775,2,0,42214,12,943,0.513,0.406,0,2,0,15,40,16948,2649,20676,5,60398,1.516035194828515,0.4014686722728888
41,46991,668,2,3,96617,36,2130,0.166,0.544,0,1,0,40,12,32116,8739,50903,16,22481,2.056030813755533,0.3324018298867706
41,44805,636,0,3,40394,48,373,0.206,0.1,0,0,0,7,17,33741,667,62012,7,62436,0.9015310449493372,0.8352766431489046
26,17118,600,0,1,22623,12,171,0.384,0.12,0,2,0,23,2,7039,2104,40783,6,22939,1.321514107132426,0.3111297736916549
72,71070,640,0,2,26108,120,913,0.414,0.154,0,2,0,18,49,40933,12166,46579,10,109905,0.3673509589002546,1.567773564671186
70,41483,626,0,1,82810,12,1274,0.308,0.369,0,4,0,1,36,29247,6896,100437,4,4022,1.9961913026709093,0.353177717936023
20,43084,632,1,4,14831,84,1827,0.283,0.509,0,0,0,0,0,10306,2156,19871,1,205779,0.3442265289543925,0.694848975188781
67,88048,690,0,0,11963,84,4015,0.314,0.547,0,1,1,23,30,51361,2094,14490,10,184062,0.1358675283081011,4.2929622199933135
46,61819,839,1,1,28955,72,891,0.193,0.173,0,4,0,3,18,20541,14192,24082,20,61563,0.4683759301197023,0.7093866556154165
54,115791,759,2,3,39473,36,4104,0.231,0.425,0,3,0,40,14,8532,7110,34131,24,61440,0.3408957440928561,0.2161422708618331
24,45282,609,1,3,58179,60,828,0.225,0.219,0,4,0,24,2,25308,6316,73600,1,71948,1.2847867853278272,0.4349948435888621
73,24280,422,1,4,16150,72,982,0.323,0.485,0,3,1,32,18,2822,4251,29820,22,52295,0.6651291132984638,0.1747260231564609
35,150225,689,0,3,312869,12,3110,0.234,0.248,0,3,0,14,9,96876,21484,368814,16,-98018,2.082655465764914,0.3096365902771119
44,57023,830,1,1,113806,120,2053,0.421,0.432,0,2,0,3,20,30029,8756,86957,0,89308,1.995756172839506,0.2638589893416046
22,36323,543,1,0,6787,36,585,0.163,0.193,0,2,0,2,2,14579,3952,5400,3,55048,0.1868461623169254,2.147760754272245
49,30767,702,0,3,8478,84,636,0.391,0.248,0,1,0,35,23,9945,8915,13996,9,74691,0.2755460218408736,1.1728977473758695
19,77767,660,0,1,115958,48,1567,0.278,0.242,0,1,0,29,0,993,19156,217000,0,-53212,1.4910760209854954,0.0085633715364913
55,71223,551,2,3,7826,120,3004,0.186,0.506,0,1,0,48,34,41986,11945,6018,7,335256,0.1098786925755363,5.364251948383799
69,141236,692,0,1,178077,120,5264,0.553,0.447,0,1,0,28,29,7705,6906,105042,11,131446,1.260838165636483,0.0432675569132627
30,97577,696,0,0,66537,48,1235,0.118,0.152,0,4,0,2,6,24254,6217,38174,12,325284,0.6818852610219517,0.3645135110763774
33,36760,672,0,3,32152,60,758,0.096,0.247,0,3,1,15,11,31257,6674,46995,11,36109,0.874622561954245,0.9721332379560228
48,74494,585,0,3,67820,12,450,0.284,0.072,0,2,0,22,24,48934,20271,109482,16,269792,0.9103966709175112,0.7215169342828918
56,60535,592,1,0,86402,84,1966,0.237,0.39,0,2,0,8,27,46056,11119,51716,23,103459,1.4272829390775736,0.5330370473247457
48,114262,668,1,0,134919,84,3703,0.638,0.389,0,0,0,20,26,66792,3374,210188,17,130789,1.1807759292159317,0.4950489178772606
61,24200,681,0,2,9990,120,900,0.347,0.446,0,1,0,21,16,1676,6621,8629,18,83896,0.4127928597991818,0.1677509758782904
69,73769,596,1,0,158125,60,1031,0.224,0.168,0,1,0,45,28,8847,12487,107920,3,156784,2.143486512132303,0.0559490532866195
60,31233,741,0,4,5376,60,1080,0.224,0.415,0,1,0,43,22,27971,6024,5368,0,181333,0.1721201255042581,5.2019713594941415
74,61894,591,0,0,69743,12,467,0.151,0.091,0,1,0,10,43,53468,1419,125613,8,61823,1.1267953792713463,0.7666322551043817
53,71054,567,0,1,123691,72,2967,0.256,0.501,0,1,0,6,29,9033,4416,205250,21,101017,1.7407782703539512,0.0730281667367331
53,61718,660,1,1,29732,24,2634,0.159,0.512,0,3,0,22,16,34192,5800,24809,0,321038,0.4817317195677182,1.1499680489691588
29,116425,613,2,0,102325,120,1598,0.259,0.165,0,4,0,27,5,46580,20994,158987,6,51147,0.8788844416195695,0.4552117741336512
56,35466,703,0,1,9130,60,635,0.26,0.215,0,3,0,31,21,10953,6221,4864,3,160510,0.2574223926466856,1.1995400284744278
22,30245,558,0,1,59517,60,1049,0.137,0.416,0,1,0,0,2,2138,6825,97849,0,-39267,1.9677643324737155,0.0359219059780234
42,64483,797,0,0,112999,72,2289,0.079,0.426,0,1,0,20,14,2289,2582,151576,16,158333,1.7523571738725885,0.0202566371681415
46,89441,738,2,3,132849,72,1753,0.523,0.235,0,1,0,18,16,12261,6296,196531,7,8832,1.4853089152747032,0.092292058712834
35,24687,769,0,0,5073,48,901,0.135,0.438,0,0,1,48,14,19609,5478,4010,2,96400,0.2054844458846403,3.864603862830114
22,19088,580,0,3,39048,84,412,0.088,0.259,0,1,0,2,2,3527,872,51934,2,43390,2.045575986170045,0.0903224154267715
21,82316,592,0,0,176435,12,1208,0.334,0.176,0,1,0,45,1,34698,3730,321316,1,3680,2.143360423727784,0.1966605454669115
41,27764,662,1,4,18003,36,526,0.511,0.227,0,4,0,28,15,11387,3365,17381,13,60592,0.648406266882766,0.6324705620973117
19,81520,747,0,4,21906,60,2377,0.439,0.35,0,1,1,1,0,1349,7373,35520,0,217856,0.2687160363587296,0.0615784908933217
28,80406,630,0,0,129464,60,3285,0.153,0.49,0,1,1,31,3,22674,4349,230160,9,83187,1.6101085726367108,0.1751361371799328
72,40133,499,0,0,85950,60,536,0.074,0.16,0,0,0,37,18,19012,4031,71648,16,107887,2.1415757213335325,0.2211957976056125
53,36711,639,0,1,31735,36,1165,0.422,0.381,0,3,0,32,24,3659,5593,56426,1,-19183,0.8644312486380475,0.1152949331988908
69,75306,744,0,4,104694,12,1985,0.358,0.316,0,3,0,33,30,26862,6377,64860,20,116409,1.3902293279509208,0.2565738573952911
26,53775,694,0,4,19634,60,490,0.329,0.109,0,1,1,27,2,5352,13107,11157,7,169575,0.3651071109788753,0.2725744843391902
25,79913,441,0,3,114507,36,582,0.455,0.087,0,2,0,39,6,4954,13799,145985,2,3063,1.432877843681958,0.0432633527788451
25,45518,573,0,0,87281,12,1895,0.485,0.5,0,2,0,37,6,1346,8352,91054,4,33900,1.9174630374129484,0.0154212781558626
75,72171,556,0,0,57583,48,3103,0.274,0.516,0,0,0,23,24,26074,8844,19157,24,172614,0.7978578950285429,0.4527993887190886
53,71319,721,0,1,94849,48,731,0.325,0.123,0,1,1,18,20,9003,6378,181163,7,-116146,1.329907459338194,0.0949182920400632
65,69531,672,0,1,91656,48,2350,0.174,0.406,0,4,1,35,42,55595,20404,178731,6,-34554,1.3181844330667891,0.6065548730593407
42,52922,667,0,4,44995,84,1241,0.316,0.281,0,3,0,15,21,41167,4918,63237,21,146498,0.8501974566823498,0.914903546981954
51,16619,767,1,0,32815,12,411,0.436,0.297,0,3,0,34,14,6577,3270,57366,18,13845,1.974428399518652,0.2004205265724037
57,49280,736,0,0,79252,84,1110,0.61,0.27,0,1,0,45,24,4703,6298,92613,7,-315,1.608165418721211,0.0593416022106418
49,79593,705,0,1,136250,48,2734,0.195,0.412,0,1,0,42,19,46610,5211,186964,1,206081,1.7118124481744854,0.3420892323726064
18,93074,673,0,1,92992,84,3634,0.612,0.469,0,0,0,33,0,68109,22065,136658,0,259932,0.9991082460381412,0.7324099663415526
33,56871,489,0,3,66139,36,504,0.36,0.106,0,1,1,35,14,20874,1362,125322,13,87660,1.1629448586299058,0.3156032657998185
52,72149,672,0,2,134699,24,412,0.203,0.069,0,3,1,45,12,41092,3497,166923,12,-26393,1.866930006930007,0.3050631031922791
32,37655,667,1,1,59587,84,1573,0.25,0.501,0,2,0,36,12,32069,4955,57057,10,47622,1.5824038665816869,0.5381788279519366
29,83777,591,0,1,156340,12,1852,0.415,0.265,0,3,0,45,5,20373,2917,94962,3,84006,1.8661223710281936,0.1303113066949808
21,87831,461,0,0,192870,12,1667,0.438,0.228,0,1,0,4,2,72083,10531,170272,1,73869,2.195896711904545,0.3737368500189246
61,84171,670,0,0,91263,120,2592,0.225,0.37,0,3,0,38,40,17957,9859,102817,7,123328,1.084244166706268,0.1967588534361851
69,35616,833,0,1,35009,24,1148,0.156,0.387,0,3,0,1,27,18724,344,34334,9,151890,0.9829294999578853,0.5348186232504999
36,78293,687,0,1,57462,72,707,0.024,0.108,0,1,0,47,5,25125,19836,72750,1,49759,0.7339259713387999,0.4372378748063971
71,138680,468,0,3,210807,48,3792,0.28,0.328,0,3,0,35,24,104615,31196,348770,3,126473,1.5200856642222078,0.4962572577890782
19,37521,784,2,3,35117,72,1085,0.145,0.347,0,1,1,3,0,1304,1897,55987,0,122660,0.9359042694952294,0.037131955122729
29,33443,573,1,0,28758,48,241,0.047,0.086,1,3,0,14,3,8607,14,9181,7,61554,0.8598851811984213,0.2992802253207691
24,96749,645,1,0,189017,36,1058,0.141,0.131,0,3,0,28,2,50643,6421,113387,3,249984,1.9536640826873384,0.2679268641081802
26,44580,591,0,3,4549,36,1360,0.036,0.366,0,3,0,39,4,7147,9771,6286,8,128272,0.1020389852179179,1.5707692307692307
48,63529,747,1,1,121840,48,1515,0.149,0.286,0,1,1,23,25,22992,18168,172669,18,-80447,1.9178340941287584,0.1887049515351975
69,43828,576,0,0,23530,12,1657,0.173,0.454,0,1,0,32,38,134,2550,32833,20,-1698,0.5368591571790368,0.005694615613446
52,95246,614,0,2,54331,120,1928,0.352,0.243,0,0,0,31,26,67302,3540,73151,10,264161,0.5704221655275232,1.238717514540234
54,98061,704,0,2,73723,24,2848,0.37,0.349,0,0,0,18,26,46459,12057,88419,11,374490,0.7517998817074911,0.6301747056589442
62,130177,635,0,4,180786,48,1415,0.029,0.13,0,1,0,35,30,21130,13752,262825,4,329725,1.3887600055308884,0.1168778728559022
47,37560,517,0,0,37863,84,1620,0.254,0.518,0,3,0,45,24,25059,5924,26545,15,63937,1.0080402545193152,0.6618159729558419
49,23251,819,0,1,28859,48,765,0.343,0.395,0,2,0,31,24,7172,6528,25971,19,24250,1.241140547049716,0.2485100485100485
44,41499,588,2,0,82253,48,1131,0.062,0.327,0,0,0,25,12,25724,9315,101033,1,-5357,1.982,0.3127385902205364
28,48484,737,0,0,18527,24,1137,0.113,0.281,1,3,0,41,7,7346,9944,34144,9,222621,0.3821181808806847,0.3964810017271157
46,53383,599,0,3,66685,48,2381,0.29,0.535,0,1,0,27,9,43847,10637,64624,10,29396,1.2491570508017384,0.6575143208469544
37,48929,716,0,3,26443,24,1959,0.441,0.48,0,1,0,4,9,35102,4368,17713,11,187380,0.5404250970774576,1.3274088640145212
28,98564,667,2,1,192716,24,2574,0.151,0.313,0,2,1,6,7,54872,11314,365361,9,67522,1.9552173692487191,0.2847283841072661
36,63691,743,0,1,9225,12,812,0.249,0.153,0,0,0,31,11,38718,12066,18234,3,173446,0.1448376562205614,4.196618252763928
48,37558,700,1,1,12757,48,1632,0.129,0.521,0,0,1,10,13,7728,3865,12313,17,122969,0.3396522804121515,0.6057375764226368
75,54343,535,1,0,108389,120,2480,0.255,0.548,0,2,0,47,51,30830,15758,177750,16,-88584,1.9944980126600915,0.2844358335639819
51,40467,660,0,1,73470,12,1050,0.383,0.311,1,0,0,14,27,10189,8427,116925,4,41597,1.815508549965405,0.1386805678430945
57,77825,587,2,0,95492,60,2649,0.226,0.408,0,1,0,43,32,43083,8213,100335,5,317434,1.2269935497134634,0.4511639596619647
30,43969,635,2,4,80245,84,264,0.167,0.072,0,3,0,24,11,31437,12275,28265,11,64090,1.824994314305208,0.3917578446277696
31,80931,650,0,3,178040,24,3133,0.136,0.465,0,4,0,16,3,15265,219,296165,5,-52262,2.1998714970592594,0.085738678169635
75,157005,633,0,4,16730,12,3930,0.193,0.3,0,3,1,7,30,23817,26594,10808,0,431784,0.106556437333605,1.423525192755962
70,26550,568,0,3,33685,60,831,0.238,0.376,0,0,1,22,36,3928,4792,24896,20,53250,1.2686904448043388,0.1166063052900314
59,29364,731,0,1,53112,60,799,0.404,0.327,0,0,1,10,23,6761,5453,99164,23,31728,1.8086838072535327,0.1272946359648297
59,74227,756,1,4,44618,72,2415,0.519,0.39,0,0,0,31,33,3655,4894,68584,3,82644,0.6010939268200679,0.0819157757905824
63,79453,740,0,0,118812,120,3376,0.307,0.51,0,2,0,44,26,34853,18421,142755,19,-23151,1.4953558033579175,0.2933433210170604
55,69368,707,0,1,25465,60,2323,0.193,0.402,0,0,0,37,11,30701,1047,49979,4,325567,0.3670948118035433,1.205568208591848
44,34204,838,0,4,68734,24,786,0.406,0.276,0,0,1,47,24,9110,6062,129217,20,29252,2.009472299371437,0.1325380082927184
55,118251,775,0,3,195564,84,4475,0.292,0.454,0,1,0,10,13,63967,2004,365773,20,124776,1.6537902107363935,0.3270881804003784
58,84322,607,1,3,52693,48,3371,0.35,0.48,0,0,0,43,15,39490,7815,89950,1,319770,0.6248947499495986,0.7494211864728432
22,35253,655,0,3,61538,36,236,0.404,0.08,0,3,0,6,3,6832,374,95648,3,56481,1.745560787428377,0.1110190285834998
39,57006,522,0,2,56437,84,2101,0.244,0.442,0,1,0,34,7,10119,7226,49755,0,190550,0.9900012279193784,0.1792940926326234
27,77156,570,1,1,108531,24,2194,0.366,0.341,0,0,0,31,8,15258,20961,37220,7,39212,1.4066254520004666,0.1405852651752478
22,43743,657,1,1,86826,72,1671,0.44,0.458,0,4,0,47,1,11076,2054,145892,3,84148,1.9848664959765911,0.1275640065878125
75,83295,655,0,0,72419,84,2600,0.274,0.375,0,3,0,9,31,23413,8813,39410,3,183676,0.8694174990395698,0.3232946699806683
25,64302,685,1,0,110818,24,1939,0.317,0.362,0,3,0,45,3,22681,13497,136705,1,122283,1.7233721599303298,0.2046670697263104
47,95387,779,0,4,57506,60,2761,0.233,0.347,0,2,0,14,9,23884,26283,44160,20,424918,0.602864091919319,0.4153233519397638
47,48963,782,2,4,84644,36,2092,0.444,0.513,0,3,0,36,14,32143,3000,129281,8,-27729,1.7286986357323748,0.3797389095634709
18,59431,636,0,1,70904,120,1705,0.073,0.344,0,3,0,9,0,32260,12490,101812,0,121246,1.1930273253466146,0.4549749665044778
29,75964,746,1,3,38812,36,448,0.628,0.071,0,3,1,23,6,31792,10849,33514,9,106668,0.5109195024024221,0.8191070002318811
55,24928,714,0,1,11280,24,156,0.222,0.075,0,1,1,10,11,12777,6470,10894,20,27713,0.4524850575634803,1.1326123570605442
19,57646,647,0,4,67187,36,1733,0.062,0.361,0,1,0,0,0,43079,5599,65365,0,107708,1.1654899647856785,0.6411710424480562
26,56455,705,0,0,90386,12,1819,0.524,0.387,0,1,0,35,5,266,15572,113603,4,51223,1.6009990080770866,0.0029429010809076
21,54279,635,0,1,5807,120,734,0.413,0.162,0,4,1,19,2,42487,15457,7587,1,94322,0.1069823139277818,7.315254820936639
35,48961,839,0,4,70232,48,1643,0.178,0.403,0,2,0,17,5,32823,11302,88031,12,1294,1.4344185286548752,0.4673444107470847
22,81250,522,2,4,17121,24,1350,0.106,0.199,0,4,0,48,3,30839,9607,33622,0,268042,0.2107174065549962,1.8011330452049994
56,97301,775,1,1,116103,120,3756,0.198,0.463,0,0,1,26,20,42785,5894,130329,20,279455,1.1932231608805577,0.3685058223661545
60,73090,709,0,3,102829,84,2880,0.459,0.473,0,0,1,46,27,28474,14044,135011,11,265794,1.406862678031495,0.2769036273461052
73,57739,551,1,1,117545,12,2152,0.114,0.447,0,3,0,14,27,43983,3677,226804,10,-106077,2.0357637686179424,0.3741769179725384
62,67118,635,0,4,39682,60,2627,0.359,0.47,0,2,1,40,25,51896,7588,44867,3,238231,0.5912185819216615,1.3077640299372528
53,50672,637,1,0,65587,120,1925,0.318,0.456,0,1,0,8,16,17767,3141,27974,18,168809,1.294318473348726,0.2708879673110935
37,39458,831,0,1,80666,84,598,0.091,0.182,0,1,0,17,8,33901,447,108470,14,6750,2.04429914594896,0.4202585939727521
21,36530,732,1,2,80215,48,877,0.836,0.288,0,3,1,9,1,29998,9561,129949,2,44985,2.1958063014973583,0.3739652937069911
56,44267,555,0,1,73240,84,1011,0.537,0.274,0,1,0,14,37,14536,3364,42222,24,60017,1.6544682389084666,0.1984680711623271
51,161121,725,0,2,241360,72,2753,0.279,0.205,0,0,1,21,30,110190,39903,468297,16,-108219,1.497995307903328,0.4565360600925584
73,79434,634,0,4,36116,12,2701,0.004,0.408,0,1,0,0,26,59632,14677,46349,18,99256,0.4546610436205703,1.6510784395160174
25,63046,735,0,1,71484,12,1137,0.395,0.216,0,3,0,29,3,51755,8047,119485,6,8940,1.1338208003552903,0.7239980415471777
67,76664,580,0,1,126576,36,2727,0.291,0.427,0,3,1,27,29,17315,10748,43815,13,366144,1.6510271962433969,0.13679420431832
41,63759,589,2,3,14887,48,1914,0.268,0.36,0,1,0,12,20,9568,18319,20575,14,125942,0.2334849435382685,0.6426652337452983
63,42582,794,2,1,8068,120,1365,0.252,0.385,0,2,0,39,27,31611,1433,10963,15,221160,0.18946527957166,3.9175858222828106
73,137991,550,0,0,279670,60,4252,0.445,0.37,0,4,0,48,48,43085,27904,134125,11,466727,2.0267116934315035,0.1540560158185868
65,80663,611,2,3,102666,72,647,0.142,0.096,0,1,0,7,29,10177,2077,204347,18,140663,1.2727610830110083,0.099126301537982
28,74455,731,0,0,13565,120,2837,0.246,0.457,0,3,0,27,3,17349,1080,12894,10,256979,0.1821881379606747,1.278858911985847
24,41146,789,0,1,16465,120,1071,0.389,0.312,1,3,0,48,4,5670,8512,22895,0,48787,0.4001506792718788,0.3443459249362322
29,63329,632,0,3,84467,24,1332,0.373,0.252,0,0,0,42,4,33261,16446,83030,7,195431,1.333759671561661,0.3937704219349339
18,31068,640,0,4,58781,24,318,0.1,0.123,0,4,0,31,0,11741,8097,104293,0,-22806,1.8919501754160093,0.1997380150386172
44,70848,589,1,1,77652,84,2869,0.154,0.486,0,1,0,15,19,34314,15332,89928,18,87420,1.096021115329786,0.4418889160753609
21,48176,704,2,4,14829,48,419,0.402,0.104,1,1,0,26,2,41772,7289,5067,0,192885,0.3078024783610436,2.8167228590694537
38,33703,540,0,0,17494,12,1011,0.329,0.36,0,4,0,44,6,12120,9293,19474,9,113130,0.5190481841917873,0.69276936267505
50,39194,795,2,2,83001,84,795,0.14,0.243,1,0,0,26,17,21692,2678,148462,3,-104426,2.1176425564485264,0.261343100166261
38,56379,679,2,4,67743,24,1294,0.183,0.275,0,4,0,19,6,26232,13079,90212,6,-2016,1.2015431003902093,0.3872224846480869
75,82733,737,0,1,122426,72,2229,0.37,0.323,1,3,0,13,41,23113,2714,136224,10,283985,1.4797543935987625,0.1887900544814461
31,35722,840,2,0,35932,24,1417,0.163,0.476,0,2,0,40,6,23185,6398,65017,0,116906,1.0058505724603195,0.6452286199315392
75,71171,750,0,3,18920,36,2149,0.04,0.362,0,0,1,20,42,11828,13956,21869,18,171288,0.2658348788849548,0.625125521906876
30,79502,830,0,1,101182,120,658,0.118,0.099,0,3,0,13,5,32189,1326,181831,7,9847,1.2726815340301625,0.3181265627625194
37,45965,712,0,3,22097,60,1152,0.378,0.301,0,1,0,28,8,27988,2523,44039,17,41183,0.4807248836096245,1.266539958367273
50,70397,622,2,1,92145,84,2966,0.335,0.506,0,3,1,46,16,20014,11580,66755,10,31668,1.3089150259950566,0.2171987932194561
68,40174,428,1,2,65968,60,1515,0.213,0.453,0,3,0,46,48,12235,5088,23822,7,118988,1.6420161792159302,0.1854659006503054
22,48635,634,0,4,43815,48,997,0.375,0.246,0,3,0,34,3,4138,2269,23436,2,179587,0.9008758943992105,0.0944403870732152
37,28351,490,0,4,41620,72,375,0.342,0.159,0,1,0,45,14,22930,6161,61739,9,82400,1.4679740406320545,0.5509238124984983
18,69188,763,0,1,87463,12,768,0.279,0.133,0,2,0,11,0,44056,7933,65381,0,95607,1.264117128445273,0.5037043812311351
41,46609,553,0,3,61716,48,472,0.31,0.122,0,3,0,29,9,37918,13507,88768,10,153110,1.324093542158335,0.6143850154738565
45,98361,663,1,3,195939,24,1357,0.275,0.166,0,0,0,11,18,2830,20371,175853,17,-71030,1.992019275736565,0.0144431968970092
20,27972,755,0,4,11916,24,441,0.185,0.189,0,0,1,13,1,182,8282,6939,0,123704,0.4259821971186501,0.0152723000755223
55,63434,734,2,4,45221,24,442,0.342,0.084,0,4,0,0,34,2608,14814,60289,18,190878,0.7128714432095846,0.0576710450665605
71,45934,665,0,3,74260,36,1273,0.082,0.333,0,0,0,29,48,38103,11537,48400,5,180936,1.6166321976706215,0.5130957029934959
18,59211,606,2,4,111273,24,1974,0.172,0.4,0,2,0,32,0,16833,12188,192210,0,-58752,1.8792305613726947,0.1512752305120693
59,80500,608,1,0,40876,60,725,0.575,0.108,0,0,0,38,18,23450,20741,30572,5,79300,0.5077700898125489,0.5736722362208577
29,59245,408,1,4,107079,60,538,0.259,0.109,0,3,0,48,6,10908,563,185756,4,101109,1.807362522364379,0.1018677624206201
34,22176,664,0,3,24036,36,396,0.283,0.214,0,4,0,20,14,1583,5538,15666,0,61766,1.0838255850656084,0.0658568040936889
64,107485,645,0,4,164357,48,2362,0.798,0.264,0,1,0,9,30,24240,6913,249755,18,-96191,1.529101464376756,0.1474829335961742
32,30192,517,0,0,13097,84,1133,0.234,0.45,0,0,0,40,10,21618,2011,6580,5,42995,0.4337760408041599,1.6504809894640402
58,117719,783,0,0,148332,48,1045,0.102,0.107,0,0,0,12,13,17028,1623,176000,5,397152,1.2600407747196738,0.1147957635859855
51,41327,654,2,3,74873,60,1435,0.183,0.417,0,2,0,9,16,3636,2814,106855,18,9096,1.8116773132017037,0.0485615834602131
32,49003,539,0,0,4956,24,2122,0.188,0.52,0,4,0,2,12,8796,12901,5513,10,140805,0.1011346012570402,1.7744603590881582
25,20716,763,2,2,4797,48,842,0.634,0.488,0,3,1,42,6,15262,1084,2545,7,32432,0.231548969445383,3.180908711963318
34,39460,741,0,4,67488,48,991,0.379,0.301,0,1,0,12,13,5876,429,21278,3,157157,1.710245558906262,0.0870660403917675
34,44263,527,1,0,21269,84,449,0.365,0.122,0,1,0,27,6,17028,5560,18480,15,222226,0.4805033435749141,0.8005641748942172
40,34283,656,0,3,42615,60,954,0.163,0.334,0,1,1,26,19,13739,2946,56904,16,32774,1.2429996499824991,0.3223906513985358
39,58618,620,0,4,68752,48,1371,0.256,0.281,0,1,0,0,17,13229,16769,41311,2,186328,1.1728620413176616,0.192413421959769
32,84618,615,1,3,67438,48,1681,0.125,0.238,0,3,0,14,12,1475,1888,61789,3,64727,0.7969604935061866,0.0218716173134239
18,22150,736,0,1,41002,36,755,0.275,0.409,0,4,0,0,0,4032,635,46881,0,60722,1.851022527199675,0.0983342682242762
67,53641,592,0,0,25034,60,378,0.257,0.085,0,3,0,35,20,32233,14581,34691,15,196453,0.466686551582715,1.287517475534252
69,41144,850,0,3,49589,12,1075,0.5,0.314,0,0,0,13,17,36723,10286,67418,11,95590,1.2052254222870336,0.7405323653962492
59,33554,671,1,1,9838,84,616,0.215,0.22,0,1,0,16,25,23905,7577,7654,0,184887,0.2931902846073611,2.429616830978758
25,17294,630,0,1,4346,48,672,0.253,0.466,0,4,1,15,5,5393,1493,6504,3,51324,0.2512864989881468,1.2406257188865883
56,116849,576,2,1,44671,120,3933,0.227,0.404,0,3,0,29,27,11284,15479,15238,6,396680,0.3822935387248609,0.2525967048710602
34,39920,791,0,0,33115,12,293,0.371,0.088,0,3,1,32,11,20031,8938,30396,14,127603,0.8295132887452719,0.6048737770262109
55,66803,502,1,1,12076,84,1203,0.547,0.216,0,0,0,35,30,59162,14850,18396,4,305466,0.1807676187054667,4.89873312908835
67,48414,804,0,1,101939,48,1296,0.405,0.321,0,0,0,0,42,7706,6924,55484,14,113414,2.105525147165135,0.0755934863645281
48,30711,619,2,3,30729,72,1039,0.284,0.406,0,1,0,45,10,18881,7458,29187,12,93154,1.0005535295649908,0.6144158802473153
58,61723,715,0,0,20378,36,2475,0.366,0.481,0,0,0,42,39,52404,12335,34054,20,202306,0.3301471064739809,2.57147063153246
56,57930,652,2,3,98125,120,1041,0.348,0.216,0,3,0,37,37,16730,3255,112644,1,95586,1.6938254129913173,0.1704950777571693
56,31323,691,0,0,33704,60,1280,0.475,0.49,0,1,1,41,14,2163,6229,58352,14,32230,1.0759800791725194,0.0641744548286604
29,34571,656,0,3,69068,72,593,0.422,0.206,0,2,0,37,4,3766,2976,22104,0,4071,1.9978016892282773,0.0545251849599675
67,89973,658,0,2,191629,36,3957,0.231,0.528,0,1,0,47,25,22501,7060,225234,14,-3751,2.129826394291684,0.1174189845013828
28,90290,599,1,1,173338,120,1014,0.264,0.135,1,1,1,3,7,50276,13828,88506,3,76187,1.9197705197638744,0.290044363934256
29,35863,640,2,4,26346,36,775,0.22,0.259,0,3,0,26,5,26595,8951,16461,4,136847,0.7346085210796341,1.009412836376058
70,45093,654,2,3,92892,84,1196,0.29,0.318,0,3,0,10,47,34872,12680,97324,17,57776,2.0599636315252585,0.3753996533646238
70,37225,539,1,4,21479,48,480,0.262,0.155,0,2,1,11,15,2586,3032,13050,17,41946,0.5769892010960082,0.1203910614525139
24,56302,585,0,4,103524,12,285,0.278,0.061,0,4,1,18,2,8818,15580,160298,1,23608,1.838694208123901,0.085177493359092
24,29822,675,0,1,4173,72,1090,0.154,0.439,0,3,0,15,3,18239,1634,1988,0,89285,0.1399255608087717,4.369669381887877
31,64877,571,0,3,58475,72,2211,0.253,0.409,0,3,0,6,8,50693,12511,97580,9,28349,0.9013070686519312,0.8669026609207197
20,35902,565,1,4,77981,24,1605,0.14,0.536,0,1,0,32,1,10401,2141,71960,0,43358,2.1719911985070883,0.1333769331384165
43,60253,696,0,1,116982,84,1354,0.547,0.27,0,3,0,15,24,4754,7509,54110,11,94776,1.941481063497859,0.0406383833548464
63,62632,663,0,1,7735,36,774,0.264,0.148,0,4,1,17,18,12049,1731,5233,20,167431,0.1234971979627353,1.5575232678386763
23,37923,579,1,1,73434,48,1579,0.362,0.5,1,1,1,13,1,19819,4559,64361,2,145222,1.9363463769644556,0.2698849322530128
55,30749,757,2,1,22765,120,833,0.608,0.325,0,1,0,1,30,2842,860,18220,24,95142,0.7403252032520325,0.1248352806817183
31,39149,609,2,2,43614,48,596,0.218,0.183,0,3,1,24,8,23244,10654,84715,8,11952,1.114022988505747,0.532935916542474
74,25914,670,0,1,42365,120,1011,0.33,0.468,0,0,0,26,29,12083,7579,38051,12,87115,1.6347675091645766,0.2852051173110513
35,31119,622,1,3,12283,48,209,0.195,0.081,0,4,0,39,11,4193,8714,14201,12,93365,0.3946979434447301,0.3413383262780853
62,59627,652,0,0,54356,12,580,0.199,0.117,0,4,0,45,14,5338,5211,43205,19,115195,0.9115851613336016,0.0982026233971705
63,189596,653,0,3,48612,24,930,0.401,0.059,0,2,0,17,33,140138,41940,15972,22,1033730,0.2563964619693349,2.882726842614116
69,37311,738,0,3,27097,48,193,0.441,0.062,1,2,0,2,28,29351,4537,25298,23,168402,0.726227487135506,1.0831426673555244
60,55335,643,0,4,26769,48,2007,0.169,0.435,0,0,0,3,26,47610,16215,43202,22,58183,0.4837537949978314,1.7784833769144566
31,59639,603,0,0,27503,72,2525,0.208,0.508,0,3,0,25,6,30068,10443,48894,9,179566,0.461150234741784,1.0932228039557883
57,126793,601,0,1,94385,84,3846,0.275,0.364,0,3,0,15,17,76068,22016,37641,5,229055,0.7443964225436535,0.8059246074629712
20,34158,694,1,1,16194,36,405,0.124,0.142,1,3,0,35,1,24976,124,22396,0,87180,0.4740771099856553,1.542204384069157
62,51361,578,0,1,59698,72,1136,0.471,0.265,0,0,0,5,29,43278,568,104963,11,147585,1.1622989758965772,0.7249367661099851
56,71109,723,0,1,109755,36,2895,0.236,0.489,0,1,0,40,16,55611,18759,78440,11,306411,1.5434538039656869,0.5066784503808448
27,49869,660,0,1,82205,12,2204,0.399,0.53,0,1,0,29,2,1370,8314,42665,8,175852,1.648385803088029,0.0166654502104469
19,46596,759,0,3,87187,120,1892,0.33,0.487,0,2,0,32,0,16603,7350,105600,0,148445,1.871086121424126,0.1904275817773088
24,65909,786,0,1,88901,36,2061,0.058,0.375,0,3,0,0,4,49184,14541,143782,5,103483,1.348824154149598,0.5532383973363929
33,124005,652,0,1,220059,60,529,0.121,0.051,0,4,1,2,5,47655,34854,324390,13,188181,1.774583487895747,0.2165545760247205
53,103126,690,0,4,27451,12,1725,0.166,0.201,0,4,0,31,33,31937,10190,50640,23,331138,0.2661863527495224,1.1633760746029431
72,31531,671,0,1,47513,36,499,0.152,0.19,0,0,1,48,38,621,5771,85202,24,-54061,1.506818470125587,0.0130698320495012
65,256605,622,1,1,480449,60,6291,0.048,0.294,0,2,1,26,30,35237,73348,178986,13,85076,1.872321769561117,0.073341658861484
51,68328,715,0,0,51268,36,2457,0.061,0.432,0,1,0,43,14,24133,1060,48536,21,208719,0.7503109953314112,0.4707132965339679
37,47917,554,0,0,34968,48,1524,0.54,0.382,0,3,0,43,17,23117,1545,39014,2,70472,0.7297466505279853,0.6610712345220052
69,118324,638,1,3,152702,60,936,0.244,0.095,0,1,0,34,50,31253,27896,211427,4,183910,1.2905303190365518,0.2046652652534658
29,49600,693,0,4,41846,84,1909,0.104,0.462,0,1,0,21,8,24519,3287,52067,9,179245,0.8436523457188363,0.5859201376442755
29,101581,617,2,1,23578,120,1018,0.651,0.12,0,4,0,22,7,9958,9181,13199,7,63700,0.2321080506388927,0.422324950167522
49,68292,693,0,1,147843,12,1559,0.462,0.274,0,1,0,21,30,53703,364,160737,2,155067,2.164833877556997,0.3632409837396174
52,37313,643,0,3,55942,12,343,0.13,0.11,0,0,0,6,20,28395,7540,78727,14,-14560,1.4992228118132604,0.5075702053876266
65,31555,622,0,1,35104,48,687,0.138,0.261,0,4,0,15,39,22017,3558,34977,10,64091,1.1124350361262518,0.6271756160091155
20,53582,563,2,1,83386,120,1050,0.675,0.235,0,3,0,45,0,31628,4964,31395,2,128420,1.5562025269208517,0.3792917361219374
71,41754,661,2,4,38611,12,1662,0.359,0.478,0,3,1,24,21,28201,6590,48122,3,109659,0.924703628307987,0.730368797265099
75,28627,673,0,0,59466,48,516,0.424,0.216,0,2,0,1,53,19743,6799,84730,24,83599,2.0771971496437054,0.3319992600938335
44,56448,713,0,4,45351,36,1804,0.367,0.383,1,0,1,9,22,15236,4301,89540,8,-40925,0.8033977572676221,0.3359499029811254
60,32548,654,0,1,39093,36,1047,0.337,0.386,0,3,0,35,24,1593,6909,73253,10,55158,1.2010507235245322,0.0407479408604901
52,29846,643,2,2,15304,72,522,0.176,0.21,0,1,0,33,22,16411,5077,6855,23,137428,0.5127483499179147,1.072263966024175
53,86758,644,1,1,146476,120,1480,0.259,0.205,0,2,0,6,28,12240,22909,122559,4,-16328,1.6883089938795974,0.0835626070987254
34,20550,691,0,4,30088,48,232,0.46,0.135,0,1,1,46,7,1415,1348,13128,16,60737,1.464065009001995,0.0470271527800857
64,26781,544,1,4,57557,24,714,0.164,0.32,0,2,0,45,28,1119,130,45266,23,1102,2.1490926741841534,0.0194412592515375
44,19006,615,0,1,30235,12,612,0.19,0.386,0,3,0,13,10,13594,1885,29028,6,24162,1.590729731151681,0.4495965074745336
21,41178,745,0,0,21267,36,1630,0.444,0.475,0,0,0,28,2,9099,10323,15753,0,63857,0.5164525607712669,0.4278258416400226
68,118143,567,0,4,232822,36,4041,0.096,0.41,0,1,0,25,23,85889,17365,251660,14,371783,1.9706629198266523,0.3689025568779717
34,23177,625,1,3,26193,120,467,0.166,0.242,0,0,0,45,14,6824,3137,40530,15,49319,1.1300802485115196,0.2605176758036192
40,49140,749,0,1,6075,120,409,0.139,0.1,0,1,1,38,14,9351,12737,2502,15,228892,0.12362385787835,1.5390059249506254
27,34259,745,0,3,36158,120,215,0.174,0.075,0,3,1,0,4,22227,8259,66439,7,99444,1.0553998832457676,0.6147017340081308
52,30617,644,0,0,48422,84,641,0.227,0.251,0,3,0,45,17,14249,3174,56485,22,13388,1.581488013586779,0.2942609916775086
42,15556,755,1,1,33666,36,199,0.038,0.154,0,0,0,42,15,8682,3484,24140,19,13761,2.164041910394035,0.2578786348650013
19,109888,603,0,0,137912,24,843,0.393,0.092,1,1,0,11,0,31364,3915,92360,0,404595,1.2550118756199438,0.2274187349996012
50,62684,661,0,3,62538,36,831,0.181,0.159,0,0,0,40,21,33458,15666,83173,3,18095,0.9976549413735344,0.5349941636418875
71,57515,462,0,0,63336,12,2017,0.473,0.421,0,3,0,45,26,33835,15502,100998,21,103852,1.101189234300021,0.5342059143944298
43,55553,764,1,3,56781,72,2227,0.503,0.481,0,0,0,45,14,40244,1641,17568,12,217347,1.022086618425316,0.7087457292804058
73,64548,707,1,1,128991,84,388,0.269,0.072,0,1,0,9,47,18374,6092,124054,2,-29563,1.998342344575439,0.1424429421979657
65,44170,592,0,3,95454,36,472,0.2,0.128,0,1,0,10,25,6265,10152,183767,20,-24904,2.161010617826176,0.065633020795139
29,32012,754,1,3,5264,72,996,0.334,0.373,0,2,0,19,7,27396,5936,9173,8,107860,0.164433199012901,5.203418803418804
21,96088,530,0,2,120704,48,821,0.247,0.103,0,1,0,42,2,46907,10488,119124,0,384283,1.256168760211887,0.3886085911934054
72,43084,703,0,2,8496,84,414,0.31,0.115,0,2,0,6,31,23353,10319,6224,1,131150,0.1971915980039457,2.748381781805343
19,69271,597,0,2,72349,72,2598,0.075,0.45,0,1,0,23,0,20597,12134,87101,0,243532,1.0444191015128768,0.2846855563234278
26,30453,686,0,3,3248,24,1196,0.101,0.471,0,1,0,10,5,9985,2070,6157,5,35137,0.1066526564654889,3.0732533087103726
21,47567,816,1,1,38100,60,1302,0.192,0.328,0,3,0,37,2,10667,1899,39812,1,14103,0.8009586276488395,0.2799664050812314
64,82234,678,0,4,174511,24,2536,0.395,0.37,0,4,0,22,34,66426,24618,218262,4,279024,2.122101295069009,0.3806385807279728
69,57261,668,2,0,50139,60,2544,0.227,0.533,0,1,1,44,36,39878,11075,26410,2,263048,0.8756068596975306,0.7953330674112485
44,24645,776,0,0,5386,60,862,0.223,0.42,0,3,0,24,11,14210,5018,4354,10,129520,0.2185344477805729,2.637831817338036
31,20958,675,0,4,13726,84,380,0.134,0.218,0,3,0,10,7,1042,3657,21140,13,84707,0.6548976573309795,0.0759087928899249
55,65268,708,0,4,113785,48,1901,0.633,0.35,1,1,0,42,25,19229,4690,114890,24,76405,1.743323783112963,0.1689926704515494
31,34895,618,0,3,45985,72,1262,0.231,0.434,0,4,0,38,11,2767,968,82360,11,-1211,1.3177728106373223,0.060170486669856
25,16706,612,0,1,21221,120,106,0.322,0.076,0,3,0,6,2,14717,1977,16010,5,50421,1.270186149518166,0.6934784657430968
65,51380,850,1,3,9904,60,664,0.114,0.155,0,4,1,48,35,5952,14863,17653,21,189305,0.1927560771491407,0.6009086320040383
49,88327,546,1,4,106934,60,2649,0.278,0.36,0,3,0,19,15,25809,25962,109754,0,303777,1.2106466805542977,0.2413522233132276
50,54267,677,1,1,75158,36,1060,0.364,0.234,0,1,0,8,30,30557,8395,43124,21,222980,1.3849414019311566,0.406564749397943
31,53290,738,0,3,21290,84,985,0.264,0.222,0,4,0,6,5,46164,843,36086,13,276793,0.3995046067816329,2.168240101451317
71,91973,797,0,1,76808,36,3492,0.205,0.456,0,2,1,44,46,42530,9565,33942,4,82998,0.8351055733141974,0.5537111536408493
34,34650,648,0,1,27668,60,354,0.34,0.123,0,1,1,1,13,17991,3566,24392,15,91155,0.7984762344521081,0.6502222704109292
49,31480,684,0,4,52064,84,182,0.613,0.069,1,3,0,24,11,9776,3967,16640,1,33741,1.6538229408214478,0.1877652933832709
73,65479,785,0,1,76555,48,458,0.512,0.084,0,0,0,19,19,25789,11736,68989,8,156492,1.169135613927917,0.3368645174774021
34,91143,655,0,3,154185,36,3052,0.212,0.402,0,3,0,47,6,57259,5804,220574,15,-72268,1.691663740893531,0.37136315878225
23,52237,589,0,4,92095,12,322,0.257,0.074,0,2,1,28,2,34806,14966,161696,2,-43441,1.7629886289674184,0.377931723419041
67,104633,634,0,0,104618,72,1452,0.273,0.167,0,1,1,16,27,32992,26110,179124,21,353082,0.9998470860332206,0.3153538076257658
47,49195,777,0,1,43095,36,264,0.147,0.064,0,1,0,8,25,6889,11013,18438,7,174404,0.875985852508334,0.1598524224986077
23,79365,604,0,3,139812,60,2546,0.248,0.385,0,3,0,3,4,48900,19920,272006,2,116765,1.7616107653151225,0.3497528842096228
75,69744,742,0,3,29368,60,837,0.227,0.144,0,3,0,24,20,28434,20607,56694,20,164607,0.4210767796974693,0.96816371003439
23,82203,788,0,0,142831,48,3411,0.254,0.498,0,4,1,41,4,42827,8771,227075,4,-24516,1.7375188555301446,0.2998417721518987
30,103742,648,0,4,25496,36,3371,0.581,0.39,0,4,0,20,10,37137,6211,46259,12,386464,0.2457611597890942,1.4565242969761147
59,65908,759,0,4,47259,36,2968,0.07,0.54,0,4,0,8,27,58253,17805,42470,22,133771,0.7170340924608172,1.232606855691917
71,73781,660,1,1,100552,24,1070,0.125,0.174,0,0,0,39,35,54396,14534,53484,7,316700,1.36282562142528,0.5409684445019045
39,111651,717,0,1,62283,72,5092,0.156,0.547,0,1,1,44,14,49860,33482,24533,18,401005,0.5578314763730161,0.8005266199987155
35,47373,749,2,3,54316,72,570,0.283,0.144,0,3,1,31,16,2909,4078,80712,7,90783,1.146536074640098,0.0535559769501261
48,72595,769,0,1,54017,72,2858,0.42,0.472,1,1,0,17,25,30075,13722,20796,20,242445,0.7440768086395945,0.5567588581583917
21,53737,847,1,4,107900,84,531,0.212,0.119,0,1,0,16,2,3352,398,153979,0,-91355,2.007890133611225,0.0310655137579818
55,156819,529,0,1,306066,84,3440,0.3,0.263,0,1,0,38,34,9884,44407,318641,19,431748,1.9517025889554904,0.0322935827776271
30,59661,707,1,0,80187,84,2492,0.172,0.501,0,2,0,28,8,15473,7202,45480,0,272661,1.3440213201032485,0.1929590462413328
34,83237,776,2,4,14418,36,2144,0.387,0.309,0,2,0,5,8,67887,19149,14360,12,360087,0.1732141569956029,4.708162840696303
19,91765,737,0,3,124211,12,4008,0.169,0.524,0,1,1,24,0,24532,9720,91774,0,94097,1.3535623215570036,0.1975010465977522
62,25356,743,0,3,20577,24,435,0.503,0.206,0,3,0,17,37,15294,3600,22476,5,34060,0.81149189572899,0.7432209155408689
28,76719,616,1,1,41148,120,383,0.212,0.06,0,1,0,23,8,66140,6002,63786,8,98711,0.536339937434828,1.6073294612262752
63,60332,744,0,3,44248,24,532,0.157,0.106,0,3,0,42,31,34640,9088,56782,18,170168,0.7333963171067244,0.7828425501141268
59,261075,605,2,3,542747,12,5914,0.336,0.272,0,0,0,41,29,96364,10241,884400,12,-125284,2.078885075610167,0.1775483281375518
74,46016,630,0,0,24195,120,1500,0.285,0.391,0,3,1,9,38,2608,8304,7827,22,141431,0.5257839494100006,0.1077864109770209
43,32954,801,0,4,37417,24,1176,0.161,0.428,0,1,1,15,13,19066,1178,22206,10,64973,1.1353967531482323,0.5095408626864076
56,35451,650,1,3,22084,120,537,0.442,0.182,0,0,0,19,17,16049,6118,19202,10,177375,0.6229267742299447,0.726692325107539
41,43746,655,0,4,28568,120,236,0.205,0.065,0,3,0,42,16,35004,6628,41641,9,136478,0.6530276361807666,1.225244145752389
26,20614,770,0,0,33585,36,283,0.5,0.165,0,0,0,41,5,776,1205,56298,7,-37403,1.6291535289837498,0.0231048651223724
33,40117,688,0,1,43005,84,1563,0.285,0.468,0,3,0,38,7,20428,2876,51365,5,45536,1.0719627100054838,0.4750034878854113
74,43657,642,2,3,64185,60,318,0.622,0.087,0,0,0,18,34,36765,12479,26263,1,227742,1.4701772870951486,0.5727884585423613
20,92303,519,0,4,136303,84,1427,0.126,0.186,0,3,0,45,1,14908,10827,190357,0,-39160,1.4766749003293465,0.109373165864538
64,36525,822,0,0,23982,24,1353,0.303,0.445,0,2,0,45,24,16664,1466,41345,9,15851,0.6565733997700268,0.6948255013968228
73,34530,644,1,4,54954,48,1561,0.189,0.542,0,0,0,15,45,6770,6040,84180,21,2765,1.5914395760331297,0.1231917023018833
45,45161,549,1,2,63098,60,815,0.046,0.217,0,0,0,20,15,9301,1293,117224,2,-22766,1.3971480448164386,0.147403286898366
34,79302,457,0,4,112049,24,1678,0.239,0.254,1,1,0,34,11,17275,14299,77458,8,281700,1.4129225880483711,0.1541722445336903
29,70658,632,2,4,127155,120,1715,0.124,0.291,0,1,0,10,5,2180,10421,119741,10,1281,1.799558442661232,0.0171442951964516
31,151668,607,0,4,265632,60,5689,0.381,0.45,0,0,0,38,11,4156,33758,335854,8,-167555,1.7513928357146151,0.0156456464370014
42,131354,464,0,2,211122,48,1186,0.302,0.108,0,0,1,16,18,116378,28977,293795,11,265387,1.6072627612195958,0.5512331673953098
73,67917,850,0,0,9758,84,1875,0.292,0.331,0,4,0,35,17,46136,17073,14940,11,339596,0.1436732530404311,4.727533558766267
41,34678,728,1,3,7263,36,1244,0.445,0.43,0,3,0,3,16,1605,3393,6978,21,143601,0.209435104818478,0.2209526431718061
64,53245,699,1,0,90314,24,595,0.297,0.134,1,3,0,11,25,36858,2190,135148,2,86065,1.696164970138602,0.4081049659524995
22,75550,656,1,3,55910,24,1697,0.322,0.27,0,1,0,43,2,4518,12780,40054,3,158610,0.740029913568318,0.0808069968342544
41,39348,700,1,3,56872,12,236,0.06,0.072,1,1,0,26,10,31856,1315,100668,22,-26288,1.445322625733818,0.5601251912155153
22,49156,622,0,1,95135,36,244,0.504,0.06,0,3,0,19,1,6382,1103,187301,4,-138987,1.935329658034461,0.0670829128826101
74,108395,654,0,3,219162,72,3756,0.235,0.416,0,4,0,40,19,57407,24314,125196,12,47248,2.0218642754345177,0.2619374620716088
52,18566,813,0,4,16766,48,593,0.609,0.383,0,0,0,14,31,13291,1218,10527,10,59749,0.9029999461410028,0.7926880181308523
20,153357,678,0,0,58217,24,5303,0.045,0.415,0,4,0,35,1,133740,10590,71422,0,734483,0.3796150184535531,2.297227661547975
26,23256,655,0,0,36141,120,760,0.491,0.392,0,3,0,15,6,5588,2146,31990,3,68662,1.5539837468289115,0.1546123623485142
22,104589,610,2,3,24391,120,980,0.394,0.112,0,3,0,42,2,44727,23907,41932,0,466292,0.2332058514198298,1.8336749754017712
67,45360,597,0,2,55463,24,1495,0.127,0.395,0,1,0,1,22,5157,2697,70064,23,121547,1.2227023213773949,0.092979229770662
23,53885,675,0,1,52361,60,855,0.126,0.19,0,3,0,23,4,10953,4963,103619,4,64258,0.971699513788368,0.2091784118253695
30,20769,756,1,4,10462,72,321,0.494,0.185,0,3,0,31,5,473,2530,4440,9,90182,0.5037072701011074,0.0452069196215234
24,26392,553,2,3,48008,12,697,0.206,0.317,0,3,0,21,2,14214,6832,68732,2,-7297,1.8189671503807827,0.2960694869711929
30,40154,634,0,1,64901,84,503,0.305,0.15,0,2,0,45,6,7289,4677,19598,0,81151,1.6162619848088655,0.1123077871252041
19,45523,659,1,0,48259,36,1793,0.4,0.473,0,4,0,35,0,21962,7246,50184,0,91547,1.0600782005096212,0.4550766680480729
50,43839,639,0,0,56483,12,1133,0.31,0.31,0,1,0,38,19,23308,12858,59600,20,32286,1.288389598540146,0.4126478294738332
65,61945,644,0,4,97009,36,2001,0.407,0.388,0,0,0,42,35,7724,9461,115815,17,79017,1.5660252477964678,0.0796206576641583
30,41165,649,1,4,85959,72,1056,0.459,0.308,0,1,0,14,10,36438,3287,166473,4,-50767,2.0881066899868825,0.4238948348068869
40,80092,637,0,4,162799,72,1962,0.611,0.294,0,3,0,11,19,13873,7479,283355,5,-20577,2.0326245739328037,0.0852149877149877
71,23771,619,1,3,13589,72,524,0.078,0.265,1,0,1,14,47,16066,915,10045,10,104727,0.5716389029109877,1.1821927888153054
62,57195,653,2,0,25684,60,1190,0.623,0.25,0,0,0,3,24,15704,8829,13248,18,246206,0.4490523812854046,0.6114074362468367
32,33890,538,0,0,7998,72,313,0.029,0.111,0,1,0,46,12,60,723,4172,9,102438,0.2359918562450208,0.0075009376172021
63,160006,736,2,4,293500,60,4212,0.274,0.316,0,1,0,8,19,56081,27697,504342,12,72554,1.8342947496047048,0.1910760099624873
31,22093,576,0,3,33324,24,218,0.398,0.118,0,3,0,41,11,11885,4106,46968,9,17969,1.508282791708156,0.3566391597899475
64,178919,651,0,4,288484,36,6586,0.318,0.442,0,3,0,30,45,82001,38599,528611,10,410179,1.6123630672926448,0.2842470145761478
66,41542,780,0,0,56385,24,1644,0.18,0.475,0,3,0,41,29,36735,6782,22945,19,46068,1.357268372529668,0.6514915049835065
20,36626,589,1,3,6625,36,298,0.093,0.098,0,3,0,11,1,1489,1681,10545,0,169697,0.1808774947443143,0.2247207968608512
45,92086,667,0,0,149785,84,760,0.282,0.099,0,1,0,0,15,34600,21940,213397,22,210871,1.6265596664024238,0.2309962212756866
74,37823,588,0,1,56626,36,1448,0.12,0.459,0,4,0,2,22,19832,10807,74619,3,54038,1.49709179357022,0.3502216257262436
21,146775,837,0,4,118023,48,2538,0.312,0.207,0,3,0,30,1,7856,32029,70428,0,93566,0.8041028506022783,0.0665627330034569
49,48078,747,2,1,68154,24,342,0.458,0.085,1,1,0,9,30,37175,9616,55354,1,211236,1.4175419621872336,0.5454478761646248
53,58668,648,0,1,23086,60,1266,0.342,0.259,0,0,1,16,34,12510,6416,43523,4,189654,0.393495713238678,0.5418633863213064
34,56161,643,0,3,71320,48,505,0.238,0.108,0,3,1,36,12,33472,14503,39187,12,71867,1.2698977956625477,0.4693147880708346
36,82048,615,1,0,148036,84,3723,0.244,0.545,1,0,0,39,15,38319,21743,119290,11,295534,1.8042389303952515,0.2588474502995873
63,66566,622,0,3,126027,24,2721,0.351,0.491,0,3,0,4,27,42956,12299,45244,5,172025,1.8932353869034209,0.3408448916113879
62,56231,742,0,0,18065,12,515,0.291,0.11,0,4,0,23,15,49400,13226,11022,17,91149,0.3212583582301892,2.7344182442156537
55,116440,554,0,2,135282,24,1981,0.273,0.204,0,0,0,37,19,39581,5729,216913,11,165811,1.1618072671996975,0.2925792597739553
72,41380,661,1,1,6478,120,988,0.388,0.287,0,1,0,46,43,20314,11079,3976,8,48392,0.1565452744012953,3.1353603951227043
20,67475,673,0,0,126393,84,2632,0.412,0.468,0,1,0,8,1,5535,12809,165468,0,-72874,1.8731548995198293,0.0437916356789088
59,27833,700,2,3,41987,60,1239,0.267,0.534,0,2,0,22,15,1683,7330,62933,6,51085,1.5084788388302075,0.0400828808230923
73,23497,736,1,0,31372,120,469,0.375,0.24,0,1,0,10,19,2615,2015,22262,6,47358,1.3350923482849604,0.083351926816052
37,9272,701,1,4,12837,60,175,0.471,0.226,0,2,0,38,14,989,178,19713,17,23266,1.3843416370106765,0.0770369216388845
41,67115,650,2,1,89479,84,1821,0.226,0.326,1,2,0,7,21,43036,12026,70851,2,155462,1.3331992371416652,0.4809566383549396
28,44275,647,0,0,93327,72,252,0.267,0.068,0,0,0,9,8,7308,8128,32520,10,132439,2.107846237239136,0.0783044745414023
37,34955,631,0,4,24233,48,1534,0.222,0.527,0,4,0,4,17,18186,4002,33134,14,79344,0.6932429339741389,0.7504332755632582
46,33629,597,2,1,20732,72,364,0.515,0.13,0,3,0,19,9,16071,3404,9913,2,130052,0.616473386856973,0.7751410794385761
62,37612,739,1,3,31972,24,1490,0.176,0.475,0,1,0,30,28,17659,30,12088,24,101843,0.8500252572248956,0.5523097613611485
58,76524,672,0,0,31337,120,2784,0.357,0.437,0,4,0,34,31,54871,10421,47315,21,300875,0.409500163345312,1.7509413491607633
59,31484,645,1,2,3534,60,661,0.11,0.252,0,2,0,18,35,8959,7987,6185,23,108954,0.1122439256788947,2.5343705799151346
24,72720,829,0,1,65627,84,718,0.39,0.118,0,1,0,48,5,63238,11149,77595,3,74574,0.9024490862336876,0.9635826171755958
39,70044,786,1,3,34297,60,2878,0.236,0.493,0,1,0,39,16,15348,10239,56144,15,216108,0.4896423727603683,0.4474896495422473
25,58146,731,0,4,48419,84,510,0.376,0.105,0,1,0,18,3,17672,2471,28857,5,52006,0.8326998813352365,0.3649731515902519
40,85356,696,2,4,73090,84,1854,0.3,0.261,0,3,0,30,14,4214,14529,140151,2,-60525,0.8562859519430158,0.0576541571465707
37,38061,558,1,2,51505,12,262,0.548,0.083,0,0,0,27,7,11760,6008,25374,18,48717,1.3531869055751142,0.2283229138352813
46,172334,585,0,0,264971,24,1626,0.009,0.113,0,1,1,37,22,12460,16963,354865,19,-148388,1.537534453245133,0.0470238364808357
39,81896,532,0,1,152721,72,3256,0.279,0.477,0,1,0,38,17,35535,20265,135861,13,127575,1.8647935821824972,0.2326776757769018
55,67655,813,0,3,15132,72,1168,0.247,0.207,0,0,0,18,13,5584,14943,21094,1,64495,0.2236608726498758,0.3689949117821978
57,82290,604,2,1,92371,72,1736,0.231,0.253,0,0,0,24,13,17984,17861,157060,23,280562,1.1224921315818257,0.1946910319144329
42,102879,489,0,2,167429,72,3211,0.052,0.375,0,3,1,8,13,24511,30159,75310,10,337074,1.627420295489891,0.1463955085707459
33,56685,630,1,3,52152,24,2186,0.413,0.463,0,2,0,23,12,7515,7216,52558,2,216554,0.920015524115302,0.1440952581826548
34,57513,694,0,3,69432,12,1269,0.332,0.265,0,0,0,31,10,3073,17207,25134,16,176904,1.2072191118684146,0.0442584937997782
58,56289,700,1,1,64849,12,1903,0.273,0.406,0,3,0,48,22,16539,6630,30478,5,205558,1.152051874222775,0.2550346954510408
50,33007,558,0,1,65213,72,1335,0.386,0.485,0,3,0,39,10,26728,1398,58501,3,55115,1.975672564226854,0.4098506455669028
21,72157,610,1,3,86181,60,2535,0.199,0.422,0,1,0,22,1,46536,11803,86583,2,235555,1.1943374262036088,0.5399735443596111
22,179120,609,1,1,186354,12,2337,0.49,0.157,0,0,0,10,2,26017,50802,315903,4,44958,1.0403805248965785,0.1396098843604947
63,39874,593,1,4,26181,48,1368,0.264,0.412,0,3,0,19,35,5481,793,29329,7,82781,0.656576802507837,0.2093422962340539
70,21378,578,0,3,15914,72,590,0.35,0.331,1,3,1,23,45,9765,2137,6942,15,48455,0.7443753215772487,0.6135721017907634
21,102257,639,2,4,78083,72,4246,0.336,0.498,0,0,0,13,1,59028,3939,67755,3,65800,0.7635881789199866,0.7559551252497311
61,71604,729,1,3,37859,48,2532,0.304,0.424,0,0,0,40,22,18453,11245,61570,3,17195,0.5287200614482229,0.4874009508716323
18,64222,616,0,1,115697,48,2760,0.198,0.516,0,2,0,6,0,32887,14362,209532,0,-55786,1.801488563287296,0.2842486473404899
73,28872,518,2,0,4084,36,972,0.488,0.404,0,3,1,1,24,21967,5250,1534,3,60753,0.1414470266338794,5.377478580171359
31,27284,612,0,1,19402,60,955,0.178,0.42,1,0,0,5,9,9202,2287,36429,13,77230,0.7110866776617188,0.4742565582641859
25,47709,718,0,2,37114,60,1804,0.121,0.454,0,0,0,46,5,2696,12043,16059,0,39925,0.7779081953468875,0.0726390947056446
49,21064,717,0,3,24159,24,530,0.34,0.302,0,0,0,39,17,15181,1385,19547,3,77259,1.1468787087586043,0.6283526490066225
21,67459,483,0,3,101835,24,2133,0.317,0.379,0,1,0,39,2,51858,14767,101202,0,234216,1.5095612214645715,0.5092305275148278
70,42910,466,0,1,5458,72,1450,0.25,0.405,0,0,0,39,27,8423,8024,4289,1,153001,0.1271934935098226,1.5429565854552116
50,33230,655,0,3,20475,12,656,0.236,0.237,0,2,0,7,22,22851,1305,27556,8,150136,0.6161415545725377,1.115989451064661
25,107815,671,0,0,29629,36,2761,0.101,0.307,0,1,0,7,5,86567,17569,36369,3,212729,0.2748107887512057,2.921599730003375
48,109303,768,0,0,25128,60,3615,0.092,0.397,0,3,0,4,19,91464,5850,39490,21,311792,0.2298909463514601,3.6397787416928646
31,68232,685,0,0,75960,12,1744,0.091,0.307,0,3,0,28,8,36622,11596,133314,5,-16639,1.1132443245936716,0.4821158225931728
30,30465,726,0,3,45906,48,1317,0.439,0.519,0,2,0,34,11,3107,2614,30072,9,80792,1.506794459397361,0.0676803101923454
68,91557,603,0,4,122395,36,1781,0.445,0.233,0,1,0,7,49,72707,7780,64139,22,314672,1.3368029008934228,0.5940308506813948
44,76037,499,2,3,149849,84,3089,0.227,0.487,0,0,1,45,25,9823,21310,161616,12,41533,1.9707120124148447,0.0655522188855522
39,29835,698,1,3,46466,84,904,0.118,0.364,0,2,0,31,17,24944,2084,82521,5,-13628,1.5573803458908702,0.5368110702218779
63,52188,541,0,1,11864,72,1843,0.369,0.424,0,3,0,43,25,6667,10616,19597,23,216950,0.2273275977696449,0.5619047619047619
30,83637,716,0,3,34681,24,1488,0.312,0.213,0,0,0,33,7,10523,25024,50777,7,250276,0.4146560175996556,0.3034138746323741
67,48938,802,0,4,97219,36,2068,0.025,0.507,0,3,0,25,35,22857,9702,57838,17,134149,1.9865342569320992,0.2351059452787492
56,67528,623,0,1,147362,12,1135,0.085,0.202,0,3,0,22,25,25148,5854,52424,24,140118,2.182203201587466,0.1706534204651099
73,49776,710,0,0,35540,84,736,0.478,0.177,0,3,0,5,25,24987,14414,18313,8,103312,0.7139843702915001,0.7030471849413353
71,38025,565,0,3,59625,24,595,0.326,0.188,0,1,0,12,49,6718,3233,33264,24,149843,1.5680061010887287,0.1126689699124543
25,150967,697,0,4,150316,48,4306,0.171,0.342,0,2,0,3,6,25727,24609,169275,4,506237,0.995681203963754,0.1711516328825083
45,82982,641,0,2,101237,60,3467,0.347,0.501,0,2,0,11,18,62072,14913,92809,23,392178,1.219972765506188,0.6131294573183982
45,52311,603,2,4,54081,72,2307,0.049,0.529,0,3,0,3,21,37154,8292,56284,18,49403,1.033816332772595,0.6869938241928922
31,56052,678,0,0,61016,24,1286,0.25,0.275,0,0,0,12,9,27008,5332,64539,8,72227,1.088541202076606,0.4426307422521592
75,40561,715,0,1,17715,24,1148,0.309,0.34,1,1,0,21,20,28668,12110,14320,21,98542,0.436738819584833,1.6181982388801084
42,84577,512,1,1,83346,12,1115,0.164,0.158,0,1,0,1,15,38215,11471,110215,13,347510,0.9854335642838564,0.4585048052119452
33,45531,710,2,3,68377,48,1729,0.333,0.456,0,1,0,37,5,33894,12548,131455,11,32328,1.5017350434859,0.4956857468776507
21,70696,647,0,1,46143,24,2933,0.162,0.498,0,3,0,22,2,3180,529,89837,0,204886,0.6526868183939912,0.0689147018030513
36,40682,753,1,0,81457,12,1440,0.017,0.425,0,3,0,46,12,22711,1210,67774,9,36202,2.0022368065285256,0.2788062559846792
43,43676,464,2,2,29992,72,231,0.135,0.063,0,1,0,37,21,1683,10678,32175,5,70649,0.6866771985255398,0.0561130930550461
31,43462,638,0,3,65743,12,189,0.688,0.052,0,3,0,24,10,38838,8827,42733,11,196352,1.512619929595288,0.5907459235823801
54,38362,705,1,3,65329,12,314,0.358,0.098,0,0,0,33,27,19691,3827,67735,2,60803,1.7029168730286994,0.3014082351140364
68,28281,710,0,3,16506,72,1237,0.618,0.525,0,0,0,35,22,6099,3187,20999,4,9812,0.583622091789831,0.3694796147089114
20,71439,746,0,3,33118,24,2513,0.655,0.422,0,0,0,33,1,38157,12428,36989,0,157741,0.4635778275475923,1.1521181195084391
42,59526,601,0,2,39825,72,785,0.369,0.158,0,2,0,11,20,31069,13535,79056,22,26010,0.6690241403060796,0.7801185155426104
75,39407,674,0,3,35906,48,1514,0.433,0.461,0,0,0,40,34,6364,3239,48143,4,76861,0.9111347949654892,0.1772356365054167
74,86300,571,0,3,18674,120,3332,0.397,0.463,0,0,0,27,19,36268,23723,22768,3,327424,0.2163821971935435,1.9420615796519407
45,39318,585,0,0,69791,120,1484,0.084,0.453,0,1,0,27,8,9968,6374,26195,20,140039,1.7749942775757268,0.1428243924805135
34,67994,625,0,2,22871,12,2454,0.232,0.433,0,3,1,23,8,23637,3122,26668,13,207055,0.3363629678652842,1.0334470094438617
25,92264,631,0,0,151111,24,2688,0.179,0.35,1,2,0,42,2,54210,13067,262907,0,-145578,1.6377933127404758,0.3587405368203716
42,12304,701,0,1,9479,60,309,0.095,0.301,1,3,1,12,7,6984,1267,18002,17,27484,0.7703372612759041,0.7367088607594937
21,42716,673,0,3,6304,84,1567,0.256,0.44,0,2,0,35,1,7958,10767,6881,0,214882,0.1475759065477444,1.262172878667724
44,57828,648,0,0,81622,72,483,0.374,0.1,0,3,0,44,8,14993,14321,54216,23,165300,1.4114371682028048,0.1836859708660549
33,16628,571,0,4,27519,12,181,0.162,0.131,1,1,0,6,13,9170,4411,20073,10,32713,1.6548800288652354,0.3332122093023256
42,15996,662,1,4,9932,24,536,0.371,0.402,0,3,1,23,22,8432,2565,17381,6,55063,0.6208664124523348,0.8488875465619652
35,152188,580,0,1,197560,12,4817,0.342,0.38,0,2,0,4,16,8714,26316,266878,9,226108,1.2981227289751558,0.0441078957891486
42,24834,635,0,0,15529,24,849,0.047,0.41,0,1,0,17,21,7936,6208,14562,20,19506,0.6252868934970808,0.5110109465550547
61,52022,583,2,3,47229,48,260,0.427,0.06,0,1,0,43,22,32816,4452,65938,10,145574,0.9078484516463872,0.6948126190980309
55,21898,516,0,4,28098,72,472,0.239,0.259,0,3,0,12,25,17368,376,46736,7,58123,1.283072286405772,0.6181002882664863
55,35439,677,0,4,73738,36,1549,0.227,0.524,1,1,1,28,28,13897,9481,128017,8,28755,2.080643340857788,0.1884620078927026
51,26407,683,0,0,45801,36,433,0.137,0.197,0,1,0,46,19,1995,3514,48002,13,57075,1.7343607997576491,0.0435570499104842
75,43523,504,1,4,38249,48,1656,0.17,0.457,0,0,0,26,47,28626,5064,70976,14,114119,0.8788024997702417,0.7483921568627451
65,28489,662,1,1,17759,12,1140,0.321,0.48,0,1,0,33,35,433,6943,22718,4,90063,0.6233415233415234,0.0243806306306306
41,30082,711,1,2,22154,48,194,0.114,0.077,0,3,0,30,14,10091,5233,40297,21,81537,0.73642921251205,0.4554728052358384
33,47929,582,0,3,90706,24,1385,0.267,0.347,0,4,0,47,12,13951,12680,156515,10,-49046,1.8924681827665344,0.1538029038552702
24,25642,476,0,3,49682,120,561,0.34,0.263,0,4,0,29,1,6753,943,89674,3,20766,1.937448816441134,0.1359217438560473
59,35227,828,2,1,8363,12,1071,0.276,0.365,0,0,0,9,24,28372,260,3339,11,161352,0.2373963892358351,3.392156862745098
66,74414,550,0,0,67128,24,883,0.329,0.142,0,0,1,13,35,11561,20398,58439,8,275539,0.9020761943156622,0.1722206497936808
74,56480,750,0,4,114142,72,515,0.261,0.109,0,4,0,24,45,1456,552,50472,14,46276,2.0208919813742674,0.0127559289662966
62,66971,741,0,4,128460,84,1307,0.556,0.234,0,1,1,34,26,42867,15301,85620,8,20968,1.918115033148181,0.3336966083091366
55,60702,850,1,3,75096,48,2657,0.558,0.525,0,0,0,25,18,37522,1711,42802,20,48514,1.2371052501523814,0.4996471230541832
44,158276,773,0,0,78127,48,870,0.224,0.066,0,3,1,7,11,101170,9561,137638,21,535925,0.493609305205431,1.2949262748310464
66,62148,660,2,0,87442,36,1169,0.364,0.226,0,1,0,16,32,25765,746,54330,24,238638,1.4069735635328002,0.2946490856901066
60,46787,638,0,1,86517,36,1668,0.304,0.428,0,3,1,25,20,36768,12596,29245,21,208617,1.8491279815337267,0.4249751496798354
53,18783,576,0,1,6169,60,137,0.318,0.088,0,0,0,34,24,4847,1638,7070,4,51411,0.3284178023850085,0.7855753646677471
50,38953,529,0,3,84165,120,300,0.569,0.092,0,2,0,4,11,31850,6830,48261,0,125904,2.1606253529804387,0.3784188389611007
19,94841,662,1,1,103613,60,1092,0.398,0.138,0,1,0,22,0,31975,8529,181910,0,36028,1.0924801248392062,0.3085972938019958
37,66800,692,0,1,17894,72,2327,0.409,0.418,0,3,0,27,14,24787,17910,24536,15,172153,0.2678702414634511,1.3851355127130482
30,14481,721,2,3,8037,36,330,0.461,0.273,1,0,0,8,4,4690,4015,11377,4,9629,0.5549647838696312,0.5834784772331426
55,94949,630,0,0,166556,24,2519,0.134,0.318,0,3,1,7,19,15938,20843,91275,9,34643,1.7541442864665613,0.0956909646547428
25,91329,730,1,1,82973,72,733,0.446,0.096,0,3,0,5,2,3798,24799,101862,7,356564,0.9084966604620608,0.0457733747921035
72,36585,673,0,1,22491,36,1642,0.522,0.539,0,0,0,24,21,18400,10914,37969,16,163900,0.6147433444486963,0.8180686466299129
23,73228,610,2,1,146638,12,755,0.298,0.124,1,3,0,0,1,34397,12094,45358,0,138862,2.00245804257876,0.2345692482900183
32,48165,665,0,4,34021,84,2022,0.282,0.504,0,2,0,25,10,43041,5166,26564,4,196461,0.7063281152680314,1.265093175004409
36,59745,653,2,3,70074,48,1929,0.085,0.387,0,0,0,48,13,47761,1455,56826,15,96181,1.172865129046296,0.6815697466999643
59,51057,533,0,3,102570,84,345,0.717,0.081,0,0,0,45,12,20686,3312,37962,10,224725,2.0088918484860354,0.2016749373604625
44,53263,702,0,1,48651,84,1841,0.096,0.415,1,2,0,38,16,24309,11869,48069,14,15052,0.9133936617602884,0.4996505796267368
50,28600,612,2,3,44771,48,1037,0.676,0.435,0,4,0,43,24,6464,634,27826,14,84498,1.565364847382959,0.144375949253998
33,63908,631,0,4,114625,12,566,0.261,0.106,0,0,0,48,10,13555,15612,224801,3,82463,1.7935658514450237,0.1182541482735156
24,69068,602,0,1,55906,72,1581,0.408,0.275,0,0,0,38,4,15879,14029,105232,3,111513,0.8094224615963747,0.2840252562290947
21,71489,524,0,3,130460,60,367,0.127,0.062,0,4,0,39,1,60720,6328,170578,0,193990,1.824870611274304,0.465426449283694
18,109935,668,0,1,201979,120,1213,0.092,0.132,0,0,1,24,0,18441,26305,109026,0,258644,1.8372416678794936,0.0913011189226656
52,66983,637,2,3,93532,72,1453,0.457,0.26,0,0,0,21,24,59931,20077,67684,17,122424,1.3963334527648394,0.6407471159911475
54,99696,657,0,4,179772,120,4351,0.604,0.524,0,1,0,4,33,42483,21617,176466,19,39089,1.80318364644874,0.2363146857425753
47,32235,653,0,1,22550,36,150,0.281,0.056,0,3,0,11,15,11879,3987,14175,15,147425,0.6995284774785954,0.5267615626801472
19,47134,700,1,3,60444,84,1569,0.143,0.399,0,3,0,19,0,31928,1979,84635,0,81198,1.2823591810756338,0.5282157333112747
53,84558,662,0,1,64863,60,3535,0.567,0.502,0,1,0,47,23,17026,18639,56461,2,97476,0.7670738774110385,0.26248766650222
18,68810,638,1,3,83808,12,747,0.436,0.13,0,3,0,15,0,3233,7905,32510,0,234027,1.2179448053363562,0.0385758092806261
61,34016,736,1,4,31239,120,1052,0.242,0.371,0,3,1,26,34,10344,7762,11200,14,117021,0.9183349501719728,0.3311139564660691
56,18084,539,0,0,15861,72,516,0.045,0.342,0,0,0,20,17,2326,4946,19703,9,62361,0.8770251589715233,0.1466397679989913
54,24471,850,0,2,29280,48,352,0.268,0.173,0,0,0,24,35,19180,2995,23224,5,41268,1.1964694344557043,0.6550322734879274
45,53018,394,0,3,6637,60,1107,0.441,0.251,0,0,0,11,23,644,7660,4938,19,166887,0.1251815386936758,0.0970171738475444
41,33389,636,0,2,10532,48,979,0.302,0.352,0,1,0,6,17,5584,8011,15782,18,85958,0.3154237795747229,0.5301433589670559
43,23366,562,1,4,5968,120,561,0.353,0.288,0,1,0,29,12,3225,3612,6938,20,64600,0.2554029186459537,0.5402915061149272
44,85816,635,0,3,18025,12,1348,0.256,0.188,0,1,0,18,24,37109,18498,18417,0,88090,0.2100399687707563,2.0586375235770555
46,61838,746,0,2,53603,36,1521,0.336,0.295,0,1,0,16,21,31254,16985,77472,20,6328,0.8668154400944388,0.5830535034698903
60,76418,647,2,1,132002,36,1968,0.398,0.309,0,3,0,12,31,25903,17482,214169,19,211102,1.7273452937096796,0.196230388703287
37,65451,701,2,2,63765,72,1592,0.427,0.292,0,0,0,24,7,378,20,99105,6,162215,0.97422538654281,0.0059279239720227
70,91724,654,0,0,49052,12,2787,0.159,0.365,0,3,1,44,40,32875,22007,26344,16,233346,0.5347724175524666,0.6701934642121786
28,59619,649,0,2,112191,120,2254,0.023,0.454,0,3,0,21,3,44241,16744,48320,0,119019,1.881767863133177,0.3943329292641186
63,45399,641,1,0,21413,36,1231,0.293,0.325,0,4,1,42,23,20193,9319,19299,4,181775,0.4716519823788546,0.9429812272345196
48,30839,613,0,4,24592,60,1114,0.142,0.433,0,4,1,0,14,15372,1453,22293,12,13246,0.7974059662775617,0.6250559102183548
66,50021,508,0,3,26553,60,1136,0.067,0.273,0,3,0,14,30,2889,13693,23527,18,49472,0.5308264363679981,0.1087971680349476
60,96770,582,0,3,126962,60,1810,0.258,0.224,0,4,0,36,34,7971,12581,143659,1,-15730,1.3119839621374172,0.0627820703669573
31,53372,709,0,3,84881,72,1710,0.19,0.384,0,3,0,20,4,29161,12444,142325,11,91911,1.5903359376463757,0.3435475130180721
41,106858,717,0,3,198318,60,3421,0.026,0.384,0,1,0,31,21,48893,17924,320206,17,233306,1.8558848576161109,0.2465371447012137
38,101924,642,1,2,103002,12,3946,0.269,0.465,0,2,0,2,16,51350,19975,202339,16,-14149,1.0105665930831491,0.4985291690533285
19,61770,649,0,1,91200,24,2805,0.301,0.545,0,1,0,9,0,41881,591,51939,0,115430,1.476420974243577,0.4592164559599127
70,26059,721,0,0,52557,60,580,0.267,0.267,0,3,1,36,47,20687,4679,34597,20,79502,2.0167689946277823,0.3936032573537806
46,52270,641,0,3,33608,12,1208,0.322,0.277,0,1,0,32,21,15675,12915,62660,7,10588,0.642956897706185,0.466392930465054
48,48067,580,1,0,24034,48,872,0.315,0.218,0,3,0,43,24,33407,1446,7385,15,91077,0.5,1.3899313501144164
36,54781,486,2,3,40695,24,894,0.08,0.196,0,0,0,44,5,31933,5512,33833,12,273079,0.7428534920229273,0.784671712207588
42,73723,589,0,3,10494,72,2678,0.071,0.436,0,1,1,27,17,10456,8562,11448,12,167290,0.1423417069068417,0.9962839447355883
23,73524,605,1,0,134300,36,786,0.563,0.128,0,0,0,18,4,9309,21503,135013,3,155341,1.8265895953757223,0.0693144503763933
30,78961,712,0,0,20913,84,1869,0.448,0.284,0,1,0,20,9,30469,5629,10293,12,233219,0.2648489146678149,1.456870995505403
27,93032,744,1,4,156725,48,3508,0.479,0.452,0,3,0,36,4,82760,2734,165262,7,230523,1.684617286339256,0.5280553322358766
37,17164,784,0,0,28500,72,122,0.161,0.085,0,3,0,6,17,3270,1902,51903,5,-19122,1.6603553743081854,0.1147328163924072
74,59750,551,0,1,114388,12,1974,0.005,0.396,1,4,0,7,52,22015,2270,152097,23,-42039,1.9144114742849487,0.1924573167000323
70,78350,703,0,3,124718,24,742,0.17,0.114,0,1,0,45,50,19687,16752,50950,9,239908,1.5917856823780168,0.1578508487078953
43,70240,691,1,2,112406,48,2414,0.079,0.412,1,1,0,1,19,15955,8370,206815,16,-53989,1.600290428667018,0.1419395589242663
38,30003,683,0,4,58853,48,888,0.516,0.355,0,2,0,7,12,2758,4149,72237,10,64141,1.96150513264898,0.0468617256261256
23,105568,503,0,3,196302,72,1235,0.311,0.14,0,1,0,45,4,50565,3536,236861,5,-30317,1.859466320605481,0.2575864861973582
45,63659,633,1,3,127604,12,2615,0.071,0.493,0,1,0,8,15,18063,16610,145186,22,48068,2.004461200125668,0.1415540143411308
29,20041,696,1,1,18893,120,295,0.549,0.177,0,0,0,8,3,6852,3488,31863,6,14822,0.9426703921764296,0.3626548110511273
21,54868,609,2,2,42930,36,2497,0.309,0.546,0,0,1,1,2,10066,10257,83271,3,-3076,0.7824090105524066,0.2344692646339475
22,53645,789,1,0,114717,48,1342,0.57,0.3,0,1,0,3,2,41214,10129,204565,3,12532,2.1384073369869143,0.359263585487892
56,94184,625,1,0,181175,60,434,0.156,0.055,1,4,0,19,26,70316,11441,205170,19,-63735,1.923607793173011,0.3881088002825981
62,27602,656,0,4,29001,36,1044,0.312,0.454,0,1,0,25,15,3430,4513,57848,18,-11684,1.0506466688403435,0.1182677056754706
34,109323,669,0,0,178750,12,4478,0.133,0.492,0,3,0,34,6,6557,11923,238944,10,118297,1.6350481138633786,0.0366823122667845
22,49464,719,0,0,61106,60,1746,0.173,0.424,0,0,0,6,1,41429,2722,69547,1,106511,1.235338117861114,0.6779747001161897
21,37992,551,0,1,9063,72,256,0.083,0.081,1,1,0,7,2,27016,3553,10001,0,91222,0.2385439423051615,2.9805825242718447
68,84664,563,0,3,167734,24,1013,0.331,0.144,1,1,0,47,20,70102,8384,123797,15,314096,1.9811492352211657,0.4179330491549169
36,51206,606,0,1,18197,36,339,0.247,0.079,0,0,1,34,16,39842,9287,18410,9,191874,0.3553615716601246,2.189361468293219
28,68557,688,1,0,82419,24,3001,0.153,0.525,0,4,1,41,3,59639,5791,152532,3,137486,1.202179176755448,0.7235986411065275
33,65607,605,0,3,44942,48,1528,0.095,0.279,0,0,0,42,9,34750,2976,20001,10,272511,0.6850079258626997,0.7732016109293994
55,51356,560,0,3,99457,48,1187,0.284,0.277,0,0,0,17,17,21982,14536,145739,12,-48164,1.9365811865957905,0.2210179171107402
26,55997,661,0,4,11766,36,1676,0.045,0.359,0,3,0,42,5,13376,13098,14967,3,134652,0.2101146469516768,1.1367383360244752
58,52361,695,1,4,16937,60,1438,0.251,0.33,0,0,0,36,17,30769,10809,16179,6,74981,0.3234597608953057,1.816566300625812
19,173298,700,0,3,182661,36,2642,0.375,0.183,0,3,0,5,0,121308,30305,340832,0,159197,1.0540222390204212,0.6641118568722558
58,32022,531,0,1,61406,12,261,0.491,0.098,0,2,0,41,12,26707,255,81964,23,7623,1.9175592542859816,0.434917843242627
73,46015,525,0,4,14279,84,1325,0.08,0.346,0,0,0,19,37,31487,6593,10099,23,181551,0.3103051112656467,2.2049719887955184
42,50064,652,0,1,38674,120,2051,0.534,0.492,0,0,0,14,9,42329,8758,13199,9,105298,0.7724757814840707,1.0944796380090498
39,37671,771,1,4,70293,72,310,0.064,0.099,0,2,0,39,14,1592,6439,129579,14,-14652,1.865921639413888,0.0226477366489316
25,62141,797,1,0,34052,72,563,0.375,0.109,0,0,0,0,3,30021,5242,60552,0,259426,0.547970776608413,0.8815963351246586
74,51062,617,0,0,90833,72,422,0.218,0.099,1,1,0,46,47,2595,3512,104755,21,97695,1.778841822846288,0.0285685976616685
40,63667,686,0,0,54409,12,2440,0.403,0.46,0,3,0,40,20,20717,5494,38477,18,279381,0.8545737262046869,0.3807572137474729
65,57173,635,0,0,39168,84,259,0.129,0.054,1,0,0,6,21,40209,208,45049,7,80756,0.6850666386819183,1.0265516096913376
72,45457,723,0,1,70754,84,646,0.066,0.171,0,4,0,0,39,15367,5892,69513,20,9287,1.556469708302169,0.2171860645890749
36,83878,706,0,2,64914,72,3761,0.147,0.538,0,3,0,19,11,24722,18295,61736,6,244820,0.7739004995290836,0.3808364784718478
24,44992,575,0,3,71324,120,957,0.107,0.255,0,0,0,46,4,28953,5341,42291,2,157326,1.5852243682350589,0.4059305993690851
64,63764,738,0,1,16871,84,2367,0.347,0.445,0,3,0,15,22,3634,1414,17476,16,66534,0.2645808829295067,0.2153864390706496
66,31885,585,0,1,65511,60,1270,0.173,0.478,0,0,0,11,31,16014,8498,42447,20,72871,2.054538041773819,0.244443766027598
49,55419,567,0,1,38285,120,656,0.363,0.142,0,4,0,4,16,31106,16557,54360,0,264720,0.6908155900396968,0.8124640860889097
41,58709,696,0,4,109193,12,774,0.091,0.158,0,3,0,20,10,9683,13928,39994,2,47149,1.859870550161812,0.0886770335366412
48,102857,670,2,2,149057,24,3126,0.065,0.365,0,2,1,15,15,83617,30457,212510,8,179773,1.4491532015010986,0.56096955547505
69,62983,801,0,1,110233,84,391,0.326,0.074,0,0,0,26,18,23467,2588,58324,6,277886,1.7501746475295312,0.2128835023676905
30,79157,850,0,3,144495,12,1163,0.185,0.176,0,3,0,27,11,70571,21982,232404,2,124990,1.8253998332449024,0.4883941423984055
62,24362,660,0,3,14270,12,549,0.638,0.27,0,0,0,3,43,4368,4709,21883,19,11709,0.5857242539917087,0.3060752575152407
52,70226,768,0,1,78189,120,2592,0.447,0.443,1,0,0,6,29,1214,481,54397,9,89886,1.1133751975735828,0.0155262821332651
48,63082,558,0,3,53978,60,2294,0.182,0.436,0,0,0,15,27,2507,8740,57312,23,200024,0.8556663443399966,0.0464439874766112
28,82259,657,0,0,105867,60,3558,0.099,0.519,0,3,0,21,5,23243,7869,139227,3,150827,1.286980306345733,0.2195469830354781
61,52386,633,0,4,52038,120,1770,0.267,0.405,0,3,0,36,26,37127,7664,49456,21,243307,0.9933380418806192,0.713445684967044
41,26600,699,0,3,27656,24,827,0.351,0.373,0,3,0,26,22,18780,5994,35774,9,92870,1.0396601631517612,0.6790324330187656
57,45238,657,0,4,18799,36,1048,0.117,0.278,0,3,0,1,18,21059,331,29580,24,192964,0.4155485311346404,1.120159574468085
45,82691,816,0,3,138728,12,2696,0.165,0.391,0,0,0,40,13,6886,12589,129909,16,99021,1.6776471726406423,0.0496363413561692
58,34896,778,0,1,13703,24,925,0.068,0.318,0,1,0,42,13,22126,5656,17948,14,93782,0.3926698570077657,1.61456509048453
59,81190,609,0,3,34603,48,2977,0.25,0.44,0,1,0,33,32,27434,14370,63305,22,213175,0.4261925582884802,0.7927985204022656
63,79383,549,0,1,76666,120,601,0.505,0.091,0,3,1,46,20,24126,4699,151875,7,146625,0.965761362491182,0.314685588323529
39,19064,629,0,1,17999,120,687,0.32,0.432,0,0,0,8,8,6171,912,16135,20,11625,0.9440860215053763,0.3428333333333333
46,121272,640,0,3,50114,72,3252,0.454,0.322,0,1,0,27,10,56810,31724,51734,14,560830,0.4132329537489795,1.1335927367055771
73,33826,720,2,3,66149,12,1156,0.537,0.41,0,0,0,2,24,10702,1198,53649,20,112345,1.9555089129984924,0.1617838246409675
23,38633,654,0,3,67599,120,207,0.226,0.064,0,1,1,41,2,27998,979,120171,2,39241,1.749728218667495,0.4141715976331361
56,38952,651,0,1,12636,12,1077,0.175,0.332,0,0,0,35,36,16799,2817,12905,12,49558,0.3243909326624393,1.3293503204874575
54,54077,788,1,3,7227,72,1285,0.074,0.285,0,4,0,11,27,37108,7500,3634,17,260829,0.1336402973482747,5.133923630326508
52,80377,569,0,4,73844,36,2065,0.038,0.308,0,3,0,15,18,5016,8301,96127,9,111721,0.9187090995048396,0.0679260613447085
59,48959,476,0,0,83859,36,1460,0.198,0.358,0,0,0,22,28,10089,6237,63290,1,90302,1.7128063725490197,0.1203076556165037
44,53296,667,0,1,9538,84,560,0.173,0.126,0,3,0,24,8,47377,8905,6678,6,279077,0.1789594161022196,4.966663172240277
19,34042,753,2,2,71342,48,1102,0.249,0.388,0,0,0,42,0,16668,4109,84433,0,84323,2.095643744675851,0.2336318910054245
31,42957,659,0,1,34472,84,316,0.437,0.088,0,0,1,33,6,31166,3940,61366,8,119027,0.8024582150006984,0.9040698517680504
24,70544,701,2,1,100888,48,525,0.163,0.089,0,2,0,29,4,30608,6594,110179,2,195933,1.430122616769438,0.3033829257897293
25,91981,535,0,3,97864,72,633,0.112,0.083,0,2,1,12,2,26700,8012,34505,5,170261,1.0639472940357897,0.2728248096868134
66,90553,700,0,3,58016,24,3342,0.181,0.443,0,1,0,32,42,29720,10081,72917,7,223084,0.6406784901826534,0.5122636468621267
69,49274,564,0,0,44333,120,1755,0.154,0.427,0,1,0,26,33,37707,9859,51192,16,131413,0.8997057331303907,0.8505210447963188
36,60330,654,0,0,78732,12,450,0.125,0.09,0,1,0,48,16,9479,2394,103937,14,46560,1.3050007458852,0.1203942438367647
20,79958,682,0,3,173943,36,360,0.239,0.054,0,3,1,5,1,59142,18600,245929,1,36448,2.175402393726785,0.3400059789357494
38,23568,722,1,0,33728,60,590,0.231,0.3,0,1,0,10,15,14059,3582,41501,11,4642,1.4310322881751454,0.4168223190726081
72,41977,586,2,0,28739,24,1144,0.273,0.327,0,3,0,38,18,12191,9620,20592,7,125648,0.6846205155081233,0.4241823242867084
21,124451,613,0,0,227549,48,2233,0.273,0.215,0,1,1,8,1,26279,9516,70781,0,557210,1.8284077395301,0.1154867062184135
18,46741,580,0,3,12520,120,1104,0.061,0.283,0,3,0,24,0,21811,12132,19546,0,152248,0.2678533224936887,1.7419535180896095
30,125283,726,0,4,80338,60,2303,0.081,0.221,0,3,0,24,11,41993,35982,56796,9,108024,0.6412470866192012,0.5226975690511457
34,38276,533,0,1,12316,84,519,0.238,0.163,0,4,0,8,9,15582,7847,14076,13,163830,0.3217598035373723,1.2650807826581147
58,52951,804,0,1,24124,60,2373,0.182,0.538,0,0,0,4,14,33096,4436,9532,11,167071,0.4555824142619731,1.3718549222797929
36,80841,666,1,4,24686,72,3169,0.249,0.47,0,1,0,3,8,43366,7227,37477,16,294594,0.3053610746888993,1.7566330457325718
53,37519,599,0,4,29795,120,1563,0.42,0.5,0,0,0,34,10,3094,9115,36551,12,89311,0.7941098081023454,0.1038394415357766
55,73945,622,0,4,37623,84,3079,0.057,0.5,0,1,0,8,14,28866,17415,14087,21,359409,0.508790198252779,0.7672230491175845
34,29446,807,0,0,34798,72,1231,0.603,0.502,0,4,0,25,8,5188,2509,64544,14,57540,1.181716303867966,0.1490847438144774
24,76018,558,1,4,103392,84,2620,0.171,0.414,0,0,0,18,4,24586,19806,164256,4,171251,1.3600810323734855,0.2377917267126401
56,51330,618,2,1,22093,36,2084,0.053,0.487,0,1,0,14,23,9395,2533,42463,3,36441,0.4304026806413278,0.4252285688422196
55,79497,758,1,3,24155,12,2849,0.138,0.43,0,3,0,46,30,60036,2904,38520,12,335997,0.303844121864701,2.4853452558370592
55,65137,564,0,4,104140,48,1188,0.108,0.219,0,2,1,48,19,7553,4867,61804,20,252323,1.5987595566336086,0.0725266705716288
24,43303,710,0,3,68041,24,819,0.29,0.227,0,4,0,10,5,8114,12017,112286,4,-65804,1.5712405320524665,0.1192498750771582
52,52028,742,0,1,46148,72,1297,0.328,0.299,0,1,0,6,24,39599,5111,77444,8,29237,0.8869668838532357,0.8580684305185378
41,30982,735,1,3,46688,72,274,0.342,0.106,0,1,0,13,11,10443,5864,69747,17,-37588,1.5068908756414807,0.2236715286255863
69,31853,778,0,3,59240,48,756,0.55,0.285,0,2,1,47,17,12373,6812,104307,20,39685,1.8597350411251332,0.2088587295960567
31,53728,793,0,1,15632,48,665,0.236,0.149,0,1,0,24,6,31659,10878,28282,4,224057,0.2909415771743379,2.025139128766072
43,38514,770,1,3,6976,36,644,0.613,0.201,1,2,1,10,24,2985,618,6411,20,138269,0.1811242373101389,0.4278343127418661
38,52504,646,0,3,87259,60,324,0.392,0.074,0,1,1,24,12,21324,2232,54792,20,187426,1.6619179125797543,0.2443731377492551
21,22177,850,1,1,46095,72,813,0.427,0.44,0,2,0,29,1,382,2485,14844,1,75446,2.078411037965552,0.0082870531065602
64,43813,591,0,1,89553,120,531,0.795,0.145,0,1,0,18,19,22416,3845,125260,16,-10111,2.043935728306021,0.2503070772941465
19,53911,445,0,2,70328,84,1200,0.166,0.267,1,4,1,23,0,12659,12297,47193,0,155468,1.304496216055795,0.1799968718451847
48,124059,702,1,0,188831,84,3143,0.579,0.304,0,2,0,43,12,107752,11318,349394,21,376493,1.5220941479929069,0.5706236231147264
72,46737,692,0,3,69154,120,1583,0.59,0.406,0,3,0,16,36,6980,1466,128297,15,61475,1.4796097393983485,0.1009326874412551
75,46240,792,0,3,77576,48,1952,0.165,0.507,0,3,0,2,54,38880,919,148862,22,-68006,1.6776453796414437,0.501179473297498
70,172456,534,1,0,371510,84,5637,0.237,0.392,0,1,0,19,48,46208,16970,383608,0,76785,2.154218152930876,0.1243785513753294
24,39422,577,0,0,65412,120,1168,0.238,0.356,1,2,1,8,3,33315,148,70427,6,12066,1.659234457042843,0.5093024322382401
22,59781,706,1,3,27919,48,321,0.152,0.064,0,0,0,46,3,10639,13557,11230,1,60335,0.4670134823190927,0.3810530085959885
51,46510,683,1,1,76210,48,721,0.275,0.186,0,0,1,7,15,37190,8554,60182,10,27544,1.6385371202511234,0.4879872984214877
35,57852,609,1,1,123285,24,2638,0.196,0.547,0,1,0,29,8,28139,15653,189355,15,-2680,2.1310044422933987,0.2282416494979154
59,42820,762,0,0,32274,48,1411,0.214,0.395,1,3,0,23,27,37639,934,23648,3,90254,0.7536956166366969,1.1661967467079783
69,23601,731,0,1,24282,48,1069,0.198,0.544,0,3,1,25,21,15042,1204,20712,23,32222,1.0288111177018897,0.6194457027550138
72,85007,587,1,4,9175,12,2110,0.305,0.298,0,2,0,18,29,3366,19817,8259,16,196374,0.1079310182571052,0.3668265039232781
59,15297,636,0,4,27538,48,329,0.202,0.258,0,1,0,27,14,13675,4193,23947,17,43298,1.800104588835142,0.4965685028505029
54,63382,830,0,1,73676,48,1229,0.029,0.233,0,0,0,5,30,4678,4742,130616,16,50192,1.1623937017812347,0.0634933561355647
48,136347,647,0,1,36628,120,6004,0.442,0.528,0,0,0,13,26,48862,5039,45773,15,221511,0.2686361369437028,1.3339703513609436
32,67083,640,0,1,131706,12,986,0.402,0.176,0,0,0,32,5,14901,15672,194237,14,-71422,1.9632997436050328,0.1131374945902647
37,32818,687,1,1,4543,60,956,0.655,0.35,0,1,0,27,5,12999,9824,2220,6,59019,0.1384259118193729,2.8606954225352115
45,66804,608,0,4,33322,12,2464,0.32,0.443,0,3,0,11,13,41045,8446,33056,6,211334,0.4987950003742235,1.2317318368694294
20,65831,741,0,2,33747,72,359,0.2,0.065,1,4,0,28,1,30398,13355,54672,0,189515,0.5126230404666423,0.900734858361977
43,34945,685,0,0,20137,48,682,0.142,0.234,0,2,0,20,22,114,4617,18644,1,65176,0.576231900646712,0.0056609395173304
36,75960,678,0,3,42532,48,2775,0.566,0.438,0,4,0,26,10,66787,3459,16235,11,304129,0.5599189057542686,1.5702395786800838
48,77356,345,2,3,59148,60,1729,0.084,0.268,0,1,0,32,29,57129,17375,111262,13,37796,0.7646108303062424,0.965848957716952
46,42359,575,0,0,57470,72,1192,0.346,0.338,0,2,0,23,26,14295,433,97500,7,-1294,1.3567044381491973,0.2487341441770632
66,54819,625,1,1,73945,72,1167,0.183,0.255,0,3,0,43,42,33719,15274,32660,14,215544,1.3488690259029552,0.4559949152083953
52,56809,708,0,3,55369,24,1867,0.019,0.394,0,3,0,48,17,50894,16161,72598,18,138039,0.974634747403626,0.9191620010836192
52,21861,599,0,0,27155,36,416,0.082,0.228,0,3,1,48,19,11187,5052,51843,23,-17142,1.2421095965602416,0.4119531595227574
33,36638,671,0,4,71781,72,881,0.448,0.289,0,1,0,27,7,18129,1588,29177,10,153886,1.959141897977565,0.2525563511743891
52,31144,685,0,1,43757,120,356,0.331,0.137,0,1,1,24,23,25291,2914,77908,9,-11792,1.404944613902713,0.577974313268431
52,33243,670,0,0,55195,84,683,0.148,0.247,0,1,0,33,27,27354,2332,44581,10,52244,1.660299602935868,0.4955793898108558
32,51454,494,0,4,81616,48,1035,0.309,0.241,0,3,0,5,13,31720,14156,35332,12,49254,1.5861626664075406,0.3886445225872061
36,44904,633,0,0,8801,72,1081,0.318,0.289,0,0,0,15,9,39661,6123,14525,11,89496,0.1959915376906803,4.505907748239037
35,37887,850,0,1,67896,12,278,0.094,0.088,0,0,0,10,15,2982,8494,47831,4,69245,1.7920185810810811,0.0439194662503497
47,59524,591,0,4,97260,24,1142,0.432,0.23,0,3,0,42,11,1234,4812,73026,21,37880,1.633935321293574,0.0126875109242142
72,28928,516,0,3,14010,48,1029,0.174,0.427,0,0,0,42,17,6260,7837,23093,9,68700,0.4842891216426423,0.4467918064377988
56,61308,817,0,0,105821,84,1426,0.169,0.279,0,2,0,22,28,25123,5184,176506,24,120936,1.7260271738243975,0.2374081003950029
45,82148,564,0,3,70043,120,1442,0.379,0.211,0,2,0,16,19,52097,7879,54823,3,151267,0.8526336291372993,0.7437753412140939
27,21230,562,1,2,38404,120,110,0.15,0.062,0,0,0,36,8,18817,1375,58646,1,22798,1.8088643964014883,0.4899622444994141
29,53195,718,0,3,17271,12,1872,0.265,0.422,0,3,0,48,4,5280,6512,18812,6,239008,0.3246672682156553,0.3056970819823992
56,168266,649,0,1,338206,60,7176,0.29,0.512,0,3,0,18,22,148979,43384,282057,24,278256,2.009936588873636,0.4404965006637946
58,102558,607,0,1,126120,36,1108,0.093,0.13,0,0,0,44,37,72667,6798,143942,7,368385,1.2297311791261616,0.57616891715099
44,23405,683,1,1,16189,12,572,0.568,0.293,0,0,1,45,9,6463,2773,27937,2,45349,0.6916602580534905,0.3991970352069178
27,61733,593,0,1,103666,72,2523,0.156,0.49,0,4,0,46,3,45195,7205,196405,4,-60337,1.6792367253053422,0.4359632284140565
32,49054,641,0,3,73814,60,1532,0.183,0.375,0,3,0,34,7,18836,9751,48343,14,21257,1.5047191927428396,0.2551784867574341
40,157944,677,1,2,26838,24,5320,0.368,0.404,0,1,0,25,10,85622,47087,14327,0,648278,0.1699199088290227,3.190208278996982
36,52092,743,0,1,85928,84,1180,0.323,0.272,0,0,0,35,15,20104,2003,51414,15,13221,1.6495114506747548,0.2339605953752516
45,51897,739,0,4,6889,84,238,0.481,0.055,0,2,0,35,23,32468,3730,6958,6,198787,0.1327411460942618,4.71233671988389
25,45939,558,0,1,71415,12,1445,0.421,0.377,0,3,0,32,2,7996,2725,56338,7,116490,1.554527644754027,0.1119637056121877
35,112878,610,1,0,66989,48,2864,0.103,0.304,0,4,0,27,7,48510,20744,98722,1,362748,0.593458482091443,0.7241379310344828
67,23004,584,0,1,47783,24,613,0.425,0.32,0,1,0,46,23,1131,3418,90121,20,3098,2.077070202129972,0.0236690105474635
51,34464,582,0,1,5921,24,1338,0.132,0.466,0,3,0,3,17,26056,3908,11073,9,121203,0.1717974756999855,4.399864910503208
35,34745,626,0,1,20319,60,1099,0.275,0.38,0,2,0,32,8,29576,7129,28620,12,149327,0.5847867380417889,1.455511811023622
47,158382,637,0,3,36400,24,7187,0.616,0.545,0,3,0,8,23,13523,577,41270,20,264018,0.2298226451071137,0.3715007829455234
73,49716,677,0,3,95332,12,1287,0.259,0.311,0,4,1,34,52,2976,8305,124243,20,-82219,1.9174930104390853,0.0312168923667565
58,39408,751,2,1,50554,36,354,0.384,0.108,0,1,0,4,24,26671,6357,43238,14,75194,1.2828034205384558,0.5275640391652655
67,41853,764,2,2,55725,12,1503,0.197,0.431,0,2,0,24,44,31407,8892,76158,10,143668,1.3314139628231472,0.5635968847575638
23,40826,554,1,1,75395,36,1734,0.416,0.51,0,3,0,43,2,24585,8807,137691,4,-50659,1.8466945893648807,0.3260783065414611
20,69522,613,1,3,66426,84,2611,0.277,0.451,0,0,0,1,1,4157,7301,50215,0,150983,0.9554535908979762,0.0625799750101615
38,125159,700,0,1,26843,48,4118,0.29,0.395,0,3,0,16,16,2990,15461,49762,11,589536,0.2144694790667945,0.1113842944419609
64,52917,698,2,1,55314,84,352,0.615,0.08,0,3,0,21,14,21975,15324,83266,5,183592,1.0452775993045844,0.3972701798788755
66,24770,834,0,1,19886,120,498,0.212,0.241,0,3,0,8,17,7414,951,29832,18,82893,0.8027935892777845,0.3728063559108965
39,39689,745,1,1,4064,36,1133,0.257,0.343,0,1,0,11,13,7926,10585,4030,6,145108,0.1023935500125976,1.9498154981549816
42,42199,624,0,1,40689,72,738,0.414,0.21,0,0,1,46,10,26129,1902,21239,4,48660,0.9641943127962084,0.6421479478987466
23,83105,594,1,1,101666,48,3733,0.364,0.539,0,1,0,38,4,7507,11512,138288,3,-72071,1.223329242172647,0.0738391021668781
66,61978,517,0,3,110701,120,1176,0.245,0.228,0,4,0,13,30,38485,421,162793,10,54878,1.7861049710385777,0.3476450289967661
35,115815,598,0,1,197736,36,2998,0.045,0.311,0,3,1,11,13,54024,10921,146833,5,52637,1.7073288664778614,0.2732113868421186
32,103397,624,0,4,223581,24,1545,0.092,0.179,0,1,0,19,8,74523,15446,99708,3,327309,2.1623338942726167,0.3333139519281516
42,87068,594,0,0,187702,120,861,0.342,0.119,0,0,0,46,9,44854,20755,122269,6,44424,2.1557844927586167,0.2389626164738976
23,51804,738,0,4,43918,48,2007,0.282,0.465,0,0,0,47,4,25762,11113,44042,3,223391,0.8477560081073255,0.5865798401602951
62,30904,566,1,3,67978,84,1120,0.418,0.435,0,4,0,32,14,9224,3918,43054,2,108364,2.199579356091248,0.1356889627679136
47,53883,642,0,4,113754,36,1630,0.289,0.363,0,3,0,47,23,44229,9382,119348,19,146333,2.111090490683691,0.3888092831084347
53,28288,765,0,1,51488,72,537,0.401,0.228,0,1,0,46,12,19365,5259,44756,24,52003,1.8200714058467955,0.3760997494610499
25,83020,713,1,1,58261,60,2767,0.184,0.4,0,1,1,18,4,68453,1778,31012,2,115937,0.7017622047433781,1.174916755346538
58,108026,643,1,1,52732,60,2987,0.193,0.332,0,2,1,3,31,60841,22515,71376,14,212112,0.488137224953021,1.153755712741547
44,46756,472,0,3,71341,12,457,0.275,0.117,0,1,0,5,14,4405,6674,85366,24,80986,1.5257822358149582,0.0617448347397045
43,87433,607,0,2,171339,72,2003,0.321,0.275,0,3,0,10,18,48864,6019,221081,18,10651,1.9596381270443992,0.2851873467958445
30,27345,586,0,3,26560,120,798,0.223,0.35,0,1,0,25,3,3182,2522,37799,7,33329,0.9712572222628538,0.1197997063363578
46,62089,544,0,4,105156,60,2222,0.101,0.429,0,0,0,47,14,55567,12486,60724,2,193158,1.6936060557255597,0.5284194109759692
31,185555,797,2,1,380408,48,8091,0.291,0.523,1,1,0,10,10,102290,35444,618866,9,-318070,2.0500980835974048,0.2688947948129513
45,86221,678,1,1,117947,24,2931,0.355,0.408,0,3,0,41,21,27474,9026,222404,2,215527,1.3679455359421029,0.2329331569844338
55,33446,822,0,1,53405,60,566,0.776,0.203,0,0,1,24,20,29283,3559,68349,15,58262,1.5967052351481448,0.5483091787439613
21,37199,692,0,1,34338,60,336,0.432,0.108,0,1,0,42,2,24774,2244,44045,2,21655,0.9230645161290324,0.721453740644748
30,72626,635,1,1,72667,36,1901,0.413,0.314,0,1,0,40,11,30528,15308,71698,12,280163,1.000550759359467,0.4201023834425056
60,62544,571,0,4,68294,48,1195,0.347,0.229,0,3,0,7,15,49645,3492,97216,5,31056,1.0919178191701977,0.7269199795006955
48,12427,704,1,3,24327,36,338,0.259,0.326,0,3,1,43,17,10688,811,46370,12,-6430,1.957434824589636,0.43932916803683
18,57962,509,2,1,80578,24,2193,0.196,0.454,1,3,0,17,0,22143,1999,54811,0,242854,1.3901626899918913,0.2747986448082006
55,400000,767,1,3,600000,12,5361,0.326,0.161,0,4,0,33,36,79584,114927,239143,4,856282,1.499996250009375,0.1326397789337017
33,41496,726,0,1,35036,84,1400,0.119,0.405,0,3,0,36,5,34715,5190,37893,14,31735,0.844301997734776,0.9908097154436738
46,61244,712,0,3,91515,48,319,0.183,0.063,0,0,0,4,20,5039,15166,66355,20,38613,1.494244428116581,0.055061410026662
37,99517,613,0,3,133955,84,4089,0.147,0.493,0,2,0,39,6,25744,23897,239060,17,-116380,1.3460379026909706,0.1921825076890919
35,70899,703,1,3,136140,84,1496,0.1,0.253,0,3,0,42,11,33880,6675,168688,10,32874,1.9201692524682648,0.248859638169251
64,61605,559,0,4,37762,36,1259,0.304,0.245,0,2,0,13,45,48795,13281,52789,8,73347,0.612959776645132,1.292137806847973
18,44630,644,0,2,45262,48,969,0.333,0.261,0,1,0,14,0,27120,6218,73931,0,146316,1.014138155093993,0.5991648808077238
53,24642,555,0,1,22140,36,610,0.556,0.297,0,1,1,8,29,13657,6101,36217,12,42932,0.8984295743213083,0.6168194751817895
18,134403,746,2,0,151159,24,3323,0.078,0.297,0,1,0,12,0,103864,4297,254933,0,169527,1.1246614684086784,0.6871129928552527
66,39158,576,0,3,27783,84,216,0.47,0.066,0,0,0,45,32,18660,1968,34644,16,121768,0.7094920707883245,0.6716095594586813
52,85845,688,0,3,94195,84,1652,0.382,0.231,0,1,0,14,13,51815,517,87251,20,295763,1.0972555506371875,0.5500764363667247
44,81624,734,0,4,65503,24,2946,0.341,0.433,0,1,0,11,11,4924,11428,129697,6,219164,0.8024869831546707,0.0751709819247679
55,84736,615,0,1,39571,120,722,0.267,0.102,0,3,0,24,13,35428,13650,27294,1,325769,0.4669860863613297,0.8952794905488729
41,86011,557,2,1,92178,84,494,0.372,0.069,0,2,0,43,6,21902,8501,121265,7,192961,1.0716876714876995,0.2376029247442476
61,84640,628,0,3,34616,60,561,0.685,0.08,0,3,0,16,29,75076,19859,40009,15,403922,0.4089743741212887,2.1687610133749318
63,34599,465,2,1,27105,12,691,0.119,0.24,0,0,1,8,18,11995,4821,35489,10,141938,0.7833815028901734,0.4425219508595883
19,37926,747,0,1,52937,48,832,0.296,0.263,0,3,0,22,0,10688,9163,51654,1,2599,1.3957602763202994,0.2018965582379387
59,68270,744,0,3,44071,72,2981,0.577,0.524,0,3,0,31,18,38643,8039,32992,22,332462,0.6455303130172401,0.8768152114721365
22,39830,615,0,0,43320,36,1511,0.262,0.455,0,3,1,38,2,7397,1822,81632,0,108556,1.08759508925209,0.1707485976778006
43,72928,658,1,1,7334,36,520,0.425,0.086,1,3,0,26,17,51373,8730,4446,4,358484,0.1005635618204006,7.003817314246762
67,49735,679,0,3,91891,12,562,0.178,0.136,0,1,1,20,20,786,7341,41156,4,89789,1.847575197040373,0.0085535193488007
22,38172,595,1,1,7846,36,207,0.802,0.065,0,2,0,37,2,26458,7569,3089,3,142193,0.2055379456684043,3.371734420797757
34,32831,513,0,4,63157,84,964,0.419,0.352,0,3,0,43,5,22614,2924,79616,14,76312,1.92364156920078,0.3580544032426612
63,69981,797,0,3,41107,60,1990,0.283,0.341,0,3,0,22,14,29159,15920,48954,10,190502,0.5873939012889029,0.7093266517466187
40,90368,742,0,1,139582,72,3812,0.243,0.506,1,4,0,35,13,47483,17503,127414,6,273590,1.5445783399174495,0.3401775287821583
43,71010,591,0,1,22883,60,1877,0.17,0.317,0,0,0,29,12,37008,6122,9279,4,245919,0.3222458492346256,1.6171997902464603
18,59927,613,2,0,41882,72,1379,0.051,0.276,0,1,0,14,0,48328,3029,69982,0,266578,0.6988719797089841,1.153881049590526
18,45730,679,1,0,82101,120,770,0.192,0.202,0,2,0,10,0,8024,9255,89537,0,52072,1.7953029673525618,0.0977320893522691
21,104017,631,0,4,131660,60,3431,0.095,0.396,0,0,0,16,2,72962,24814,130247,1,36958,1.26574246764983,0.5541656223179225
39,49779,850,0,4,91214,36,561,0.124,0.135,0,1,0,0,8,25421,8658,54790,17,71169,1.832342306147047,0.27869319739078
30,92499,769,2,1,95947,48,2832,0.552,0.367,0,3,0,4,11,56515,27727,45135,8,478081,1.0372648648648648,0.5890169675240755
21,61501,572,0,3,38361,24,2008,0.344,0.392,0,0,0,34,2,42024,17724,58225,0,91533,0.6237358134694807,1.095459048016266
26,21062,707,1,4,42487,48,602,0.136,0.343,0,3,0,23,2,8300,2524,24114,0,50241,2.017139059013436,0.195349275089437
23,41855,766,0,3,21573,72,874,0.267,0.251,0,0,0,23,4,1780,3107,22151,3,57033,0.5154099770642202,0.0825067210531195
28,15411,726,0,3,2553,60,324,0.284,0.252,0,1,0,8,9,11028,3116,1171,9,75765,0.1656501427459122,4.317932654659358
51,39688,759,0,0,46086,12,681,0.07,0.206,0,1,0,39,20,10153,10840,48257,7,70695,1.1611781601955202,0.2203007355653438
20,53680,623,1,1,78432,48,543,0.522,0.121,0,0,0,32,1,1167,10628,68429,0,134088,1.461075613345504,0.0148789412619688
20,64730,546,0,0,69158,120,1572,0.454,0.291,0,1,0,31,1,20130,9723,73885,1,212947,1.0683907246914153,0.2910684075825272
28,46392,811,1,3,31280,12,1030,0.418,0.266,0,1,0,43,3,27879,2559,62433,8,144174,0.6742396482227923,0.8912438860650235
50,53624,638,1,4,45512,36,1755,0.469,0.393,0,0,0,35,12,14212,4190,36071,18,103770,0.8487086247086247,0.3122624305143585
59,138721,721,0,4,234854,72,2308,0.318,0.2,0,2,0,1,14,61285,10809,268514,13,67360,1.6929830884791166,0.2609482446615997
57,48826,574,2,1,42439,72,234,0.426,0.058,0,0,0,26,25,627,7618,44226,14,91881,0.8691707456939808,0.0147737983034872
45,55027,779,0,3,69080,12,664,0.763,0.145,0,4,0,20,24,35049,236,45512,6,23872,1.2553609071745293,0.5073609241325401
51,44492,622,0,1,82789,48,1830,0.303,0.494,0,2,0,39,30,5213,7965,100020,21,74076,1.8607196637673344,0.0629665418528807
60,60403,792,0,4,105679,120,1236,0.39,0.246,0,1,0,12,16,34615,9894,114687,0,-18781,1.7495364545394343,0.3275454201362604
59,36896,709,0,1,33406,12,331,0.307,0.108,0,2,0,3,40,31777,8514,33624,22,53530,0.9053852616743908,0.951207830694166
18,31125,612,0,4,14373,24,294,0.065,0.113,0,3,0,28,0,1129,7565,16914,0,60301,0.4617682966009124,0.0785445944065674
60,58634,710,1,1,30934,72,2131,0.396,0.436,0,0,0,27,18,7450,14657,20501,13,94465,0.5275688581905006,0.2408275416195248
39,138185,615,1,3,174430,48,1217,0.639,0.106,0,3,0,7,12,59573,470,94539,21,362552,1.262284167715977,0.3415275954388841
43,14064,433,1,3,5603,24,403,0.222,0.344,0,1,0,7,16,11363,4002,8960,23,16311,0.3983647351581941,2.0276588151320487
69,27947,516,0,3,21377,36,707,0.642,0.304,1,4,0,19,16,21104,7572,12086,18,40355,0.7648847860312008,0.9871830854149124
52,41219,551,0,1,73391,72,1589,0.39,0.463,0,1,0,22,16,20332,3790,24383,19,40638,1.780470645317807,0.27703291911925
30,48602,563,0,0,39404,72,982,0.296,0.242,0,0,1,7,10,7363,6122,57150,8,54168,0.8107318478283233,0.1868544600938967
22,56764,610,2,3,22330,24,393,0.314,0.083,0,0,0,15,3,36614,2681,34914,0,170912,0.3933762001233154,1.6396041377457349
64,46549,717,0,3,54270,12,1766,0.266,0.455,0,2,0,7,38,39813,106,23101,9,109632,1.165843179377014,0.7335962116047244
40,131462,556,0,3,75271,72,3709,0.191,0.339,0,1,0,0,17,77483,22646,90050,16,388891,0.5725641435232727,1.029373472207461
21,44921,668,1,0,78327,24,896,0.385,0.239,0,1,0,33,1,4374,4541,139875,0,6133,1.7436222786162685,0.0558420998876519
62,58276,646,1,3,36338,12,648,0.506,0.133,0,2,0,25,35,42501,6216,53519,19,168848,0.6235393036704017,1.1695698835961363
59,63529,589,0,1,33689,36,1424,0.314,0.269,0,3,1,1,16,33010,3025,45449,17,200593,0.5302849047694003,0.9798159691303058
48,34003,652,0,3,9218,24,384,0.252,0.136,0,1,0,46,15,6000,2963,6799,22,127285,0.2710857546171039,0.6508298080052066
54,35739,630,0,0,46163,24,1307,0.286,0.439,0,1,0,4,12,30751,7474,71148,4,55660,1.291634023503078,0.6661251191404558
42,66907,590,0,3,134069,12,1936,0.234,0.347,0,1,1,40,17,7771,99,251905,19,-123519,2.0037813116518204,0.0579622585216677
28,39414,665,1,1,22252,120,591,0.39,0.18,0,1,0,47,3,9800,4655,16522,7,56150,0.5645566408727641,0.4403900597672224
62,27763,611,0,3,4379,24,406,0.4,0.175,0,1,1,13,42,21149,8279,6512,23,116263,0.1577222302261922,4.828538812785388
71,44195,600,0,1,35100,84,573,0.161,0.156,0,0,0,23,21,30865,6651,31139,2,74485,0.7941895194135216,0.8793196775020655
41,112891,647,1,4,22630,84,2054,0.229,0.218,0,1,0,24,7,832,28193,7864,16,430854,0.2004570740176451,0.0367637311652158
67,51694,754,2,0,88310,12,1666,0.368,0.387,0,4,0,12,32,42556,3575,136201,22,123406,1.7082890028049134,0.4818878735378378
71,99717,614,0,3,108657,72,580,0.226,0.07,0,2,0,38,28,86125,12051,147145,19,337965,1.0896427926753445,0.7926245651493677
49,84780,494,0,3,13060,120,3856,0.224,0.546,0,2,0,7,13,45750,1471,24403,17,358193,0.1540439485262028,3.502794579281832
42,62200,609,0,3,125529,24,1835,0.354,0.354,0,0,1,41,20,17604,15454,191758,24,106598,2.0181186797639907,0.1402373934517645
19,56079,769,2,0,48636,48,509,0.022,0.109,0,3,0,24,0,7679,5831,48638,0,94646,0.8672610556348074,0.1578839155375537
39,28036,595,0,2,53457,72,432,0.2,0.185,0,1,1,31,8,21568,6611,105718,2,-9848,1.9066590576737883,0.4034569194507837
28,56753,598,0,1,26541,84,570,0.27,0.121,0,0,0,38,6,49809,309,35533,10,146736,0.4676498572787821,1.8766106548112425
67,27018,656,0,2,43516,36,824,0.206,0.366,0,3,0,17,44,21092,1894,36710,5,38609,1.610570339390799,0.4846841464255348
75,101795,585,1,4,218485,72,1218,0.236,0.144,0,1,0,3,48,43409,2083,374554,6,-1017,2.1463024087390465,0.1986809223474273
62,45065,619,0,4,96957,48,872,0.12,0.232,0,3,0,11,15,24880,8059,149051,0,83319,2.151444547996272,0.2566059530930918
63,33253,600,0,1,67264,36,1047,0.133,0.378,0,3,1,35,41,5842,3213,87212,12,-26599,2.0227341071750766,0.0868505166133947
29,41342,626,0,1,26622,72,197,0.265,0.057,0,3,0,15,3,6909,11098,36929,2,85372,0.643930048617662,0.2595124516395597
24,34117,720,0,4,15457,120,167,0.136,0.059,0,3,0,21,3,18827,738,16687,2,78714,0.4530453133243449,1.2179454004399015
42,308132,605,0,1,170422,24,13565,0.296,0.528,0,1,0,42,12,139271,83526,188989,8,1070754,0.5530793520979577,0.817207771251533
71,84127,701,0,4,84335,12,3290,0.45,0.469,0,1,0,35,32,2608,14206,97495,6,-35305,1.0024605363255992,0.0309239233542022
66,61429,628,0,0,34218,84,1595,0.113,0.312,0,2,0,17,41,28897,9415,35918,22,259004,0.5570242552498779,0.8444723691516409
27,98128,639,0,0,171254,48,4468,0.245,0.546,0,1,0,34,6,75836,12900,166553,9,283375,1.7451925526602736,0.4428250270065108
38,39604,670,0,3,63512,120,1330,0.334,0.403,0,2,0,16,9,22539,10372,103796,16,-3076,1.6036359045575053,0.3548722308818667
47,72171,675,0,0,134952,12,683,0.07,0.114,0,3,0,16,27,63382,7471,110004,8,317088,1.8698664301945356,0.469659807488533
48,76620,850,2,1,133161,72,3363,0.147,0.527,0,3,0,42,19,36551,7967,78061,7,140426,1.7379178032132183,0.2744852134993467
56,64218,707,2,0,76057,72,2693,0.455,0.503,0,2,0,31,28,27215,13976,82691,2,210177,1.1843379685139912,0.3578190328433563
74,47988,621,1,3,90222,36,905,0.078,0.226,0,0,0,2,44,15802,2954,67115,2,51496,1.8800558461314048,0.1751438103366104
75,59108,592,0,4,76067,48,2455,0.453,0.498,0,0,0,48,35,36898,5912,80809,11,249496,1.2868937048503613,0.4850659935846874
72,33857,692,0,2,50645,120,1489,0.424,0.528,0,0,0,11,28,3217,225,68820,21,54482,1.495806013349873,0.0635193302531295
73,59355,767,0,3,50268,12,357,0.244,0.072,0,3,0,1,20,35685,10176,53950,24,174284,0.84688995215311,0.7098808410750164
38,61371,666,0,1,51718,24,744,0.397,0.145,0,0,0,27,19,30727,3663,23414,2,160097,0.8426969953724825,0.5941143486919701
57,75068,673,0,1,86244,24,2163,0.058,0.346,0,1,0,13,17,12922,10778,91441,19,242460,1.148863045997682,0.149828975592788
53,54907,763,0,3,119061,12,1875,0.193,0.41,0,1,0,28,14,14946,7571,207331,6,14857,2.168372550448022,0.1255312358267121
37,78125,814,0,0,33458,72,836,0.464,0.128,0,2,0,6,13,39853,12574,64547,18,117261,0.4282569183114456,1.1910995546788608
24,25986,840,0,0,25378,72,514,0.141,0.237,0,3,0,33,5,9273,7413,20052,4,16664,0.9765652056797628,0.3653808266677174
54,12943,642,0,1,6216,36,190,0.642,0.176,0,2,0,21,19,8773,3573,5472,1,32634,0.4802224969097651,1.4111307704680711
26,68087,766,0,1,24381,48,2436,0.046,0.429,0,1,0,19,4,23382,7522,11595,7,305764,0.3580807190694395,0.9589861373144124
23,73420,540,0,2,107770,120,1317,0.223,0.215,0,0,0,16,4,57693,16589,167407,2,196414,1.4678361776603424,0.5353295413422906
49,38323,554,0,4,26447,120,1177,0.377,0.369,0,1,1,30,20,34463,2283,8491,4,171786,0.6900897609852834,1.303047489413188
60,43325,575,0,1,16536,84,394,0.078,0.109,0,4,1,43,31,19175,8143,28352,9,36068,0.3816645893920509,1.1595210739553727
61,116472,650,1,4,240605,84,1905,0.599,0.196,0,2,0,23,24,81401,13530,380149,13,77634,2.0657577292591416,0.3383165839588373
51,70194,595,2,1,82371,84,2084,0.24,0.356,0,1,0,43,12,14240,3164,54596,24,163925,1.1734596481230857,0.1728742776671684
73,41799,679,0,4,64946,36,684,0.29,0.196,0,1,1,27,20,17387,6916,66333,17,-8594,1.553732057416268,0.2677105947926771
60,65038,581,0,4,104868,12,2339,0.441,0.432,0,0,0,13,36,35004,3329,87698,2,45142,1.612386414305263,0.3337878686742507
39,68807,637,2,1,107402,24,1520,0.334,0.265,0,0,0,14,16,46432,20487,152135,15,61632,1.560894082083479,0.4323156708844259
35,34193,609,0,1,50796,120,280,0.62,0.098,0,3,0,22,9,21863,7680,91650,12,-5410,1.4855237761010704,0.4303994330373841
45,35728,761,0,1,38497,120,256,0.261,0.086,0,1,1,20,15,24536,1503,29514,8,114467,1.077472081502421,0.6373318094446465
59,77936,723,0,3,38722,24,2856,0.25,0.44,0,3,0,24,36,37461,10165,62179,19,203031,0.4968371890116376,0.9674095498799165
51,45860,694,0,1,32745,84,1502,0.05,0.393,0,3,0,17,25,6409,4548,36935,9,130018,0.7140053640348009,0.1957185610456239
63,59290,470,2,1,50592,24,1477,0.202,0.299,0,0,1,37,29,18137,13375,18461,13,68770,0.8532829603143816,0.3584883284248809
31,21106,605,0,1,38330,36,910,0.338,0.517,0,4,0,45,6,3617,2205,71203,7,15011,1.8159852181740652,0.0943622655292061
67,43298,549,2,0,30458,48,1672,0.378,0.463,0,0,0,29,26,21796,8770,41770,24,94284,0.7034342594517194,0.7155848845989691
44,87761,566,0,4,188001,72,1278,0.384,0.175,0,3,0,8,17,78158,13265,136855,20,343979,2.142168592329254,0.4157296198976606
50,143128,766,1,2,292252,36,5723,0.37,0.48,0,3,0,13,17,26873,25617,206029,8,331199,2.041878305584473,0.0919511519128973
39,140907,573,0,1,167718,24,4421,0.288,0.377,1,0,0,15,17,60756,3124,104261,21,142902,1.190265989156045,0.3622487613210191
19,81198,694,1,1,149817,48,436,0.219,0.064,0,0,0,22,0,23053,22228,61070,0,252817,1.845059668222515,0.1538733663511727
71,78147,750,0,0,97571,36,2780,0.223,0.427,0,0,0,44,23,19822,1957,46709,14,38449,1.2485412294620464,0.2031525437625548
50,54157,766,0,3,32571,24,1869,0.404,0.414,0,1,0,41,15,15074,1895,10819,1,109493,0.6014069943498652,0.4627901264890089
69,69455,769,1,0,25656,36,2245,0.762,0.388,0,1,1,17,18,35794,6891,16401,19,369291,0.3693849343469246,1.395096854659547
73,71844,684,0,1,124168,24,2741,0.372,0.458,0,2,1,5,21,13440,5984,218807,18,137011,1.7282761500452364,0.1082395767059411
45,62913,544,0,1,60202,72,1328,0.602,0.253,0,1,0,39,18,43385,1267,111798,9,-26282,0.956893537209524,0.7206451505738917
18,42839,657,0,1,31529,120,1165,0.608,0.326,0,3,0,38,0,18867,12679,49337,0,164655,0.7359710550887022,0.5983824928639391
33,88714,558,0,1,141168,60,2556,0.267,0.346,0,3,0,1,14,1437,16475,90538,8,137366,1.591252888463056,0.0101792886540246
58,59951,607,0,3,10037,72,2383,0.018,0.477,0,0,0,35,12,31812,3211,13707,19,223596,0.1674172671470509,3.169157202630006
50,56110,693,0,0,70625,60,857,0.165,0.183,0,1,0,19,27,17226,12810,121933,21,-14889,1.2586658587442747,0.2439045110865687
24,57326,628,0,1,118090,120,451,0.058,0.094,0,1,0,2,1,5127,7455,41897,5,146225,2.0599368534896296,0.0434156709656112
59,50589,663,0,3,35182,72,2193,0.032,0.52,0,1,0,42,35,12163,1662,32539,10,151282,0.695433880213481,0.3457067333655458
64,23012,774,0,3,24157,72,375,0.094,0.196,0,3,0,23,31,15517,2072,37585,10,852,1.049711032894451,0.642313105389519
24,30091,518,1,3,3742,36,199,0.242,0.079,0,0,0,46,3,9220,3158,7025,2,154976,0.1243519872391333,2.463264760886989
72,39941,602,0,1,49542,24,586,0.089,0.176,0,0,1,18,35,5882,2316,79689,10,63845,1.2403485053327326,0.1187251478513614
29,57764,720,1,1,82051,12,2516,0.4,0.523,0,0,0,4,4,31100,9081,31501,5,263911,1.4204275945641824,0.3790279335055818
61,46553,717,0,3,75229,24,700,0.103,0.18,0,1,1,26,28,3391,12356,137102,24,97384,1.6159513683034756,0.0450751030174132
49,57609,627,1,0,39004,24,575,0.28,0.12,0,1,0,12,24,44879,9514,55907,23,143606,0.6770352369380316,1.150596077425971
69,69238,554,2,3,80114,72,727,0.35,0.126,0,0,0,42,30,11305,15568,132945,9,189666,1.1570646600904115,0.1411096548711227
66,66189,623,0,3,93804,24,3007,0.242,0.545,0,0,1,38,46,3186,12513,79684,0,77923,1.4171929294455357,0.0339640744096796
44,142882,783,2,1,172742,84,6298,0.26,0.529,0,2,0,46,18,128035,1558,109119,21,299258,1.2089751754932356,0.7411877760603903
69,28046,669,0,1,19906,24,782,0.75,0.335,0,3,1,30,45,7504,2092,9087,23,96330,0.709737226797875,0.376952830662581
29,68033,760,0,3,54221,60,3063,0.452,0.54,0,2,1,11,8,48546,7419,62736,10,216490,0.7969691624775848,0.8953192431116521
59,33396,714,0,1,10408,84,1225,0.243,0.44,0,1,0,5,30,9126,9796,11307,22,101663,0.3116447585112435,0.8767412815832453
53,43758,641,0,3,16678,72,737,0.502,0.202,0,1,0,23,13,234,6130,14665,7,185331,0.3811330240636212,0.0140296180826188
69,74892,693,0,2,86196,84,488,0.263,0.078,0,2,0,6,32,6131,13277,30468,15,212214,1.1509219820276928,0.0711277654674756
34,40325,793,0,0,86705,120,608,0.347,0.181,0,4,0,31,7,32381,309,90101,4,15932,2.150101671378267,0.3734574308583028
62,45711,494,0,3,24954,12,1797,0.391,0.472,0,3,0,48,21,6314,855,31969,11,70958,0.5458960448022401,0.253015427769986
32,93358,608,1,0,183370,36,3306,0.284,0.425,0,1,0,22,8,41444,12315,146004,11,359830,1.9641384333593976,0.2260117466775008
51,101644,762,0,3,67691,84,1016,0.571,0.12,0,0,0,13,26,76164,24728,75550,14,287791,0.665955039598603,1.125155114341429
48,56782,770,1,1,27320,12,553,0.346,0.117,0,3,0,13,24,50920,9288,38753,4,138976,0.4811299156437666,1.8637677976648
67,175036,599,0,3,226979,12,1551,0.259,0.106,0,1,0,6,32,87784,4109,145214,3,405014,1.296748687420374,0.386747731077628
68,68675,710,0,3,79813,12,1969,0.269,0.344,0,0,0,21,35,21173,4133,47031,8,194842,1.1621672782340264,0.2652792743127772
25,38339,685,1,0,61123,120,578,0.237,0.181,0,4,0,29,4,9925,6844,77863,2,6730,1.5942357850808555,0.1623748445782344
39,37884,673,0,3,6273,24,431,0.175,0.137,0,3,0,12,9,1727,7100,3652,20,136419,0.1655800448726408,0.2752629901179471
35,35484,621,1,4,36949,120,1237,0.367,0.418,0,4,0,16,14,22949,1753,14663,7,124616,1.0412568690996196,0.6210825439783492
39,69153,712,0,0,45276,36,1623,0.358,0.282,1,3,0,8,10,35303,10757,85972,15,131148,0.6547126702721462,0.7797115533272965
74,97801,718,0,0,99908,36,3916,0.434,0.48,0,0,0,8,55,38552,19273,34280,1,413054,1.0215333019774646,0.3858711427398933
29,50298,655,0,1,38501,48,1201,0.268,0.287,0,1,0,19,6,33038,4530,50830,8,64937,0.765442652935446,0.8580852942704275
38,65598,700,0,4,38457,36,2807,0.364,0.513,0,3,1,43,10,49359,12542,64364,15,53645,0.5862436927392186,1.2834520775911384
18,86103,591,1,1,140258,36,2893,0.184,0.403,0,3,0,32,0,42827,20567,134878,0,161909,1.6289370993217505,0.3053422596767409
25,41735,699,0,0,11176,12,455,0.405,0.131,0,0,0,5,4,18548,7401,11308,3,158504,0.2677784167145869,1.6594792878232083
30,36325,620,2,1,12911,60,375,0.095,0.124,0,2,0,8,7,26653,7046,20151,12,118883,0.3554203600726752,2.0642038413878563
58,46050,737,1,2,65044,120,641,0.396,0.167,0,4,0,10,28,17112,9409,45314,21,4579,1.4124340405202926,0.263079406564686
68,36647,695,0,3,66450,84,1035,0.449,0.339,0,0,0,29,25,235,9445,33080,21,130016,1.8131958087753768,0.0035364403846443
50,39203,847,0,1,34996,120,1605,0.208,0.491,0,2,0,35,31,23298,5011,54738,14,36313,0.8926640138761351,0.665714204074635
61,56265,668,0,1,116899,84,2275,0.28,0.485,0,2,0,9,31,38202,15599,122206,4,21729,2.077613478832688,0.326792130025663
19,44725,756,0,1,62446,72,365,0.081,0.098,0,3,0,23,0,25948,3757,104378,0,-36364,1.3961901354916604,0.4155203612663539
22,60201,636,1,1,31211,120,798,0.117,0.159,1,2,1,21,2,38655,10520,32346,1,91548,0.5184379256503107,1.238465974625144
33,89263,775,2,1,157256,120,1118,0.49,0.15,0,2,0,11,9,8737,12484,311370,14,129131,1.7616956443807137,0.0555587350642578
69,21375,547,0,4,40322,84,349,0.211,0.196,0,3,0,1,35,16711,3385,45335,11,64626,1.886321107784431,0.4144284899437045
66,33275,601,0,0,61768,120,520,0.294,0.188,0,2,0,37,42,5563,4871,97336,16,47203,1.85623272027888,0.0900613576389451
73,22979,568,1,0,16440,60,859,0.168,0.449,0,0,0,31,22,16798,6549,9324,23,74795,0.7154046997389034,1.0217140076637674
38,17386,608,0,3,34087,36,203,0.047,0.14,0,2,0,44,9,2134,2949,53206,18,16350,1.960487720710876,0.0626026754283032
49,66298,813,0,4,116385,120,1367,0.128,0.247,1,1,0,46,17,51528,9808,97089,0,27927,1.7554563417246112,0.4427336621243105
41,233030,698,0,0,411967,84,7570,0.285,0.39,0,0,0,30,9,175927,40874,416988,8,146864,1.7678635031390673,0.4270404497436694
51,54884,547,1,3,7136,48,1356,0.478,0.296,0,4,0,22,15,20573,12735,13459,12,285681,0.130017308918648,2.8825837186492924
47,34360,686,0,3,44529,36,1549,0.177,0.541,0,4,0,21,21,5420,1314,71743,6,-27259,1.2959168825121503,0.1217156972827307
75,95166,593,1,0,82139,24,1631,0.669,0.206,0,0,0,14,45,32742,14817,29773,8,73864,0.8631038069919195,0.3986121256391526
48,45791,728,0,2,65276,36,378,0.131,0.099,0,1,0,32,26,17832,10415,39899,23,35224,1.4254891684136968,0.2731743186727331
18,231382,733,1,1,48538,24,1117,0.191,0.058,0,1,0,25,0,153534,46956,33456,0,616122,0.2097734059978477,3.163105956035353
47,70177,616,0,3,65472,120,1826,0.263,0.312,0,2,0,5,18,49940,12327,120048,5,161835,0.932941947618912,0.7627571670765049
37,31478,673,0,4,12722,60,678,0.294,0.258,0,1,0,11,5,24485,2398,17530,5,94119,0.4041424441691286,1.9244674998035052
34,25062,689,0,0,32141,36,1044,0.101,0.5,0,1,0,8,13,20882,1997,23493,10,113970,1.2824083310058652,0.6496795470101425
19,66301,585,0,1,21221,72,2052,0.499,0.371,0,1,0,33,0,5446,1481,28986,0,197275,0.3200657597055896,0.256620488172651
72,37486,743,0,1,10662,24,1082,0.244,0.346,0,1,0,47,17,553,3020,8164,19,162917,0.2844185984474618,0.0518615774172371
71,72413,793,0,3,86267,120,1096,0.355,0.182,0,1,0,34,20,23815,13552,136648,10,156455,1.1913027867539423,0.2760583298557982
22,63608,660,1,3,108874,48,608,0.22,0.115,1,0,1,0,3,53523,18222,164874,0,158762,1.7116131365058405,0.4916004592422502
36,72967,731,1,3,102570,48,1925,0.221,0.317,1,1,0,11,14,43892,6706,40744,14,298149,1.405684683696963,0.4279182224995369
47,59529,715,0,3,55931,48,964,0.374,0.194,0,2,0,13,18,642,6357,106950,24,6610,0.939543087518898,0.0114782235571765
23,54369,730,1,1,82952,72,349,0.192,0.077,0,0,0,39,4,38080,12135,69240,1,13009,1.5256943167187786,0.4590551276023772
26,59859,778,0,3,13388,120,2230,0.084,0.447,0,1,1,30,6,27470,9790,14263,4,157188,0.2236551954560641,2.051684218388229
28,51828,573,0,1,95217,12,1357,0.17,0.314,0,2,0,39,9,28609,5302,167788,6,86973,1.8371375098882865,0.300457896616186
23,41044,650,1,3,66009,60,1391,0.334,0.407,0,2,0,2,4,36186,7307,58018,3,13938,1.6082105006699965,0.548189668232086
